STATE,ST_CASE,VEH_NO,VE_FORMS,NUMOCCS,DAY,MONTH,HOUR,MINUTE,HARM_EV,MAN_COLL,UNITTYPE,HIT_RUN,REG_STAT,OWNER,MAKE,MODEL,MAK_MOD,BODY_TYP,MOD_YEAR,VIN,VIN_1,VIN_2,VIN_3,VIN_4,VIN_5,VIN_6,VIN_7,VIN_8,VIN_9,VIN_10,VIN_11,VIN_12,TOW_VEH,VINTYPE,VINMAKE,VINA_MOD,VIN_BT,VINMODYR,VIN_LNGT,VIN_WGT,WGTCD_TR,WHLBS_LG,WHLBS_SH,SER_TR,FUELCODE,MCYCL_DS,CARBUR,CYLINDER,DISPLACE,MCYCL_CY,MCYCL_WT,TIRE_SZE,TON_RAT,TRK_WT,TRKWTVAR,VIN_REST,WHLDRWHL,J_KNIFE,MCARR_I1,MCARR_I2,MCARR_ID,GVWR,V_CONFIG,CARGO_BT,HAZ_INV,HAZ_PLAC,HAZ_ID,HAZ_CNO,HAZ_REL,BUS_USE,SPEC_USE,EMER_USE,TRAV_SP,UNDERIDE,ROLLOVER,ROLINLOC,IMPACT1,DEFORMED,TOWED,M_HARM,VEH_SC1,VEH_SC2,FIRE_EXP,DR_PRES,L_STATE,DR_ZIP,L_STATUS,L_TYPE,CDL_STAT,L_ENDORS,L_COMPL,L_RESTRI,DR_HGT,DR_WGT,PREV_ACC,PREV_SUS,PREV_DWI,PREV_SPD,PREV_OTH,FIRST_MO,FIRST_YR,LAST_MO,LAST_YR,SPEEDREL,DR_SF1,DR_SF2,DR_SF3,DR_SF4,VTRAFWAY,VNUM_LAN,VSPD_LIM,VALIGN,VPROFILE,VPAVETYP,VSURCOND,VTRAFCON,VTCONT_F,P_CRASH1,P_CRASH2,P_CRASH3,PCRASH4,PCRASH5,ACC_TYPE,DEATHS,DR_DRINK
1.0,10046.0,1.0,2.0,1.0,28.0,1.0,6.0,25.0,12.0,6.0,1.0,0.0,1.0,1.0,35.0,39.0,35039.0,4.0,2007.0,1N4BA41E47C8,1,N,4,B,A,4,1,E,4,7,C,8,0.0,P,NISS,MEL,4D,7.0,17.0,3474.0,nan,0.0,1112.0,,G,nan,F,6,214,,,18R245,,,,,,0.0,0.0,000000000,00000000000,0.0,0.0,0.0,1.0,0.0,0.0,0.0,0.0,0.0,0.0,0.0,45.0,0.0,0.0,0.0,12.0,6.0,2.0,12.0,0.0,0.0,0.0,1.0,1.0,36575.0,6.0,1.0,0.0,0.0,3.0,0.0,61.0,110.0,0.0,0.0,0.0,0.0,0.0,0.0,0.0,0.0,0.0,0.0,28.0,0.0,0.0,0.0,1.0,2.0,45.0,1.0,1.0,2.0,1.0,0.0,0.0,1.0,10.0,1.0,1.0,2.0,64.0,1.0,0.0
1.0,10046.0,2.0,2.0,1.0,28.0,1.0,6.0,25.0,12.0,6.0,1.0,0.0,1.0,3.0,86.0,882.0,86882.0,63.0,2007.0,1M2K189CX7M0,1,M,2,K,1,8,9,C,X,7,M,0,0.0,T,MACK,MR6,TB,7.0,17.0,nan,8.0,0.0,0.0,600,D,nan,,6,728,,,,,00000,00,,64,0.0,57.0,1630105,571630105,3.0,2.0,7.0,1.0,0.0,0.0,0.0,0.0,0.0,0.0,0.0,25.0,0.0,0.0,0.0,10.0,6.0,2.0,12.0,0.0,0.0,0.0,1.0,1.0,36575.0,6.0,1.0,6.0,0.0,3.0,1.0,70.0,220.0,0.0,0.0,0.0,0.0,0.0,0.0,0.0,0.0,0.0,0.0,89.0,0.0,0.0,0.0,1.0,2.0,45.0,1.0,1.0,2.0,1.0,0.0,0.0,1.0,62.0,1.0,1.0,1.0,65.0,0.0,0.0
1.0,10047.0,1.0,1.0,1.0,28.0,1.0,15.0,20.0,35.0,0.0,1.0,0.0,1.0,1.0,12.0,481.0,12481.0,31.0,2009.0,1FTSW21R59EA,1,F,T,S,W,2,1,R,5,9,E,A,0.0,T,FORD,F2S,CW,9.0,17.0,nan,2.0,1720.0,1560.0,SRW,D,nan,,8,390,,,,B,6523,01,E,44,0.0,0.0,000000000,00000000000,0.0,0.0,0.0,1.0,0.0,0.0,0.0,0.0,0.0,0.0,0.0,70.0,0.0,1.0,5.0,12.0,6.0,2.0,1.0,0.0,0.0,0.0,1.0,1.0,35453.0,6.0,1.0,0.0,0.0,3.0,0.0,69.0,245.0,0.0,0.0,0.0,0.0,0.0,0.0,0.0,0.0,0.0,1.0,0.0,0.0,0.0,0.0,1.0,2.0,45.0,3.0,6.0,2.0,1.0,0.0,0.0,14.0,13.0,6.0,1.0,4.0,6.0,1.0,1.0
1.0,10048.0,1.0,1.0,1.0,28.0,1.0,1.0,50.0,42.0,0.0,1.0,0.0,1.0,1.0,35.0,49.0,35049.0,6.0,2007.0,JN8AZ08T27W5,J,N,8,A,Z,0,8,T,2,7,W,5,0.0,P,NISS,MUR,UT,7.0,17.0,3723.0,nan,0.0,1112.0,,G,nan,F,6,213,,,000000,,,,,,0.0,0.0,000000000,00000000000,0.0,0.0,0.0,1.0,0.0,0.0,0.0,0.0,0.0,0.0,0.0,60.0,0.0,0.0,0.0,12.0,6.0,2.0,42.0,0.0,0.0,0.0,1.0,1.0,36274.0,6.0,1.0,0.0,0.0,3.0,0.0,68.0,138.0,0.0,0.0,0.0,0.0,0.0,0.0,0.0,0.0,0.0,1.0,58.0,0.0,0.0,0.0,1.0,2.0,45.0,2.0,6.0,2.0,1.0,0.0,0.0,14.0,13.0,7.0,1.0,4.0,1.0,1.0,1.0
1.0,10049.0,1.0,1.0,1.0,18.0,1.0,4.0,30.0,42.0,0.0,1.0,0.0,1.0,1.0,45.0,31.0,45031.0,1.0,1999.0,WP0CA2993XS6,W,P,0,C,A,2,9,9,3,X,S,6,0.0,P,PORS,9/4,CV,99.0,17.0,2955.0,nan,0.0,926.0,,G,nan,F,6,207,,,17R205,,,,,,0.0,0.0,000000000,00000000000,0.0,0.0,0.0,1.0,0.0,0.0,0.0,0.0,0.0,0.0,0.0,100.0,0.0,0.0,0.0,9.0,6.0,2.0,42.0,0.0,0.0,0.0,1.0,1.0,36609.0,6.0,1.0,0.0,0.0,3.0,0.0,75.0,200.0,0.0,0.0,0.0,0.0,0.0,0.0,0.0,0.0,0.0,1.0,0.0,0.0,0.0,0.0,1.0,2.0,40.0,3.0,5.0,2.0,1.0,0.0,0.0,14.0,6.0,7.0,1.0,4.0,1.0,1.0,1.0
1.0,10050.0,1.0,2.0,1.0,25.0,1.0,20.0,40.0,12.0,6.0,1.0,0.0,1.0,1.0,12.0,481.0,12481.0,31.0,2004.0,1FTPX12524NB,1,F,T,P,X,1,2,5,2,4,N,B,0.0,T,FORD,F15,4C,4.0,17.0,nan,2.0,1450.0,1260.0,COF,G,nan,,8,330,,,,B,5170,00,U,42,0.0,0.0,000000000,00000000000,0.0,0.0,0.0,1.0,0.0,0.0,0.0,0.0,0.0,0.0,0.0,15.0,0.0,0.0,0.0,3.0,4.0,3.0,12.0,0.0,0.0,0.0,1.0,1.0,36303.0,6.0,1.0,0.0,0.0,3.0,0.0,70.0,200.0,0.0,0.0,0.0,0.0,0.0,0.0,0.0,0.0,0.0,0.0,89.0,38.0,0.0,0.0,5.0,4.0,40.0,1.0,1.0,2.0,1.0,0.0,0.0,11.0,15.0,1.0,1.0,1.0,68.0,0.0,0.0
1.0,10050.0,2.0,2.0,1.0,25.0,1.0,20.0,40.0,12.0,6.0,1.0,0.0,13.0,1.0,76.0,706.0,76706.0,80.0,2003.0,JYAVP02E43A0,J,Y,A,V,P,0,2,E,4,3,A,0,0.0,M,YAMA,X1A,RS,3.0,17.0,nan,nan,nan,nan,,,1602.0,,2,,4,677,,,,,,,0.0,0.0,000000000,00000000000,0.0,0.0,0.0,1.0,0.0,0.0,0.0,0.0,0.0,0.0,0.0,35.0,0.0,0.0,0.0,12.0,6.0,2.0,12.0,0.0,0.0,0.0,1.0,13.0,36305.0,6.0,1.0,0.0,0.0,3.0,0.0,71.0,162.0,98.0,0.0,0.0,0.0,0.0,0.0,0.0,0.0,0.0,0.0,0.0,0.0,0.0,0.0,5.0,4.0,40.0,1.0,1.0,2.0,1.0,0.0,0.0,1.0,62.0,3.0,1.0,1.0,69.0,1.0,0.0
1.0,10051.0,1.0,1.0,1.0,30.0,1.0,14.0,36.0,42.0,0.0,1.0,0.0,1.0,1.0,7.0,481.0,7481.0,31.0,1978.0,D14AB8S22869,D,1,4,A,B,8,S,2,2,8,6,9,0.0,T,DODG,D10,PK,78.0,13.0,nan,1.0,1490.0,1150.0,D10,G,nan,,6,225,,,,B,3390,03,,42,0.0,0.0,000000000,00000000000,0.0,0.0,0.0,1.0,0.0,0.0,0.0,0.0,0.0,0.0,0.0,65.0,0.0,0.0,0.0,12.0,6.0,2.0,42.0,0.0,0.0,0.0,1.0,1.0,35951.0,6.0,1.0,0.0,0.0,3.0,0.0,72.0,150.0,0.0,0.0,0.0,0.0,0.0,0.0,0.0,0.0,0.0,1.0,0.0,0.0,0.0,0.0,1.0,2.0,45.0,3.0,5.0,2.0,1.0,0.0,0.0,14.0,13.0,6.0,1.0,4.0,6.0,1.0,1.0
1.0,10052.0,1.0,1.0,1.0,30.0,1.0,8.0,44.0,33.0,0.0,1.0,0.0,1.0,2.0,49.0,471.0,49471.0,30.0,1990.0,JT4RN82D7L50,J,T,4,R,N,8,2,D,7,L,5,0,0.0,T,TOYT,LWD,PK,90.0,17.0,nan,1.0,0.0,1122.0,HTP,G,nan,,4,144,,,,B,00000,00,A,42,0.0,0.0,000000000,00000000000,0.0,0.0,0.0,1.0,0.0,0.0,0.0,0.0,0.0,0.0,0.0,45.0,0.0,1.0,5.0,12.0,6.0,2.0,59.0,0.0,0.0,0.0,1.0,1.0,36860.0,6.0,1.0,0.0,0.0,3.0,0.0,70.0,155.0,0.0,0.0,0.0,0.0,0.0,0.0,0.0,0.0,0.0,0.0,0.0,0.0,0.0,0.0,2.0,2.0,55.0,1.0,6.0,2.0,1.0,0.0,0.0,1.0,13.0,1.0,1.0,4.0,1.0,1.0,1.0
1.0,10053.0,1.0,1.0,3.0,31.0,1.0,17.0,42.0,9.0,0.0,1.0,0.0,1.0,1.0,2.0,404.0,2404.0,14.0,2003.0,1J4GX48S23C6,1,J,4,G,X,4,8,S,2,3,C,6,0.0,T,JEEP,LRO,4W,3.0,17.0,nan,1.0,0.0,1059.0,GCK,G,nan,,6,244,,,,,3704,01,E,42,0.0,0.0,000000000,00000000000,0.0,0.0,0.0,1.0,0.0,0.0,0.0,0.0,0.0,0.0,0.0,35.0,0.0,0.0,0.0,12.0,4.0,3.0,9.0,0.0,0.0,0.0,1.0,1.0,36022.0,6.0,1.0,0.0,0.0,3.0,1.0,66.0,130.0,0.0,0.0,0.0,0.0,0.0,0.0,0.0,0.0,0.0,0.0,0.0,0.0,0.0,0.0,1.0,2.0,25.0,1.0,5.0,2.0,1.0,0.0,0.0,1.0,83.0,1.0,1.0,1.0,13.0,0.0,0.0
1.0,10054.0,1.0,2.0,1.0,30.0,1.0,23.0,30.0,12.0,6.0,1.0,0.0,1.0,2.0,20.0,16.0,20016.0,2.0,2004.0,1G1JF12FX471,1,G,1,J,F,1,2,F,X,4,7,1,0.0,P,CHEV,CAS,CP,4.0,17.0,2617.0,nan,0.0,1041.0,,G,nan,F,4,134,,,15R195,,,,,,0.0,0.0,000000000,00000000000,0.0,0.0,0.0,1.0,0.0,0.0,0.0,0.0,0.0,0.0,0.0,19.0,0.0,0.0,0.0,9.0,6.0,2.0,12.0,0.0,0.0,0.0,1.0,1.0,35754.0,6.0,1.0,0.0,0.0,3.0,1.0,66.0,135.0,0.0,0.0,0.0,0.0,0.0,0.0,0.0,0.0,0.0,0.0,89.0,39.0,0.0,0.0,2.0,2.0,45.0,1.0,1.0,2.0,1.0,3.0,3.0,11.0,15.0,1.0,1.0,1.0,82.0,1.0,1.0
1.0,10054.0,2.0,2.0,1.0,30.0,1.0,23.0,30.0,12.0,6.0,1.0,0.0,1.0,1.0,13.0,5.0,13005.0,4.0,2000.0,1LNHM97V3YY8,1,L,N,H,M,9,7,V,3,Y,Y,8,0.0,P,LINC,CON,4D,0.0,17.0,3848.0,nan,0.0,1090.0,,G,nan,F,8,281,,,16R225,,,,,,0.0,0.0,000000000,00000000000,0.0,0.0,0.0,1.0,0.0,0.0,0.0,0.0,0.0,0.0,0.0,45.0,0.0,0.0,0.0,12.0,6.0,2.0,12.0,0.0,0.0,0.0,1.0,1.0,35758.0,6.0,1.0,0.0,0.0,3.0,0.0,78.0,240.0,0.0,0.0,0.0,0.0,1.0,11.0,2010.0,11.0,2010.0,0.0,0.0,0.0,0.0,0.0,2.0,2.0,55.0,1.0,1.0,2.0,1.0,3.0,3.0,1.0,67.0,1.0,1.0,1.0,83.0,0.0,1.0
1.0,10055.0,1.0,1.0,1.0,14.0,1.0,23.0,55.0,8.0,0.0,1.0,0.0,1.0,1.0,23.0,481.0,23481.0,31.0,1993.0,1GTDC14K1PZ5,1,G,T,D,C,1,4,K,1,P,Z,5,0.0,T,GMC,SC1,PK,93.0,17.0,nan,1.0,1315.0,1175.0,SIE,G,nan,,8,350,,,,B,00000,00,A,42,0.0,0.0,000000000,00000000000,0.0,0.0,0.0,1.0,0.0,0.0,0.0,0.0,0.0,0.0,0.0,45.0,0.0,0.0,0.0,12.0,2.0,1.0,8.0,0.0,0.0,0.0,1.0,1.0,36260.0,6.0,1.0,0.0,0.0,3.0,0.0,72.0,225.0,0.0,0.0,0.0,0.0,0.0,0.0,0.0,0.0,0.0,0.0,0.0,0.0,0.0,0.0,1.0,2.0,55.0,1.0,1.0,2.0,1.0,0.0,0.0,1.0,80.0,1.0,1.0,1.0,13.0,0.0,0.0
1.0,10056.0,1.0,2.0,1.0,23.0,1.0,18.0,0.0,12.0,6.0,1.0,0.0,1.0,3.0,84.0,881.0,84881.0,66.0,1999.0,2HSFHAER3XC0,2,H,S,F,H,A,E,R,3,X,C,0,1.0,T,INTL,940,TR,99.0,17.0,nan,8.0,2340.0,1600.0,90S,D,nan,,6,855,,,,,00000,00,,64,1.0,57.0,121337,57121337,3.0,6.0,2.0,1.0,0.0,0.0,0.0,0.0,0.0,0.0,0.0,55.0,0.0,1.0,5.0,12.0,6.0,2.0,12.0,0.0,0.0,0.0,1.0,1.0,35150.0,6.0,1.0,6.0,0.0,3.0,1.0,70.0,205.0,1.0,0.0,0.0,0.0,0.0,12.0,2009.0,12.0,2009.0,0.0,39.0,0.0,0.0,0.0,1.0,2.0,55.0,1.0,1.0,2.0,1.0,20.0,3.0,1.0,17.0,1.0,1.0,1.0,86.0,0.0,0.0
1.0,10056.0,2.0,2.0,1.0,23.0,1.0,18.0,0.0,12.0,6.0,1.0,0.0,1.0,3.0,84.0,881.0,84881.0,62.0,2006.0,1HTMMAAL06H2,1,H,T,M,M,A,A,L,0,6,H,2,0.0,T,INTL,430,CC,6.0,17.0,nan,6.0,0.0,0.0,40S,D,nan,,6,466,,,,,00000,00,,42,0.0,88.0,888888888,88888888888,2.0,1.0,1.0,1.0,0.0,0.0,0.0,0.0,0.0,0.0,0.0,999.0,0.0,0.0,0.0,2.0,6.0,2.0,12.0,0.0,0.0,0.0,1.0,1.0,36862.0,6.0,1.0,6.0,0.0,3.0,0.0,66.0,135.0,0.0,0.0,0.0,1.0,0.0,3.0,2009.0,3.0,2009.0,0.0,89.0,39.0,0.0,0.0,1.0,2.0,55.0,1.0,1.0,2.0,1.0,20.0,3.0,1.0,17.0,1.0,1.0,1.0,87.0,1.0,0.0
1.0,10057.0,1.0,2.0,1.0,24.0,1.0,7.0,18.0,12.0,6.0,1.0,0.0,1.0,2.0,51.0,45.0,51045.0,4.0,2000.0,YV1TS94D5Y10,Y,V,1,T,S,9,4,D,5,Y,1,0,0.0,P,VOLV,S80,4D,0.0,17.0,3589.0,nan,0.0,1099.0,,G,nan,F,6,178,,,000000,,,,,,0.0,0.0,000000000,00000000000,0.0,0.0,0.0,1.0,0.0,0.0,0.0,0.0,0.0,0.0,0.0,999.0,0.0,0.0,0.0,10.0,6.0,2.0,12.0,0.0,0.0,0.0,1.0,1.0,35215.0,0.0,0.0,0.0,0.0,0.0,0.0,999.0,999.0,0.0,0.0,0.0,0.0,0.0,0.0,0.0,0.0,0.0,0.0,39.0,0.0,0.0,0.0,2.0,2.0,45.0,1.0,1.0,2.0,1.0,3.0,3.0,1.0,17.0,1.0,1.0,1.0,89.0,0.0,0.0
1.0,10057.0,2.0,2.0,2.0,24.0,1.0,7.0,18.0,12.0,6.0,1.0,0.0,1.0,1.0,20.0,39.0,20039.0,4.0,2010.0,KL1TD5DE3AB0,K,L,1,T,D,5,D,E,3,A,B,0,0.0,P,CHEV,LTS,4D,10.0,17.0,2568.0,nan,0.0,976.0,,G,nan,F,4,098,,,14R185,,,,,,0.0,0.0,000000000,00000000000,0.0,0.0,0.0,1.0,0.0,0.0,0.0,0.0,0.0,0.0,0.0,999.0,0.0,0.0,0.0,12.0,6.0,2.0,12.0,0.0,0.0,0.0,1.0,1.0,35215.0,6.0,1.0,0.0,0.0,3.0,0.0,64.0,108.0,0.0,0.0,0.0,0.0,0.0,0.0,0.0,0.0,0.0,0.0,0.0,0.0,0.0,0.0,2.0,3.0,45.0,1.0,1.0,2.0,1.0,3.0,3.0,1.0,66.0,1.0,1.0,1.0,88.0,1.0,0.0
1.0,10058.0,1.0,2.0,1.0,1.0,2.0,15.0,0.0,12.0,2.0,1.0,0.0,1.0,1.0,12.0,471.0,12471.0,30.0,1998.0,1FTYR10C5WUC,1,F,T,Y,R,1,0,C,5,W,U,C,0.0,T,FORD,RNG,PK,98.0,17.0,nan,1.0,1175.0,1116.0,RNG,G,nan,,4,153,,,,B,3030,01,E,42,0.0,0.0,000000000,00000000000,0.0,0.0,0.0,1.0,0.0,0.0,0.0,0.0,0.0,0.0,0.0,60.0,0.0,0.0,0.0,12.0,6.0,2.0,12.0,0.0,0.0,0.0,1.0,1.0,35978.0,6.0,1.0,0.0,0.0,3.0,1.0,65.0,115.0,1.0,0.0,0.0,0.0,0.0,9.0,2009.0,9.0,2009.0,1.0,58.0,0.0,0.0,0.0,1.0,3.0,55.0,1.0,5.0,2.0,2.0,0.0,0.0,1.0,13.0,6.0,4.0,2.0,50.0,1.0,0.0
1.0,10058.0,2.0,2.0,1.0,1.0,2.0,15.0,0.0,12.0,2.0,1.0,0.0,1.0,1.0,20.0,481.0,20481.0,31.0,1998.0,1GCEK19R5WR1,1,G,C,E,K,1,9,R,5,W,R,1,0.0,T,CHEV,GK1,PC,98.0,17.0,nan,2.0,1555.0,1415.0,GM4,G,nan,,8,350,,,,B,00000,00,,44,0.0,0.0,000000000,00000000000,0.0,0.0,0.0,1.0,0.0,0.0,0.0,0.0,0.0,0.0,0.0,55.0,0.0,0.0,0.0,12.0,6.0,2.0,12.0,0.0,0.0,0.0,1.0,1.0,35986.0,6.0,1.0,0.0,0.0,3.0,0.0,72.0,210.0,0.0,0.0,0.0,0.0,0.0,0.0,0.0,0.0,0.0,0.0,0.0,0.0,0.0,0.0,1.0,3.0,55.0,1.0,6.0,2.0,2.0,0.0,0.0,1.0,62.0,1.0,1.0,1.0,51.0,0.0,0.0
1.0,10059.0,1.0,2.0,1.0,1.0,2.0,20.0,39.0,8.0,0.0,1.0,0.0,1.0,1.0,55.0,401.0,55401.0,14.0,2008.0,5NMSG13D78H2,5,N,M,S,G,1,3,D,7,8,H,2,0.0,P,HYUN,SAN,UT,8.0,17.0,3727.0,nan,0.0,1063.0,,G,nan,F,6,162,,,16R235,,,,,,0.0,0.0,000000000,00000000000,0.0,0.0,0.0,1.0,0.0,0.0,0.0,0.0,0.0,0.0,0.0,999.0,0.0,0.0,0.0,12.0,4.0,3.0,8.0,0.0,0.0,0.0,1.0,1.0,35405.0,6.0,1.0,0.0,0.0,3.0,1.0,61.0,140.0,0.0,0.0,0.0,2.0,0.0,11.0,2009.0,7.0,2010.0,0.0,0.0,0.0,0.0,0.0,1.0,2.0,25.0,1.0,3.0,2.0,1.0,0.0,0.0,1.0,80.0,1.0,1.0,1.0,13.0,0.0,0.0
1.0,10059.0,2.0,2.0,1.0,1.0,2.0,20.0,39.0,8.0,0.0,1.0,0.0,1.0,2.0,35.0,51.0,35051.0,6.0,2009.0,JN8AS58T49W0,J,N,8,A,S,5,8,T,4,9,W,0,0.0,P,NISS,ROG,UT,9.0,17.0,3281.0,nan,0.0,1059.0,,G,nan,F,4,153,,,16R215,,,,,,0.0,0.0,000000000,00000000000,0.0,0.0,0.0,1.0,0.0,0.0,0.0,0.0,0.0,0.0,0.0,999.0,0.0,0.0,0.0,14.0,0.0,3.0,8.0,0.0,0.0,0.0,1.0,1.0,35473.0,6.0,1.0,0.0,0.0,3.0,0.0,67.0,170.0,0.0,0.0,0.0,0.0,0.0,0.0,0.0,0.0,0.0,0.0,0.0,0.0,0.0,0.0,1.0,2.0,25.0,1.0,5.0,2.0,1.0,0.0,0.0,1.0,80.0,1.0,1.0,1.0,98.0,0.0,0.0
1.0,10060.0,1.0,1.0,2.0,1.0,2.0,14.0,45.0,35.0,0.0,1.0,0.0,1.0,2.0,20.0,461.0,20461.0,21.0,1990.0,1GBEG25K7L71,1,G,B,E,G,2,5,K,7,L,7,1,0.0,T,CHEV,SV2,CG,90.0,17.0,nan,2.0,1250.0,1100.0,S/V,G,nan,,8,350,,,,C,00000,00,,42,0.0,0.0,000000000,00000000000,0.0,0.0,0.0,1.0,0.0,0.0,0.0,0.0,0.0,0.0,0.0,60.0,0.0,1.0,5.0,12.0,6.0,2.0,1.0,0.0,0.0,0.0,1.0,1.0,36442.0,6.0,1.0,6.0,0.0,3.0,0.0,74.0,225.0,0.0,0.0,0.0,1.0,0.0,10.0,2011.0,10.0,2011.0,1.0,58.0,0.0,0.0,0.0,1.0,2.0,55.0,1.0,5.0,2.0,2.0,0.0,0.0,1.0,13.0,6.0,4.0,4.0,7.0,1.0,1.0
1.0,10061.0,1.0,1.0,4.0,4.0,2.0,9.0,24.0,1.0,0.0,1.0,0.0,13.0,1.0,12.0,401.0,12401.0,14.0,1998.0,1FMZU32X5WUD,1,F,M,Z,U,3,2,X,5,W,U,D,0.0,P,FORD,EPR,UT,98.0,17.0,3911.0,nan,0.0,1115.0,,G,nan,F,6,245,,,15R225,,,,,,0.0,0.0,000000000,00000000000,0.0,0.0,0.0,1.0,0.0,0.0,0.0,0.0,0.0,0.0,0.0,70.0,0.0,1.0,3.0,0.0,6.0,2.0,1.0,0.0,0.0,0.0,1.0,13.0,30268.0,6.0,1.0,0.0,0.0,3.0,0.0,67.0,200.0,98.0,0.0,0.0,0.0,0.0,0.0,0.0,0.0,0.0,0.0,0.0,0.0,0.0,0.0,2.0,2.0,70.0,1.0,1.0,2.0,1.0,0.0,0.0,1.0,12.0,1.0,1.0,4.0,6.0,2.0,0.0
1.0,10063.0,1.0,1.0,1.0,4.0,2.0,21.0,50.0,34.0,0.0,1.0,0.0,1.0,2.0,37.0,32.0,37032.0,4.0,1995.0,1HGCD5630SA0,1,H,G,C,D,5,6,3,0,S,A,0,0.0,P,HOND,ULE,4D,95.0,17.0,2809.0,nan,0.0,1069.0,,G,nan,F,4,132,,,14R185,,,,,,0.0,0.0,000000000,00000000000,0.0,0.0,0.0,1.0,0.0,0.0,0.0,0.0,0.0,0.0,0.0,70.0,0.0,1.0,5.0,6.0,6.0,2.0,1.0,0.0,0.0,0.0,1.0,1.0,35953.0,1.0,1.0,0.0,0.0,2.0,0.0,71.0,190.0,0.0,2.0,2.0,0.0,1.0,5.0,2009.0,5.0,2011.0,1.0,58.0,0.0,0.0,0.0,1.0,2.0,35.0,1.0,1.0,2.0,2.0,0.0,0.0,1.0,13.0,6.0,4.0,4.0,7.0,1.0,1.0
1.0,10064.0,1.0,2.0,1.0,6.0,2.0,18.0,5.0,12.0,6.0,1.0,0.0,92.0,0.0,37.0,706.0,37706.0,80.0,2005.0,JH2SC57485M1,J,H,2,S,C,5,7,4,8,5,M,1,0.0,M,HOND,CBS,RC,5.0,17.0,nan,nan,nan,nan,,,998.0,,4,,4,396,,,,,,,0.0,0.0,000000000,00000000000,0.0,0.0,0.0,1.0,0.0,0.0,0.0,0.0,0.0,0.0,0.0,70.0,0.0,0.0,0.0,12.0,6.0,2.0,12.0,0.0,0.0,0.0,1.0,1.0,35224.0,6.0,1.0,0.0,0.0,2.0,1.0,70.0,140.0,0.0,0.0,0.0,1.0,0.0,2.0,2009.0,2.0,2009.0,1.0,0.0,0.0,0.0,0.0,1.0,2.0,45.0,1.0,6.0,2.0,1.0,0.0,0.0,1.0,60.0,1.0,1.0,1.0,69.0,1.0,0.0
1.0,10064.0,2.0,2.0,2.0,6.0,2.0,18.0,5.0,12.0,6.0,1.0,0.0,1.0,2.0,20.0,403.0,20403.0,14.0,2006.0,1GNDS13S4621,1,G,N,D,S,1,3,S,4,6,2,1,0.0,P,CHEV,TRL,UT,6.0,17.0,4417.0,nan,0.0,1130.0,,G,nan,F,6,256,,,16R235,,,,,,0.0,0.0,000000000,00000000000,0.0,0.0,0.0,1.0,0.0,0.0,0.0,0.0,0.0,0.0,0.0,45.0,0.0,0.0,0.0,3.0,6.0,2.0,12.0,0.0,0.0,0.0,1.0,1.0,35214.0,6.0,1.0,0.0,0.0,3.0,0.0,66.0,225.0,0.0,0.0,0.0,0.0,0.0,0.0,0.0,0.0,0.0,0.0,0.0,0.0,0.0,0.0,1.0,2.0,45.0,1.0,1.0,2.0,1.0,0.0,0.0,11.0,15.0,1.0,1.0,1.0,68.0,0.0,0.0
1.0,10065.0,1.0,1.0,1.0,7.0,2.0,23.0,15.0,34.0,0.0,1.0,0.0,1.0,1.0,58.0,37.0,58037.0,2.0,2005.0,JNKCV54E85M4,J,N,K,C,V,5,4,E,8,5,M,4,0.0,P,INFI,G35,CP,5.0,17.0,3360.0,nan,0.0,1122.0,,G,nan,F,6,214,,,17R225,,,,,,0.0,0.0,000000000,00000000000,0.0,0.0,0.0,1.0,0.0,0.0,0.0,0.0,0.0,0.0,0.0,100.0,0.0,0.0,0.0,12.0,6.0,2.0,32.0,0.0,0.0,0.0,1.0,1.0,35749.0,6.0,1.0,0.0,0.0,3.0,0.0,68.0,165.0,0.0,1.0,0.0,0.0,0.0,3.0,2010.0,3.0,2010.0,1.0,0.0,0.0,0.0,0.0,1.0,2.0,60.0,2.0,1.0,2.0,2.0,0.0,0.0,14.0,13.0,1.0,1.0,4.0,1.0,1.0,1.0
1.0,10066.0,1.0,2.0,2.0,7.0,2.0,16.0,47.0,12.0,6.0,1.0,0.0,1.0,1.0,21.0,2.0,21002.0,4.0,1995.0,1G3HN52K1S48,1,G,3,H,N,5,2,K,1,S,4,8,0.0,P,OLDS,88R,4D,95.0,17.0,3439.0,nan,0.0,1108.0,,G,nan,F,6,231,,,15R205,,,,,,0.0,0.0,000000000,00000000000,0.0,0.0,0.0,1.0,0.0,0.0,0.0,0.0,0.0,0.0,0.0,25.0,0.0,0.0,0.0,3.0,6.0,2.0,12.0,0.0,0.0,0.0,1.0,1.0,35077.0,6.0,1.0,0.0,0.0,3.0,0.0,64.0,155.0,0.0,0.0,0.0,0.0,0.0,0.0,0.0,0.0,0.0,0.0,48.0,0.0,0.0,0.0,1.0,2.0,55.0,1.0,5.0,2.0,1.0,0.0,0.0,11.0,15.0,1.0,1.0,1.0,68.0,2.0,0.0
1.0,10066.0,2.0,2.0,1.0,7.0,2.0,16.0,47.0,12.0,6.0,1.0,0.0,1.0,2.0,82.0,881.0,82881.0,66.0,2001.0,1FUJALBD01PG,1,F,U,J,A,L,B,D,0,1,P,G,1.0,T,FRHT,FLD,TR,1.0,17.0,nan,8.0,0.0,0.0,CON,D,nan,,6,855,,,,,00000,00,,64,1.0,57.0,1530859,571530859,3.0,6.0,10.0,1.0,0.0,0.0,0.0,0.0,0.0,0.0,0.0,50.0,0.0,0.0,0.0,12.0,6.0,2.0,12.0,0.0,0.0,0.0,1.0,1.0,35972.0,6.0,1.0,6.0,0.0,3.0,1.0,67.0,200.0,0.0,0.0,0.0,0.0,0.0,0.0,0.0,0.0,0.0,0.0,0.0,0.0,0.0,0.0,1.0,2.0,55.0,1.0,6.0,2.0,1.0,0.0,0.0,1.0,62.0,9.0,1.0,1.0,69.0,0.0,0.0