STATE,ST_CASE,VEH_NO,VE_FORMS,NUMOCCS,DAY,MONTH,HOUR,MINUTE,HARM_EV,MAN_COLL,UNITTYPE,HIT_RUN,REG_STAT,OWNER,MAKE,MODEL,MAK_MOD,BODY_TYP,MOD_YEAR,VIN,VIN_1,VIN_2,VIN_3,VIN_4,VIN_5,VIN_6,VIN_7,VIN_8,VIN_9,VIN_10,VIN_11,VIN_12,TOW_VEH,VINTYPE,VINMAKE,VINA_MOD,VIN_BT,VINMODYR,VIN_LNGT,VIN_WGT,WGTCD_TR,WHLBS_LG,WHLBS_SH,SER_TR,FUELCODE,MCYCL_DS,CARBUR,CYLINDER,DISPLACE,MCYCL_CY,MCYCL_WT,TIRE_SZE,TON_RAT,TRK_WT,TRKWTVAR,VIN_REST,WHLDRWHL,J_KNIFE,MCARR_I1,MCARR_I2,MCARR_ID,GVWR,V_CONFIG,CARGO_BT,HAZ_INV,HAZ_PLAC,HAZ_ID,HAZ_CNO,HAZ_REL,BUS_USE,SPEC_USE,EMER_USE,TRAV_SP,UNDERIDE,ROLLOVER,ROLINLOC,IMPACT1,DEFORMED,TOWED,M_HARM,VEH_SC1,VEH_SC2,FIRE_EXP,DR_PRES,L_STATE,DR_ZIP,L_STATUS,L_TYPE,CDL_STAT,L_ENDORS,L_COMPL,L_RESTRI,DR_HGT,DR_WGT,PREV_ACC,PREV_SUS,PREV_DWI,PREV_SPD,PREV_OTH,FIRST_MO,FIRST_YR,LAST_MO,LAST_YR,SPEEDREL,DR_SF1,DR_SF2,DR_SF3,DR_SF4,VTRAFWAY,VNUM_LAN,VSPD_LIM,VALIGN,VPROFILE,VPAVETYP,VSURCOND,VTRAFCON,VTCONT_F,P_CRASH1,P_CRASH2,P_CRASH3,PCRASH4,PCRASH5,ACC_TYPE,DEATHS,DR_DRINK
1.0,10084.0,1.0,2.0,1.0,4.0,2.0,23.0,38.0,25.0,0.0,1.0,0.0,1.0,2.0,49.0,40.0,49040.0,4.0,2001.0,4T1BG22K21U8,4,T,1,B,G,2,2,K,2,1,U,8,0.0,P,TOYT,CXL,4D,1.0,17.0,2998.0,nan,0.0,1051.0,,G,nan,F,4,132,,,15R205,,,,,,0.0,0.0,000000000,00000000000,0.0,0.0,0.0,1.0,0.0,0.0,0.0,0.0,0.0,0.0,0.0,999.0,0.0,0.0,0.0,7.0,6.0,2.0,8.0,0.0,0.0,0.0,1.0,1.0,35045.0,6.0,1.0,0.0,0.0,3.0,0.0,64.0,130.0,0.0,0.0,0.0,1.0,0.0,4.0,2010.0,4.0,2010.0,0.0,0.0,0.0,0.0,0.0,3.0,3.0,60.0,3.0,5.0,1.0,2.0,0.0,0.0,14.0,50.0,8.0,9.0,4.0,7.0,0.0,0.0
1.0,10084.0,2.0,2.0,0.0,4.0,2.0,23.0,38.0,25.0,0.0,1.0,0.0,1.0,6.0,37.0,39.0,37039.0,5.0,2010.0,JHMGE8H45AC0,J,H,M,G,E,8,H,4,5,A,C,0,0.0,P,HOND,FIS,4H,10.0,17.0,2520.0,nan,0.0,984.0,,G,nan,F,4,091,,,16R205,,,,,,0.0,0.0,000000000,00000000000,0.0,0.0,0.0,1.0,0.0,0.0,0.0,0.0,0.0,0.0,0.0,0.0,0.0,0.0,0.0,12.0,6.0,2.0,12.0,0.0,0.0,0.0,0.0,0.0,99997.0,7.0,6.0,97.0,7.0,6.0,7.0,998.0,997.0,998.0,998.0,998.0,998.0,998.0,98.0,9998.0,98.0,9998.0,8.0,0.0,0.0,0.0,0.0,3.0,3.0,60.0,2.0,5.0,1.0,2.0,0.0,0.0,0.0,78.0,0.0,0.0,0.0,98.0,0.0,0.0
1.0,10085.0,1.0,2.0,1.0,5.0,2.0,7.0,50.0,12.0,2.0,1.0,0.0,1.0,1.0,20.0,20.0,20020.0,4.0,1998.0,2G1WL52M0W11,2,G,1,W,L,5,2,M,0,W,1,1,0.0,P,CHEV,L/S,4D,98.0,17.0,3330.0,nan,0.0,1075.0,,G,nan,F,6,191,,,15R205,,,,,,0.0,0.0,000000000,00000000000,0.0,0.0,0.0,1.0,0.0,0.0,0.0,0.0,0.0,0.0,0.0,999.0,0.0,0.0,0.0,12.0,6.0,2.0,12.0,0.0,0.0,0.0,1.0,1.0,36619.0,6.0,1.0,0.0,0.0,3.0,0.0,64.0,120.0,0.0,0.0,0.0,0.0,0.0,0.0,0.0,0.0,0.0,0.0,51.0,0.0,0.0,0.0,3.0,2.0,55.0,1.0,1.0,1.0,2.0,0.0,0.0,1.0,54.0,1.0,1.0,1.0,52.0,1.0,0.0
1.0,10085.0,2.0,2.0,1.0,5.0,2.0,7.0,50.0,12.0,2.0,1.0,0.0,1.0,1.0,7.0,880.0,7880.0,67.0,2001.0,1B7MF33641J5,1,B,7,M,F,3,3,6,4,1,J,5,1.0,T,DODG,Q35,4C,1.0,17.0,nan,3.0,0.0,1547.0,RPC,D,nan,,6,359,,,,D,6108,00,U,44,1.0,88.0,888888888,88888888888,2.0,98.0,96.0,1.0,0.0,0.0,0.0,0.0,0.0,0.0,0.0,999.0,0.0,0.0,0.0,12.0,6.0,2.0,12.0,0.0,0.0,0.0,1.0,1.0,36605.0,6.0,1.0,0.0,0.0,3.0,0.0,72.0,210.0,2.0,1.0,0.0,2.0,1.0,2.0,2009.0,12.0,2011.0,0.0,0.0,0.0,0.0,0.0,3.0,2.0,55.0,1.0,1.0,1.0,2.0,0.0,0.0,1.0,54.0,7.0,1.0,1.0,52.0,0.0,0.0
1.0,10086.0,1.0,2.0,1.0,9.0,2.0,9.0,30.0,12.0,2.0,1.0,0.0,1.0,1.0,12.0,442.0,12442.0,20.0,1999.0,2FMZA534XXBC,2,F,M,Z,A,5,3,4,X,X,B,C,0.0,T,FORD,WSL,ES,99.0,17.0,nan,1.0,0.0,1207.0,WIN,G,nan,,6,232,,,,B,4270,00,E,42,0.0,0.0,000000000,00000000000,0.0,0.0,0.0,1.0,0.0,0.0,0.0,0.0,0.0,0.0,0.0,55.0,0.0,0.0,0.0,12.0,6.0,2.0,12.0,0.0,0.0,0.0,1.0,1.0,35019.0,6.0,1.0,0.0,0.0,3.0,1.0,70.0,210.0,0.0,0.0,0.0,0.0,0.0,0.0,0.0,0.0,0.0,0.0,0.0,0.0,0.0,0.0,1.0,2.0,55.0,1.0,1.0,2.0,1.0,0.0,0.0,1.0,10.0,1.0,1.0,2.0,50.0,1.0,0.0
1.0,10086.0,2.0,2.0,1.0,9.0,2.0,9.0,30.0,12.0,2.0,1.0,0.0,1.0,3.0,82.0,881.0,82881.0,66.0,2006.0,1FUJBBCK86LU,1,F,U,J,B,B,C,K,8,6,L,U,1.0,T,FRHT,ST2,TR,6.0,17.0,nan,8.0,0.0,0.0,CON,D,nan,,6,855,,,,,00000,00,,64,1.0,57.0,804716,57804716,3.0,6.0,1.0,1.0,0.0,0.0,0.0,0.0,0.0,0.0,0.0,55.0,0.0,0.0,0.0,12.0,6.0,2.0,12.0,0.0,0.0,0.0,1.0,1.0,35670.0,6.0,1.0,6.0,0.0,3.0,1.0,69.0,230.0,0.0,0.0,0.0,0.0,0.0,0.0,0.0,0.0,0.0,0.0,0.0,0.0,0.0,0.0,1.0,2.0,55.0,1.0,1.0,2.0,1.0,0.0,0.0,1.0,62.0,7.0,1.0,1.0,51.0,0.0,0.0
1.0,10087.0,1.0,1.0,1.0,10.0,2.0,9.0,32.0,42.0,0.0,1.0,0.0,1.0,2.0,41.0,35.0,41035.0,4.0,2003.0,JM1BJ2256301,J,M,1,B,J,2,2,5,6,3,0,1,0.0,P,MAZD,PDS,4D,3.0,17.0,2634.0,nan,0.0,1028.0,,G,nan,F,4,122,,,000000,,,,,,0.0,0.0,000000000,00000000000,0.0,0.0,0.0,1.0,0.0,0.0,0.0,0.0,0.0,0.0,0.0,999.0,0.0,0.0,0.0,2.0,6.0,2.0,42.0,0.0,0.0,0.0,1.0,1.0,36435.0,6.0,1.0,0.0,0.0,3.0,1.0,62.0,235.0,0.0,0.0,0.0,1.0,0.0,1.0,2012.0,1.0,2012.0,0.0,58.0,0.0,0.0,0.0,1.0,2.0,45.0,2.0,6.0,2.0,1.0,0.0,0.0,14.0,13.0,6.0,4.0,4.0,7.0,1.0,0.0
1.0,10088.0,1.0,1.0,1.0,11.0,2.0,8.0,30.0,34.0,0.0,1.0,0.0,1.0,1.0,22.0,16.0,22016.0,2.0,1996.0,1G2JB1246T75,1,G,2,J,B,1,2,4,6,T,7,5,0.0,P,PONT,SFS,CP,96.0,17.0,2611.0,nan,0.0,1041.0,,G,nan,F,4,133,,,14R195,,,,,,0.0,0.0,000000000,00000000000,0.0,0.0,0.0,1.0,0.0,0.0,0.0,0.0,0.0,0.0,0.0,45.0,0.0,1.0,5.0,12.0,6.0,2.0,1.0,0.0,0.0,0.0,1.0,1.0,35611.0,6.0,1.0,0.0,0.0,3.0,0.0,68.0,170.0,0.0,1.0,0.0,0.0,1.0,7.0,2009.0,8.0,2009.0,0.0,0.0,0.0,0.0,0.0,1.0,2.0,45.0,1.0,1.0,2.0,1.0,0.0,0.0,1.0,12.0,1.0,1.0,4.0,6.0,1.0,0.0
1.0,10089.0,1.0,1.0,2.0,11.0,2.0,3.0,30.0,42.0,0.0,1.0,0.0,1.0,2.0,37.0,31.0,37031.0,4.0,2009.0,2HGFA16639H3,2,H,G,F,A,1,6,6,3,9,H,3,0.0,P,HOND,ULS,4D,9.0,17.0,2687.0,nan,0.0,1063.0,,G,nan,F,4,110,,,16R205,,,,,,0.0,0.0,000000000,00000000000,0.0,0.0,0.0,1.0,0.0,0.0,0.0,0.0,0.0,0.0,0.0,65.0,0.0,1.0,5.0,12.0,6.0,2.0,42.0,0.0,0.0,0.0,1.0,1.0,35466.0,0.0,0.0,0.0,0.0,0.0,0.0,65.0,180.0,0.0,0.0,0.0,0.0,0.0,0.0,0.0,0.0,0.0,1.0,0.0,0.0,0.0,0.0,1.0,2.0,45.0,3.0,6.0,2.0,1.0,0.0,0.0,14.0,6.0,1.0,1.0,4.0,6.0,2.0,1.0
1.0,10090.0,1.0,2.0,0.0,11.0,2.0,2.0,27.0,12.0,6.0,1.0,0.0,1.0,3.0,84.0,881.0,84881.0,66.0,2009.0,2HSCTAPR09C0,2,H,S,C,T,A,P,R,0,9,C,0,1.0,T,INTL,PRO,TR,9.0,17.0,nan,8.0,0.0,0.0,PRO,D,nan,,6,915,,,,,00000,00,,64,1.0,57.0,436844,57436844,3.0,6.0,8.0,1.0,0.0,0.0,0.0,0.0,0.0,0.0,0.0,0.0,0.0,0.0,0.0,9.0,2.0,1.0,12.0,0.0,0.0,0.0,0.0,0.0,99997.0,7.0,6.0,97.0,7.0,6.0,7.0,998.0,997.0,998.0,998.0,998.0,998.0,998.0,98.0,9998.0,98.0,9998.0,8.0,0.0,0.0,0.0,0.0,1.0,2.0,45.0,1.0,1.0,2.0,1.0,0.0,0.0,0.0,55.0,0.0,0.0,0.0,98.0,0.0,0.0
1.0,10090.0,2.0,2.0,1.0,11.0,2.0,2.0,27.0,12.0,6.0,1.0,0.0,1.0,1.0,35.0,471.0,35471.0,30.0,1995.0,1N6SD16SXSC4,1,N,6,S,D,1,6,S,X,S,C,4,0.0,T,NISS,KXE,PC,95.0,17.0,nan,1.0,0.0,1161.0,TRK,G,nan,,4,146,,,,B,2813,01,A,42,0.0,0.0,000000000,00000000000,0.0,0.0,0.0,1.0,0.0,0.0,0.0,0.0,0.0,0.0,0.0,45.0,0.0,0.0,0.0,12.0,6.0,2.0,12.0,0.0,0.0,0.0,1.0,1.0,36580.0,6.0,1.0,0.0,0.0,3.0,1.0,74.0,198.0,0.0,0.0,0.0,0.0,0.0,0.0,0.0,0.0,0.0,0.0,89.0,0.0,0.0,0.0,1.0,2.0,45.0,1.0,1.0,2.0,1.0,0.0,0.0,1.0,50.0,3.0,1.0,1.0,98.0,1.0,0.0
1.0,10091.0,1.0,1.0,1.0,12.0,2.0,8.0,0.0,34.0,0.0,1.0,0.0,1.0,1.0,24.0,2.0,24002.0,2.0,1996.0,1G8ZH127XTZ1,1,G,8,Z,H,1,2,7,X,T,Z,1,0.0,P,STRN,SC2,CP,96.0,17.0,2294.0,nan,0.0,992.0,,G,nan,F,4,116,,,15R195,,,,,,0.0,0.0,000000000,00000000000,0.0,0.0,0.0,1.0,0.0,0.0,0.0,0.0,0.0,0.0,0.0,55.0,0.0,1.0,5.0,12.0,6.0,2.0,1.0,0.0,0.0,0.0,1.0,1.0,35610.0,6.0,1.0,0.0,0.0,3.0,0.0,70.0,150.0,1.0,0.0,0.0,0.0,0.0,9.0,2009.0,9.0,2009.0,0.0,58.0,0.0,0.0,0.0,1.0,2.0,55.0,1.0,1.0,2.0,1.0,0.0,0.0,1.0,13.0,6.0,1.0,4.0,6.0,1.0,1.0
1.0,10092.0,1.0,1.0,1.0,13.0,2.0,1.0,5.0,1.0,0.0,1.0,0.0,1.0,2.0,49.0,472.0,49472.0,30.0,1999.0,4TAWN72N8XZ5,4,T,A,W,N,7,2,N,8,X,Z,5,0.0,T,TOYT,XTR,PC,99.0,17.0,nan,1.0,0.0,1219.0,TAC,G,nan,,6,206,,,,B,3412,00,U,44,0.0,0.0,000000000,00000000000,0.0,0.0,0.0,1.0,0.0,0.0,0.0,0.0,0.0,0.0,0.0,999.0,0.0,1.0,3.0,0.0,6.0,2.0,1.0,0.0,0.0,0.0,1.0,1.0,35020.0,6.0,1.0,0.0,0.0,3.0,0.0,67.0,200.0,1.0,0.0,0.0,1.0,0.0,4.0,2010.0,5.0,2010.0,0.0,58.0,0.0,0.0,0.0,2.0,3.0,70.0,2.0,1.0,2.0,1.0,0.0,0.0,14.0,12.0,7.0,9.0,4.0,6.0,1.0,1.0
1.0,10093.0,1.0,2.0,4.0,15.0,2.0,18.0,20.0,12.0,7.0,1.0,0.0,1.0,1.0,38.0,402.0,38402.0,14.0,1994.0,4S2CY58V2R43,4,S,2,C,Y,5,8,V,2,R,4,3,0.0,P,ISU,ROD,UT,94.0,17.0,3970.0,nan,0.0,1087.0,,G,nan,F,6,195,,,16R245,,,,,,0.0,0.0,000000000,00000000000,0.0,0.0,0.0,1.0,0.0,0.0,0.0,0.0,0.0,0.0,0.0,85.0,0.0,1.0,1.0,1.0,6.0,2.0,1.0,0.0,0.0,0.0,1.0,1.0,35125.0,6.0,1.0,6.0,0.0,3.0,1.0,73.0,250.0,0.0,0.0,0.0,0.0,0.0,0.0,0.0,0.0,0.0,0.0,8.0,0.0,0.0,0.0,3.0,3.0,70.0,1.0,1.0,2.0,1.0,0.0,0.0,6.0,1.0,1.0,3.0,2.0,44.0,1.0,0.0
1.0,10093.0,2.0,2.0,1.0,15.0,2.0,18.0,20.0,12.0,7.0,1.0,0.0,47.0,3.0,84.0,881.0,84881.0,66.0,2005.0,2HSCESBR25C0,2,H,S,C,E,S,B,R,2,5,C,0,1.0,T,INTL,92I,TR,5.0,17.0,nan,8.0,0.0,0.0,920,D,nan,,6,763,,,,,00000,00,,64,1.0,57.0,63419,5763419,3.0,6.0,1.0,1.0,0.0,0.0,0.0,0.0,0.0,0.0,0.0,65.0,0.0,0.0,0.0,8.0,2.0,3.0,12.0,0.0,0.0,0.0,1.0,1.0,35901.0,6.0,1.0,6.0,0.0,3.0,1.0,69.0,180.0,0.0,0.0,0.0,0.0,0.0,0.0,0.0,0.0,0.0,0.0,0.0,0.0,0.0,0.0,3.0,3.0,70.0,1.0,1.0,2.0,1.0,0.0,0.0,1.0,60.0,1.0,1.0,1.0,45.0,0.0,0.0
1.0,10094.0,1.0,1.0,2.0,15.0,2.0,23.0,42.0,23.0,0.0,1.0,0.0,1.0,2.0,49.0,401.0,49401.0,14.0,1998.0,JT3GM84R9W00,J,T,3,G,M,8,4,R,9,W,0,0,0.0,P,TOYT,RUN,UT,98.0,17.0,3440.0,nan,0.0,1053.0,,G,nan,F,4,164,,,15R225,,,,,,0.0,0.0,000000000,00000000000,0.0,0.0,0.0,1.0,0.0,0.0,0.0,0.0,0.0,0.0,0.0,45.0,0.0,1.0,5.0,8.0,6.0,2.0,3.0,0.0,0.0,0.0,1.0,1.0,35446.0,6.0,1.0,0.0,0.0,3.0,0.0,62.0,125.0,0.0,1.0,0.0,0.0,1.0,7.0,2009.0,3.0,2010.0,1.0,0.0,0.0,0.0,0.0,1.0,2.0,35.0,2.0,6.0,5.0,2.0,0.0,0.0,14.0,12.0,1.0,1.0,4.0,6.0,1.0,1.0
1.0,10095.0,1.0,1.0,1.0,18.0,2.0,99.0,99.0,42.0,0.0,1.0,0.0,1.0,1.0,2.0,404.0,2404.0,14.0,1997.0,1J4FT68S6VL5,1,J,4,F,T,6,8,S,6,V,L,5,0.0,T,JEEP,SPT,4W,97.0,17.0,nan,1.0,0.0,1014.0,CHK,G,nan,,6,242,,,,,3078,00,E,42,0.0,0.0,000000000,00000000000,0.0,0.0,0.0,1.0,0.0,0.0,0.0,0.0,0.0,0.0,0.0,55.0,0.0,1.0,5.0,12.0,6.0,2.0,1.0,0.0,0.0,0.0,1.0,1.0,35473.0,6.0,1.0,0.0,0.0,3.0,0.0,72.0,220.0,0.0,0.0,0.0,1.0,0.0,10.0,2011.0,10.0,2011.0,0.0,0.0,0.0,0.0,0.0,1.0,2.0,55.0,1.0,1.0,2.0,2.0,0.0,0.0,1.0,13.0,1.0,1.0,4.0,1.0,1.0,0.0
1.0,10096.0,1.0,1.0,4.0,18.0,2.0,16.0,41.0,35.0,0.0,1.0,0.0,6.0,1.0,49.0,401.0,49401.0,14.0,2011.0,JTEZU5JR2B50,J,T,E,Z,U,5,J,R,2,B,5,0,0.0,P,TOYT,RUN,UT,11.0,17.0,4400.0,nan,0.0,1098.0,,G,nan,F,6,244,,,17R265,,,,,,0.0,0.0,000000000,00000000000,0.0,0.0,0.0,1.0,0.0,0.0,0.0,0.0,0.0,0.0,0.0,70.0,0.0,0.0,0.0,12.0,6.0,2.0,42.0,0.0,0.0,0.0,1.0,1.0,36460.0,6.0,1.0,0.0,0.0,3.0,0.0,68.0,180.0,0.0,0.0,0.0,0.0,0.0,0.0,0.0,0.0,0.0,1.0,89.0,0.0,0.0,0.0,1.0,2.0,55.0,1.0,6.0,2.0,2.0,0.0,0.0,1.0,6.0,1.0,2.0,4.0,7.0,2.0,0.0
1.0,10097.0,1.0,1.0,1.0,18.0,2.0,13.0,30.0,1.0,0.0,1.0,0.0,92.0,0.0,37.0,734.0,37734.0,90.0,2005.0,1HFTE30075A1,1,H,F,T,E,3,0,0,7,5,A,1,0.0,M,HOND,T50,AT,5.0,17.0,nan,nan,nan,nan,,,450.0,,1,,4,350,,,,,,,0.0,0.0,000000000,00000000000,0.0,0.0,0.0,1.0,0.0,0.0,0.0,0.0,0.0,0.0,0.0,50.0,0.0,1.0,1.0,0.0,2.0,1.0,1.0,0.0,0.0,0.0,1.0,1.0,35650.0,6.0,1.0,0.0,0.0,1.0,0.0,71.0,190.0,1.0,1.0,0.0,4.0,2.0,5.0,2009.0,5.0,2011.0,1.0,0.0,0.0,0.0,0.0,1.0,2.0,45.0,1.0,1.0,2.0,1.0,0.0,0.0,1.0,9.0,1.0,1.0,1.0,98.0,1.0,0.0
1.0,10098.0,1.0,1.0,2.0,19.0,2.0,17.0,55.0,42.0,0.0,1.0,0.0,1.0,2.0,21.0,21.0,21021.0,4.0,2003.0,1G3NL52F23C1,1,G,3,N,L,5,2,F,2,3,C,1,0.0,P,OLDS,A/G,4D,3.0,17.0,3016.0,nan,0.0,1070.0,,G,nan,F,4,134,,,15R215,,,,,,0.0,0.0,000000000,00000000000,0.0,0.0,0.0,1.0,0.0,0.0,0.0,0.0,0.0,0.0,0.0,35.0,0.0,0.0,0.0,11.0,6.0,2.0,42.0,0.0,0.0,0.0,1.0,1.0,35116.0,6.0,1.0,0.0,0.0,3.0,0.0,67.0,120.0,1.0,0.0,0.0,0.0,0.0,11.0,2009.0,11.0,2009.0,0.0,58.0,0.0,0.0,0.0,1.0,2.0,35.0,3.0,6.0,2.0,2.0,0.0,0.0,14.0,9.0,7.0,3.0,4.0,2.0,2.0,0.0
1.0,10099.0,1.0,1.0,2.0,19.0,2.0,14.0,35.0,42.0,0.0,1.0,0.0,1.0,2.0,35.0,47.0,35047.0,4.0,2005.0,1N4AL11D75N4,1,N,4,A,L,1,1,D,7,5,N,4,0.0,P,NISS,ASL,4D,5.0,17.0,2915.0,nan,0.0,1102.0,,G,nan,F,4,153,,,16R215,,,,,,0.0,0.0,000000000,00000000000,0.0,0.0,0.0,1.0,0.0,0.0,0.0,0.0,0.0,0.0,0.0,55.0,0.0,0.0,0.0,9.0,6.0,2.0,42.0,0.0,0.0,0.0,1.0,1.0,35146.0,6.0,2.0,0.0,0.0,3.0,0.0,66.0,116.0,0.0,0.0,0.0,0.0,0.0,0.0,0.0,0.0,0.0,1.0,0.0,0.0,0.0,0.0,1.0,2.0,35.0,3.0,6.0,2.0,1.0,0.0,0.0,14.0,6.0,7.0,3.0,4.0,2.0,1.0,0.0
1.0,10100.0,1.0,1.0,1.0,20.0,2.0,14.0,25.0,1.0,0.0,1.0,0.0,92.0,0.0,37.0,739.0,37739.0,90.0,9999.0,999999999999,9,9,9,9,9,9,9,9,9,9,9,9,0.0,,,,,nan,nan,nan,nan,nan,nan,,,nan,,,,,,,,,,,,0.0,0.0,000000000,00000000000,0.0,0.0,0.0,1.0,0.0,0.0,0.0,0.0,0.0,0.0,0.0,25.0,0.0,1.0,5.0,0.0,2.0,1.0,1.0,0.0,0.0,0.0,1.0,1.0,35133.0,6.0,1.0,6.0,0.0,1.0,0.0,72.0,240.0,0.0,0.0,0.0,1.0,0.0,5.0,2009.0,5.0,2009.0,0.0,58.0,0.0,0.0,0.0,1.0,2.0,35.0,1.0,1.0,2.0,1.0,0.0,0.0,10.0,9.0,1.0,1.0,4.0,1.0,1.0,0.0
1.0,10101.0,1.0,2.0,2.0,21.0,2.0,14.0,0.0,12.0,2.0,1.0,0.0,1.0,2.0,12.0,471.0,12471.0,30.0,1991.0,1FTCR10A1MUB,1,F,T,C,R,1,0,A,1,M,U,B,0.0,T,FORD,RNG,PK,91.0,17.0,nan,1.0,1140.0,1080.0,RNG,G,nan,,4,140,,,,B,2674,01,A,42,0.0,0.0,000000000,00000000000,0.0,0.0,0.0,1.0,0.0,0.0,0.0,0.0,0.0,0.0,0.0,55.0,0.0,0.0,0.0,12.0,6.0,2.0,12.0,0.0,0.0,0.0,1.0,1.0,35603.0,6.0,1.0,0.0,0.0,3.0,0.0,73.0,205.0,2.0,0.0,0.0,1.0,1.0,9.0,2009.0,11.0,2010.0,1.0,28.0,0.0,0.0,0.0,1.0,2.0,55.0,1.0,1.0,2.0,1.0,0.0,0.0,1.0,12.0,7.0,1.0,6.0,50.0,1.0,0.0
1.0,10101.0,2.0,2.0,2.0,21.0,2.0,14.0,0.0,12.0,2.0,1.0,0.0,1.0,3.0,23.0,881.0,23881.0,62.0,1999.0,1GDJ6H1C9XJ5,1,G,D,J,6,H,1,C,9,X,J,5,1.0,T,GMC,6H4,CB,99.0,17.0,nan,6.0,2810.0,1330.0,CSR,D,nan,,6,439,,,,,00000,00,,42,1.0,99.0,999999999,99999999999,2.0,4.0,3.0,1.0,0.0,0.0,0.0,0.0,0.0,0.0,0.0,55.0,0.0,0.0,0.0,12.0,6.0,2.0,12.0,0.0,0.0,0.0,1.0,1.0,35057.0,6.0,1.0,6.0,0.0,3.0,0.0,72.0,198.0,0.0,0.0,0.0,0.0,0.0,0.0,0.0,0.0,0.0,0.0,0.0,0.0,0.0,0.0,1.0,2.0,55.0,1.0,1.0,2.0,1.0,0.0,0.0,1.0,63.0,1.0,1.0,1.0,51.0,0.0,0.0
1.0,10102.0,1.0,1.0,1.0,22.0,2.0,10.0,25.0,42.0,0.0,1.0,0.0,1.0,1.0,12.0,37.0,12037.0,4.0,2010.0,1FAHP3EN5AW1,1,F,A,H,P,3,E,N,5,A,W,1,0.0,P,FORD,FKS,4D,10.0,17.0,2623.0,nan,0.0,1029.0,,G,nan,F,4,122,,,15R195,,,,,,0.0,0.0,000000000,00000000000,0.0,0.0,0.0,1.0,0.0,0.0,0.0,0.0,0.0,0.0,0.0,55.0,0.0,0.0,0.0,12.0,6.0,2.0,42.0,0.0,0.0,0.0,1.0,1.0,35131.0,6.0,1.0,0.0,0.0,3.0,0.0,72.0,175.0,0.0,0.0,0.0,0.0,0.0,0.0,0.0,0.0,0.0,0.0,89.0,0.0,0.0,0.0,1.0,2.0,55.0,1.0,5.0,2.0,1.0,0.0,0.0,1.0,12.0,1.0,1.0,4.0,6.0,1.0,0.0
1.0,10103.0,1.0,1.0,1.0,26.0,2.0,4.0,5.0,24.0,0.0,1.0,0.0,1.0,2.0,35.0,43.0,35043.0,4.0,1998.0,3N1AB41D8WL0,3,N,1,A,B,4,1,D,8,W,L,0,0.0,P,NISS,XGX,4D,98.0,17.0,2406.0,nan,0.0,998.0,,G,nan,F,4,097,,,13R155,,,,,,0.0,0.0,000000000,00000000000,0.0,0.0,0.0,1.0,0.0,0.0,0.0,0.0,0.0,0.0,0.0,75.0,0.0,1.0,3.0,12.0,6.0,2.0,34.0,0.0,0.0,0.0,1.0,1.0,35214.0,1.0,1.0,0.0,0.0,2.0,0.0,63.0,120.0,0.0,1.0,0.0,1.0,1.0,12.0,2009.0,1.0,2012.0,1.0,0.0,0.0,0.0,0.0,2.0,2.0,65.0,1.0,1.0,2.0,1.0,0.0,0.0,1.0,13.0,1.0,1.0,4.0,1.0,1.0,0.0
1.0,10104.0,1.0,1.0,1.0,12.0,2.0,19.0,57.0,8.0,0.0,1.0,0.0,1.0,1.0,2.0,404.0,2404.0,14.0,1996.0,1J4GZ58S3TC3,1,J,4,G,Z,5,8,S,3,T,C,3,0.0,T,JEEP,LRO,4W,96.0,17.0,nan,1.0,0.0,1059.0,GCK,G,nan,,6,242,,,,,3686,00,E,44,0.0,0.0,000000000,00000000000,0.0,0.0,0.0,1.0,0.0,0.0,0.0,0.0,0.0,0.0,0.0,45.0,0.0,0.0,0.0,12.0,2.0,3.0,8.0,0.0,0.0,0.0,1.0,1.0,36067.0,6.0,1.0,0.0,0.0,3.0,1.0,70.0,200.0,0.0,0.0,0.0,0.0,0.0,0.0,0.0,0.0,0.0,0.0,0.0,0.0,0.0,0.0,2.0,2.0,45.0,1.0,1.0,2.0,1.0,0.0,0.0,1.0,80.0,1.0,1.0,1.0,13.0,0.0,0.0
1.0,10105.0,1.0,2.0,1.0,21.0,2.0,11.0,50.0,12.0,6.0,1.0,0.0,55.0,1.0,12.0,17.0,12017.0,6.0,2008.0,1FMDK05W58GA,1,F,M,D,K,0,5,W,5,8,G,A,0.0,P,FORD,TRX,UT,8.0,17.0,4112.0,nan,0.0,1129.0,,G,nan,F,6,214,,,17R215,,,,,,0.0,0.0,000000000,00000000000,0.0,0.0,0.0,1.0,0.0,0.0,0.0,0.0,0.0,0.0,0.0,10.0,0.0,0.0,0.0,10.0,6.0,2.0,12.0,0.0,0.0,0.0,1.0,55.0,54615.0,6.0,1.0,0.0,0.0,3.0,1.0,71.0,165.0,0.0,0.0,0.0,0.0,0.0,0.0,0.0,0.0,0.0,0.0,38.0,0.0,0.0,0.0,1.0,2.0,35.0,1.0,1.0,2.0,1.0,20.0,3.0,11.0,15.0,1.0,1.0,1.0,82.0,1.0,0.0