STATE,ST_CASE,VEH_NO,VE_FORMS,NUMOCCS,DAY,MONTH,HOUR,MINUTE,HARM_EV,MAN_COLL,UNITTYPE,HIT_RUN,REG_STAT,OWNER,MAKE,MODEL,MAK_MOD,BODY_TYP,MOD_YEAR,VIN,VIN_1,VIN_2,VIN_3,VIN_4,VIN_5,VIN_6,VIN_7,VIN_8,VIN_9,VIN_10,VIN_11,VIN_12,TOW_VEH,VINTYPE,VINMAKE,VINA_MOD,VIN_BT,VINMODYR,VIN_LNGT,VIN_WGT,WGTCD_TR,WHLBS_LG,WHLBS_SH,SER_TR,FUELCODE,MCYCL_DS,CARBUR,CYLINDER,DISPLACE,MCYCL_CY,MCYCL_WT,TIRE_SZE,TON_RAT,TRK_WT,TRKWTVAR,VIN_REST,WHLDRWHL,J_KNIFE,MCARR_I1,MCARR_I2,MCARR_ID,GVWR,V_CONFIG,CARGO_BT,HAZ_INV,HAZ_PLAC,HAZ_ID,HAZ_CNO,HAZ_REL,BUS_USE,SPEC_USE,EMER_USE,TRAV_SP,UNDERIDE,ROLLOVER,ROLINLOC,IMPACT1,DEFORMED,TOWED,M_HARM,VEH_SC1,VEH_SC2,FIRE_EXP,DR_PRES,L_STATE,DR_ZIP,L_STATUS,L_TYPE,CDL_STAT,L_ENDORS,L_COMPL,L_RESTRI,DR_HGT,DR_WGT,PREV_ACC,PREV_SUS,PREV_DWI,PREV_SPD,PREV_OTH,FIRST_MO,FIRST_YR,LAST_MO,LAST_YR,SPEEDREL,DR_SF1,DR_SF2,DR_SF3,DR_SF4,VTRAFWAY,VNUM_LAN,VSPD_LIM,VALIGN,VPROFILE,VPAVETYP,VSURCOND,VTRAFCON,VTCONT_F,P_CRASH1,P_CRASH2,P_CRASH3,PCRASH4,PCRASH5,ACC_TYPE,DEATHS,DR_DRINK
1.0,10122.0,1.0,2.0,3.0,9.0,3.0,22.0,0.0,1.0,0.0,1.0,0.0,1.0,2.0,41.0,441.0,41441.0,20.0,2005.0,JM3LW28A9505,J,M,3,L,W,2,8,A,9,5,0,5,0.0,P,MAZD,MWG,SV,5.0,17.0,3772.0,nan,0.0,1118.0,,G,nan,F,6,181,,,16R215,,,,,,0.0,0.0,000000000,00000000000,0.0,0.0,0.0,1.0,0.0,0.0,0.0,0.0,0.0,0.0,0.0,65.0,0.0,1.0,3.0,0.0,6.0,2.0,1.0,0.0,0.0,0.0,1.0,1.0,36360.0,6.0,2.0,0.0,0.0,3.0,0.0,74.0,165.0,0.0,0.0,0.0,0.0,0.0,0.0,0.0,0.0,0.0,0.0,58.0,0.0,0.0,0.0,2.0,4.0,50.0,1.0,6.0,2.0,1.0,0.0,0.0,1.0,12.0,7.0,4.0,4.0,7.0,1.0,0.0
1.0,10122.0,2.0,2.0,1.0,9.0,3.0,22.0,0.0,1.0,0.0,1.0,0.0,4.0,4.0,41.0,50.0,41050.0,4.0,2012.0,1YVHZ8BH7C5M,1,Y,V,H,Z,8,B,H,7,C,5,M,0.0,P,MAZD,M6I,4D,12.0,17.0,3272.0,nan,0.0,1098.0,,G,nan,F,4,152,,,16R205,,,,,,0.0,0.0,000000000,00000000000,0.0,0.0,0.0,1.0,0.0,0.0,0.0,0.0,0.0,0.0,0.0,50.0,0.0,0.0,0.0,12.0,6.0,2.0,12.0,0.0,0.0,0.0,1.0,12.0,32401.0,6.0,1.0,6.0,0.0,3.0,0.0,74.0,999.0,0.0,0.0,0.0,0.0,0.0,0.0,0.0,0.0,0.0,0.0,0.0,0.0,0.0,0.0,2.0,2.0,50.0,1.0,5.0,2.0,1.0,0.0,0.0,1.0,62.0,7.0,1.0,2.0,98.0,0.0,0.0
1.0,10123.0,1.0,1.0,1.0,13.0,3.0,19.0,3.0,53.0,0.0,1.0,0.0,1.0,1.0,20.0,471.0,20471.0,30.0,1998.0,1GCCS144XW82,1,G,C,C,S,1,4,4,X,W,8,2,0.0,T,CHEV,S14,PK,98.0,17.0,nan,1.0,1179.0,1083.0,S,G,nan,,4,133,,,,B,3003,00,,42,0.0,0.0,000000000,00000000000,0.0,0.0,0.0,1.0,0.0,0.0,0.0,0.0,0.0,0.0,0.0,70.0,0.0,1.0,5.0,12.0,6.0,2.0,30.0,0.0,0.0,0.0,1.0,1.0,35475.0,2.0,1.0,0.0,0.0,2.0,0.0,64.0,135.0,2.0,2.0,1.0,0.0,1.0,7.0,2010.0,7.0,2011.0,1.0,0.0,0.0,0.0,0.0,1.0,2.0,55.0,1.0,1.0,2.0,1.0,0.0,0.0,1.0,13.0,1.0,1.0,4.0,1.0,1.0,1.0
1.0,10124.0,1.0,1.0,1.0,14.0,3.0,0.0,3.0,30.0,0.0,1.0,0.0,1.0,1.0,20.0,481.0,20481.0,31.0,1983.0,1GCDC14H2DS1,1,G,C,D,C,1,4,H,2,D,S,1,0.0,T,CHEV,C10,PK,83.0,17.0,nan,1.0,1315.0,1175.0,C10,G,nan,,8,305,,,,B,3258,03,,42,0.0,0.0,000000000,00000000000,0.0,0.0,0.0,1.0,0.0,0.0,0.0,0.0,0.0,0.0,0.0,999.0,0.0,0.0,0.0,12.0,6.0,2.0,30.0,0.0,0.0,0.0,1.0,1.0,36079.0,6.0,1.0,0.0,0.0,3.0,1.0,71.0,260.0,0.0,0.0,0.0,0.0,0.0,0.0,0.0,0.0,0.0,9.0,0.0,0.0,0.0,0.0,1.0,2.0,35.0,1.0,1.0,2.0,2.0,0.0,0.0,1.0,12.0,1.0,1.0,4.0,6.0,1.0,0.0
1.0,10125.0,1.0,1.0,3.0,22.0,3.0,20.0,39.0,30.0,0.0,1.0,0.0,1.0,2.0,7.0,472.0,7472.0,30.0,2002.0,1B7GL32X02S5,1,B,7,G,L,3,2,X,0,2,S,5,0.0,T,DODG,DSX,PC,2.0,17.0,nan,1.0,0.0,1309.0,DAK,G,nan,,6,239,,,,B,3538,02,E,42,0.0,0.0,000000000,00000000000,0.0,0.0,0.0,1.0,0.0,0.0,0.0,0.0,0.0,0.0,0.0,999.0,0.0,0.0,0.0,11.0,6.0,2.0,30.0,0.0,0.0,0.0,1.0,1.0,35501.0,1.0,1.0,0.0,0.0,2.0,1.0,67.0,140.0,0.0,1.0,0.0,0.0,0.0,10.0,2011.0,10.0,2011.0,1.0,0.0,0.0,0.0,0.0,1.0,2.0,25.0,2.0,6.0,2.0,2.0,0.0,0.0,14.0,13.0,7.0,1.0,4.0,1.0,1.0,0.0
1.0,10126.0,1.0,2.0,3.0,24.0,3.0,9.0,3.0,12.0,2.0,1.0,0.0,1.0,2.0,37.0,32.0,37032.0,4.0,2011.0,1HGCP2F30BA0,1,H,G,C,P,2,F,3,0,B,A,0,0.0,P,HOND,ULX,4D,11.0,17.0,3279.0,nan,0.0,1102.0,,G,nan,F,4,146,,,16R215,,,,,,0.0,0.0,000000000,00000000000,0.0,0.0,0.0,1.0,0.0,0.0,0.0,0.0,0.0,0.0,0.0,25.0,0.0,0.0,0.0,12.0,6.0,2.0,12.0,0.0,0.0,0.0,1.0,1.0,35072.0,6.0,1.0,0.0,0.0,3.0,0.0,69.0,198.0,0.0,0.0,0.0,0.0,0.0,0.0,0.0,0.0,0.0,0.0,38.0,0.0,0.0,0.0,1.0,2.0,55.0,1.0,1.0,2.0,1.0,0.0,0.0,11.0,15.0,1.0,1.0,1.0,68.0,1.0,0.0
1.0,10126.0,2.0,2.0,1.0,24.0,3.0,9.0,3.0,12.0,2.0,1.0,0.0,1.0,2.0,7.0,482.0,7482.0,31.0,2012.0,1C6RD7LT0CS1,1,C,6,R,D,7,L,T,0,C,S,1,0.0,T,DODG,SL1,CW,12.0,17.0,nan,2.0,0.0,1400.0,RPC,G,nan,,8,348,,,,B,5478,00,K,44,0.0,0.0,000000000,00000000000,0.0,0.0,0.0,1.0,0.0,0.0,0.0,0.0,0.0,0.0,0.0,55.0,0.0,0.0,0.0,12.0,6.0,2.0,12.0,0.0,0.0,0.0,1.0,1.0,35072.0,6.0,1.0,0.0,0.0,3.0,0.0,72.0,175.0,0.0,0.0,0.0,0.0,0.0,0.0,0.0,0.0,0.0,0.0,0.0,0.0,0.0,0.0,1.0,2.0,55.0,1.0,1.0,2.0,1.0,0.0,0.0,1.0,62.0,9.0,1.0,1.0,69.0,0.0,0.0
1.0,10127.0,1.0,1.0,1.0,19.0,2.0,11.0,37.0,24.0,0.0,1.0,0.0,1.0,1.0,72.0,706.0,72706.0,80.0,2006.0,1HD1JFB176Y0,1,H,D,1,J,F,B,1,7,6,Y,0,0.0,M,HD,FSF,RS,6.0,17.0,nan,nan,nan,nan,,,1450.0,,2,,4,719,,,,,,,0.0,0.0,000000000,00000000000,0.0,0.0,0.0,1.0,0.0,0.0,0.0,0.0,0.0,0.0,0.0,999.0,0.0,0.0,0.0,11.0,6.0,2.0,24.0,0.0,0.0,0.0,1.0,1.0,35211.0,6.0,1.0,0.0,0.0,3.0,0.0,71.0,190.0,0.0,0.0,0.0,0.0,0.0,0.0,0.0,0.0,0.0,1.0,89.0,0.0,0.0,0.0,6.0,1.0,35.0,2.0,6.0,2.0,2.0,0.0,0.0,14.0,12.0,1.0,1.0,4.0,6.0,1.0,0.0
1.0,10128.0,1.0,1.0,1.0,1.0,3.0,0.0,1.0,34.0,0.0,1.0,0.0,12.0,1.0,72.0,706.0,72706.0,80.0,2007.0,1HD4CR2157K4,1,H,D,4,C,R,2,1,5,7,K,4,0.0,M,HD,XLL,RS,7.0,17.0,nan,nan,nan,nan,,,883.0,,2,,4,563,,,,,,,0.0,0.0,000000000,00000000000,0.0,0.0,0.0,1.0,0.0,0.0,0.0,0.0,0.0,0.0,0.0,60.0,0.0,0.0,0.0,12.0,6.0,2.0,32.0,0.0,0.0,0.0,1.0,12.0,33763.0,6.0,1.0,0.0,0.0,3.0,0.0,70.0,999.0,0.0,0.0,0.0,0.0,1.0,3.0,2010.0,3.0,2010.0,1.0,0.0,0.0,0.0,0.0,1.0,2.0,50.0,1.0,5.0,2.0,2.0,0.0,0.0,1.0,13.0,1.0,1.0,4.0,1.0,1.0,1.0
1.0,10129.0,1.0,1.0,1.0,2.0,3.0,20.0,0.0,1.0,0.0,1.0,0.0,1.0,2.0,21.0,401.0,21401.0,14.0,2000.0,1GHDT13W0Y23,1,G,H,D,T,1,3,W,0,Y,2,3,0.0,P,OLDS,BRA,UT,0.0,17.0,4068.0,nan,0.0,1070.0,,G,nan,F,6,262,,,15R235,,,,,,0.0,0.0,000000000,00000000000,0.0,0.0,0.0,1.0,0.0,0.0,0.0,0.0,0.0,0.0,0.0,106.0,0.0,1.0,3.0,0.0,6.0,2.0,1.0,0.0,0.0,0.0,1.0,1.0,36449.0,6.0,1.0,0.0,0.0,3.0,0.0,68.0,180.0,0.0,0.0,0.0,1.0,0.0,9.0,2009.0,9.0,2009.0,1.0,0.0,0.0,0.0,0.0,2.0,2.0,65.0,1.0,6.0,2.0,1.0,0.0,0.0,1.0,12.0,7.0,4.0,4.0,7.0,1.0,1.0
1.0,10130.0,1.0,2.0,4.0,2.0,3.0,13.0,45.0,53.0,0.0,1.0,0.0,92.0,0.0,41.0,35.0,41035.0,4.0,1998.0,JM1BC1415W02,J,M,1,B,C,1,4,1,5,W,0,2,0.0,P,MAZD,PDS,4D,98.0,17.0,2385.0,nan,0.0,1026.0,,G,nan,F,4,091,,,13R175,,,,,,0.0,0.0,000000000,00000000000,0.0,0.0,0.0,1.0,0.0,0.0,0.0,0.0,0.0,0.0,0.0,55.0,0.0,0.0,0.0,1.0,6.0,2.0,12.0,0.0,0.0,0.0,1.0,1.0,36801.0,6.0,1.0,0.0,0.0,3.0,0.0,67.0,135.0,0.0,0.0,0.0,0.0,0.0,0.0,0.0,0.0,0.0,0.0,0.0,0.0,0.0,0.0,1.0,2.0,55.0,1.0,1.0,2.0,1.0,0.0,0.0,1.0,13.0,1.0,1.0,4.0,1.0,1.0,1.0
1.0,10130.0,2.0,2.0,1.0,2.0,3.0,13.0,45.0,53.0,0.0,1.0,0.0,1.0,3.0,51.0,881.0,51881.0,66.0,2007.0,4V4NC9GH07N4,4,V,4,N,C,9,G,H,0,7,N,4,1.0,T,VOLV,VNL,TR,7.0,17.0,nan,8.0,0.0,0.0,VVN,D,nan,,6,732,,,,,00000,00,,64,1.0,57.0,159292,57159292,3.0,6.0,3.0,1.0,0.0,0.0,0.0,0.0,0.0,0.0,0.0,55.0,0.0,0.0,0.0,12.0,6.0,2.0,12.0,0.0,0.0,0.0,1.0,1.0,36345.0,6.0,1.0,6.0,0.0,3.0,0.0,70.0,210.0,0.0,0.0,0.0,0.0,0.0,0.0,0.0,0.0,0.0,0.0,0.0,0.0,0.0,0.0,1.0,2.0,55.0,1.0,1.0,2.0,1.0,0.0,0.0,1.0,62.0,1.0,1.0,1.0,98.0,0.0,0.0
1.0,10131.0,1.0,1.0,1.0,2.0,3.0,1.0,33.0,33.0,0.0,1.0,0.0,1.0,1.0,41.0,471.0,41471.0,30.0,1998.0,4F4YR12C7WTM,4,F,4,Y,R,1,2,C,7,W,T,M,0.0,T,MAZD,5RC,PK,98.0,17.0,nan,1.0,0.0,1116.0,B25,G,nan,,4,152,,,,,3146,00,E,42,0.0,0.0,000000000,00000000000,0.0,0.0,0.0,1.0,0.0,0.0,0.0,0.0,0.0,0.0,0.0,85.0,0.0,0.0,0.0,98.0,6.0,2.0,33.0,0.0,0.0,0.0,1.0,1.0,35803.0,6.0,1.0,0.0,0.0,3.0,0.0,67.0,150.0,0.0,0.0,0.0,1.0,0.0,8.0,2011.0,8.0,2011.0,1.0,58.0,0.0,0.0,0.0,1.0,2.0,45.0,1.0,1.0,2.0,2.0,0.0,0.0,1.0,6.0,6.0,2.0,4.0,7.0,1.0,1.0
1.0,10132.0,1.0,1.0,1.0,2.0,3.0,0.0,30.0,32.0,0.0,1.0,0.0,1.0,2.0,12.0,471.0,12471.0,30.0,2000.0,1FTYR14CXYTA,1,F,T,Y,R,1,4,C,X,Y,T,A,0.0,T,FORD,RNS,PC,0.0,17.0,nan,1.0,0.0,1257.0,RNG,G,nan,,4,153,,,,B,3271,01,U,42,0.0,0.0,000000000,00000000000,0.0,0.0,0.0,1.0,0.0,0.0,0.0,0.0,0.0,0.0,0.0,55.0,0.0,1.0,5.0,7.0,6.0,2.0,1.0,0.0,0.0,0.0,1.0,1.0,36426.0,6.0,1.0,0.0,0.0,3.0,1.0,65.0,255.0,0.0,1.0,0.0,2.0,1.0,2.0,2010.0,7.0,2011.0,1.0,89.0,0.0,0.0,0.0,1.0,2.0,45.0,2.0,5.0,2.0,1.0,0.0,0.0,14.0,12.0,1.0,1.0,4.0,6.0,1.0,0.0
1.0,10133.0,1.0,1.0,2.0,4.0,3.0,16.0,50.0,42.0,0.0,1.0,0.0,1.0,2.0,35.0,471.0,35471.0,30.0,1997.0,1N6SD11S8VC3,1,N,6,S,D,1,1,S,8,V,C,3,0.0,T,NISS,XES,PK,97.0,17.0,nan,1.0,0.0,1043.0,TRK,G,nan,,4,146,,,,B,2718,01,M,42,0.0,0.0,000000000,00000000000,0.0,0.0,0.0,1.0,0.0,0.0,0.0,0.0,0.0,0.0,0.0,60.0,0.0,0.0,0.0,12.0,6.0,2.0,42.0,0.0,0.0,0.0,1.0,1.0,36426.0,6.0,1.0,0.0,0.0,3.0,0.0,73.0,223.0,0.0,0.0,0.0,0.0,0.0,0.0,0.0,0.0,0.0,0.0,0.0,0.0,0.0,0.0,1.0,2.0,45.0,1.0,6.0,2.0,1.0,0.0,0.0,1.0,12.0,1.0,1.0,4.0,6.0,1.0,0.0
1.0,10134.0,1.0,2.0,1.0,4.0,3.0,2.0,25.0,12.0,6.0,1.0,0.0,1.0,2.0,41.0,50.0,41050.0,4.0,2003.0,1YVFP80C935M,1,Y,V,F,P,8,0,C,9,3,5,M,0.0,P,MAZD,M6I,4D,3.0,17.0,3042.0,nan,0.0,1053.0,,G,nan,F,4,138,,,16R205,,,,,,0.0,0.0,000000000,00000000000,0.0,0.0,0.0,1.0,0.0,0.0,0.0,0.0,0.0,0.0,0.0,94.0,0.0,0.0,0.0,10.0,6.0,2.0,12.0,0.0,0.0,0.0,1.0,1.0,35205.0,1.0,1.0,0.0,0.0,2.0,0.0,69.0,141.0,0.0,2.0,0.0,0.0,1.0,4.0,2010.0,10.0,2010.0,1.0,0.0,0.0,0.0,0.0,2.0,4.0,45.0,1.0,1.0,2.0,1.0,0.0,0.0,1.0,6.0,6.0,4.0,4.0,64.0,1.0,0.0
1.0,10134.0,2.0,2.0,1.0,4.0,3.0,2.0,25.0,12.0,6.0,1.0,0.0,17.0,4.0,82.0,881.0,82881.0,66.0,2012.0,1FUJGLBG6CSB,1,F,U,J,G,L,B,G,6,C,S,B,1.0,T,FRHT,125,TR,12.0,17.0,nan,8.0,0.0,0.0,CSC,D,nan,,6,915,,,,,00000,00,,64,1.0,57.0,2189553,572189553,3.0,6.0,1.0,1.0,0.0,0.0,0.0,0.0,0.0,0.0,0.0,40.0,0.0,0.0,0.0,12.0,6.0,2.0,12.0,0.0,0.0,0.0,1.0,28.0,38826.0,6.0,1.0,6.0,0.0,3.0,1.0,71.0,170.0,0.0,0.0,0.0,0.0,0.0,0.0,0.0,0.0,0.0,0.0,0.0,0.0,0.0,0.0,2.0,2.0,45.0,1.0,1.0,2.0,1.0,0.0,0.0,1.0,62.0,1.0,1.0,1.0,65.0,0.0,0.0
1.0,10135.0,1.0,1.0,2.0,5.0,3.0,21.0,20.0,53.0,0.0,1.0,0.0,1.0,2.0,49.0,40.0,49040.0,4.0,1997.0,4T1BG22K7VU0,4,T,1,B,G,2,2,K,7,V,U,0,0.0,P,TOYT,UEX,4D,97.0,17.0,2976.0,nan,0.0,1051.0,,G,nan,F,4,132,,,14R195,,,,,,0.0,0.0,000000000,00000000000,0.0,0.0,0.0,1.0,0.0,0.0,0.0,0.0,0.0,0.0,0.0,65.0,0.0,0.0,0.0,2.0,6.0,2.0,42.0,0.0,0.0,0.0,1.0,1.0,36351.0,2.0,1.0,2.0,0.0,2.0,0.0,72.0,130.0,0.0,0.0,0.0,0.0,0.0,0.0,0.0,0.0,0.0,0.0,0.0,0.0,0.0,0.0,1.0,2.0,45.0,3.0,6.0,2.0,1.0,0.0,0.0,14.0,13.0,6.0,2.0,4.0,6.0,1.0,1.0
1.0,10136.0,1.0,1.0,1.0,6.0,3.0,2.0,15.0,35.0,0.0,1.0,0.0,1.0,2.0,23.0,421.0,23421.0,15.0,1999.0,1GKEK13R0XR9,1,G,K,E,K,1,3,R,0,X,R,9,0.0,T,GMC,DEN,4W,99.0,17.0,nan,2.0,0.0,1175.0,DEN,G,nan,,8,350,,,,B,5564,00,E,44,0.0,0.0,000000000,00000000000,0.0,0.0,0.0,1.0,0.0,0.0,0.0,0.0,0.0,0.0,0.0,75.0,0.0,1.0,5.0,12.0,6.0,2.0,1.0,0.0,0.0,0.0,1.0,48.0,78022.0,6.0,1.0,0.0,0.0,3.0,0.0,60.0,140.0,0.0,0.0,0.0,0.0,0.0,0.0,0.0,0.0,0.0,0.0,0.0,0.0,0.0,0.0,1.0,2.0,45.0,1.0,3.0,2.0,1.0,0.0,0.0,1.0,12.0,1.0,1.0,4.0,6.0,1.0,1.0
1.0,10137.0,1.0,2.0,1.0,6.0,3.0,5.0,45.0,12.0,2.0,1.0,0.0,1.0,1.0,20.0,481.0,20481.0,31.0,1981.0,1GCDC14D7BF3,1,G,C,D,C,1,4,D,7,B,F,3,0.0,T,CHEV,C10,PK,81.0,17.0,nan,1.0,1315.0,1175.0,C10,G,nan,,6,250,,,,B,3348,02,,42,0.0,0.0,000000000,00000000000,0.0,0.0,0.0,1.0,0.0,0.0,0.0,0.0,0.0,0.0,0.0,65.0,0.0,0.0,0.0,12.0,6.0,2.0,12.0,0.0,0.0,0.0,1.0,1.0,35760.0,6.0,1.0,0.0,0.0,3.0,0.0,76.0,160.0,0.0,0.0,0.0,1.0,0.0,6.0,2009.0,6.0,2009.0,1.0,0.0,0.0,0.0,0.0,1.0,2.0,45.0,3.0,1.0,2.0,1.0,0.0,0.0,14.0,10.0,1.0,1.0,2.0,50.0,1.0,0.0
1.0,10137.0,2.0,2.0,1.0,6.0,3.0,5.0,45.0,12.0,2.0,1.0,0.0,1.0,3.0,12.0,881.0,12881.0,61.0,2000.0,1FDAF56FXYED,1,F,D,A,F,5,6,F,X,Y,E,D,0.0,T,FORD,F5D,CB,0.0,17.0,nan,5.0,2010.0,1410.0,DRW,D,nan,,8,444,,,,,6072,08,E,42,0.0,88.0,888888888,88888888888,2.0,1.0,97.0,1.0,0.0,0.0,0.0,0.0,0.0,0.0,0.0,45.0,0.0,0.0,0.0,12.0,6.0,2.0,12.0,0.0,0.0,0.0,1.0,1.0,35763.0,6.0,1.0,6.0,0.0,3.0,0.0,76.0,225.0,1.0,0.0,0.0,0.0,0.0,9.0,2009.0,9.0,2009.0,0.0,0.0,0.0,0.0,0.0,1.0,2.0,45.0,3.0,1.0,2.0,1.0,0.0,0.0,14.0,62.0,9.0,1.0,1.0,51.0,0.0,0.0
1.0,10138.0,1.0,1.0,1.0,7.0,3.0,10.0,10.0,38.0,0.0,1.0,0.0,1.0,2.0,20.0,36.0,20036.0,2.0,1999.0,2G1WW12M0X92,2,G,1,W,W,1,2,M,0,X,9,2,0.0,P,CHEV,MLS,CP,99.0,17.0,3306.0,nan,0.0,1075.0,,G,nan,F,6,191,,,15R205,,,,,,0.0,0.0,000000000,00000000000,0.0,0.0,0.0,1.0,0.0,0.0,0.0,0.0,0.0,0.0,0.0,55.0,0.0,1.0,5.0,12.0,6.0,2.0,1.0,0.0,0.0,0.0,1.0,1.0,36535.0,0.0,0.0,0.0,0.0,0.0,0.0,999.0,999.0,0.0,0.0,0.0,0.0,0.0,0.0,0.0,0.0,0.0,1.0,0.0,0.0,0.0,0.0,1.0,2.0,35.0,1.0,1.0,5.0,1.0,0.0,0.0,1.0,12.0,1.0,1.0,4.0,6.0,1.0,0.0
1.0,10139.0,1.0,2.0,1.0,7.0,3.0,17.0,0.0,12.0,6.0,1.0,0.0,1.0,1.0,7.0,34.0,7034.0,3.0,1987.0,1B3BA24K9HU0,1,B,3,B,A,2,4,K,9,H,U,0,0.0,P,DODG,CLE,2H,87.0,17.0,1911.0,nan,0.0,937.0,,G,nan,2,4,090,,,13R145,,,,,,0.0,0.0,000000000,00000000000,0.0,0.0,0.0,1.0,0.0,0.0,0.0,0.0,0.0,0.0,0.0,15.0,0.0,0.0,0.0,9.0,6.0,2.0,12.0,0.0,0.0,0.0,1.0,1.0,35750.0,6.0,1.0,0.0,0.0,3.0,1.0,73.0,165.0,0.0,0.0,0.0,0.0,0.0,0.0,0.0,0.0,0.0,0.0,38.0,0.0,0.0,0.0,1.0,2.0,40.0,1.0,1.0,2.0,1.0,20.0,3.0,1.0,17.0,1.0,1.0,1.0,89.0,1.0,0.0
1.0,10139.0,2.0,2.0,1.0,7.0,3.0,17.0,0.0,12.0,6.0,1.0,0.0,1.0,2.0,49.0,401.0,49401.0,14.0,2004.0,JTEGD20V5400,J,T,E,G,D,2,0,V,5,4,0,0,0.0,P,TOYT,RV4,UT,4.0,17.0,2897.0,nan,0.0,980.0,,G,nan,F,4,144,,,16R215,,,,,,0.0,0.0,000000000,00000000000,0.0,0.0,0.0,1.0,0.0,0.0,0.0,0.0,0.0,0.0,0.0,60.0,0.0,0.0,0.0,12.0,6.0,2.0,12.0,0.0,0.0,0.0,1.0,1.0,35750.0,6.0,1.0,0.0,0.0,3.0,0.0,67.0,200.0,0.0,1.0,1.0,2.0,0.0,12.0,2009.0,5.0,2010.0,0.0,0.0,0.0,0.0,0.0,2.0,2.0,60.0,1.0,1.0,2.0,1.0,0.0,0.0,1.0,66.0,1.0,1.0,1.0,88.0,0.0,0.0
1.0,10140.0,1.0,2.0,2.0,8.0,3.0,17.0,5.0,12.0,1.0,1.0,0.0,92.0,0.0,98.0,998.0,98998.0,92.0,2009.0,PYS07SU00048,P,Y,S,0,7,S,U,0,0,0,4,8,0.0,U,,,,9.0,13.0,nan,nan,nan,nan,,,nan,,,,,,,,,,,,0.0,0.0,000000000,00000000000,0.0,0.0,0.0,1.0,0.0,0.0,0.0,0.0,0.0,0.0,0.0,25.0,0.0,0.0,0.0,6.0,6.0,2.0,12.0,0.0,0.0,0.0,1.0,1.0,35761.0,6.0,1.0,0.0,0.0,1.0,0.0,67.0,185.0,0.0,0.0,0.0,0.0,1.0,6.0,2010.0,6.0,2010.0,0.0,45.0,0.0,0.0,0.0,2.0,2.0,65.0,1.0,1.0,2.0,2.0,0.0,0.0,1.0,53.0,1.0,1.0,1.0,25.0,1.0,0.0
1.0,10140.0,2.0,2.0,1.0,8.0,3.0,17.0,5.0,12.0,1.0,1.0,0.0,1.0,1.0,52.0,34.0,52034.0,4.0,2000.0,4A3AA46G1YE1,4,A,3,A,A,4,6,G,1,Y,E,1,0.0,P,MITS,GES,4D,0.0,17.0,3075.0,nan,0.0,1037.0,,G,nan,F,4,143,,,15R195,,,,,,0.0,0.0,000000000,00000000000,0.0,0.0,0.0,1.0,0.0,0.0,0.0,0.0,0.0,0.0,0.0,65.0,0.0,0.0,0.0,12.0,6.0,2.0,12.0,0.0,0.0,0.0,1.0,1.0,35971.0,6.0,1.0,0.0,0.0,3.0,0.0,68.0,120.0,0.0,0.0,0.0,0.0,0.0,0.0,0.0,0.0,0.0,0.0,0.0,0.0,0.0,0.0,2.0,2.0,65.0,1.0,1.0,2.0,2.0,0.0,0.0,1.0,51.0,1.0,1.0,1.0,24.0,0.0,0.0
1.0,10141.0,1.0,3.0,1.0,9.0,3.0,5.0,25.0,12.0,6.0,1.0,0.0,1.0,1.0,12.0,401.0,12401.0,14.0,2000.0,1FMPU18L0YLA,1,F,M,P,U,1,8,L,0,Y,L,A,0.0,P,FORD,EPT,UT,0.0,17.0,5401.0,nan,0.0,1191.0,,G,nan,F,8,330,,,16R255,,,,,,0.0,0.0,000000000,00000000000,0.0,0.0,0.0,1.0,0.0,0.0,0.0,0.0,0.0,0.0,0.0,999.0,0.0,0.0,0.0,12.0,6.0,2.0,12.0,0.0,0.0,0.0,1.0,1.0,35215.0,6.0,1.0,0.0,0.0,3.0,1.0,66.0,175.0,2.0,0.0,0.0,0.0,0.0,3.0,2009.0,1.0,2011.0,0.0,0.0,0.0,0.0,0.0,1.0,4.0,40.0,1.0,1.0,2.0,2.0,0.0,0.0,1.0,10.0,1.0,1.0,2.0,64.0,0.0,0.0
1.0,10141.0,2.0,3.0,1.0,9.0,3.0,5.0,25.0,12.0,6.0,1.0,0.0,1.0,1.0,35.0,39.0,35039.0,4.0,2004.0,1N4BA41E44C8,1,N,4,B,A,4,1,E,4,4,C,8,0.0,P,NISS,MEL,4D,4.0,17.0,3310.0,nan,0.0,1112.0,,G,nan,F,6,214,,,17R225,,,,,,0.0,0.0,000000000,00000000000,0.0,0.0,0.0,1.0,0.0,0.0,0.0,0.0,0.0,0.0,0.0,40.0,0.0,0.0,0.0,8.0,6.0,2.0,12.0,0.0,0.0,0.0,1.0,1.0,35215.0,6.0,1.0,0.0,0.0,3.0,0.0,66.0,132.0,0.0,0.0,0.0,0.0,0.0,0.0,0.0,0.0,0.0,0.0,0.0,0.0,0.0,0.0,2.0,2.0,40.0,1.0,1.0,2.0,2.0,0.0,0.0,1.0,62.0,1.0,1.0,1.0,65.0,0.0,0.0