STATE,ST_CASE,VEH_NO,VE_FORMS,NUMOCCS,DAY,MONTH,HOUR,MINUTE,HARM_EV,MAN_COLL,UNITTYPE,HIT_RUN,REG_STAT,OWNER,MAKE,MODEL,MAK_MOD,BODY_TYP,MOD_YEAR,VIN,VIN_1,VIN_2,VIN_3,VIN_4,VIN_5,VIN_6,VIN_7,VIN_8,VIN_9,VIN_10,VIN_11,VIN_12,TOW_VEH,VINTYPE,VINMAKE,VINA_MOD,VIN_BT,VINMODYR,VIN_LNGT,VIN_WGT,WGTCD_TR,WHLBS_LG,WHLBS_SH,SER_TR,FUELCODE,MCYCL_DS,CARBUR,CYLINDER,DISPLACE,MCYCL_CY,MCYCL_WT,TIRE_SZE,TON_RAT,TRK_WT,TRKWTVAR,VIN_REST,WHLDRWHL,J_KNIFE,MCARR_I1,MCARR_I2,MCARR_ID,GVWR,V_CONFIG,CARGO_BT,HAZ_INV,HAZ_PLAC,HAZ_ID,HAZ_CNO,HAZ_REL,BUS_USE,SPEC_USE,EMER_USE,TRAV_SP,UNDERIDE,ROLLOVER,ROLINLOC,IMPACT1,DEFORMED,TOWED,M_HARM,VEH_SC1,VEH_SC2,FIRE_EXP,DR_PRES,L_STATE,DR_ZIP,L_STATUS,L_TYPE,CDL_STAT,L_ENDORS,L_COMPL,L_RESTRI,DR_HGT,DR_WGT,PREV_ACC,PREV_SUS,PREV_DWI,PREV_SPD,PREV_OTH,FIRST_MO,FIRST_YR,LAST_MO,LAST_YR,SPEEDREL,DR_SF1,DR_SF2,DR_SF3,DR_SF4,VTRAFWAY,VNUM_LAN,VSPD_LIM,VALIGN,VPROFILE,VPAVETYP,VSURCOND,VTRAFCON,VTCONT_F,P_CRASH1,P_CRASH2,P_CRASH3,PCRASH4,PCRASH5,ACC_TYPE,DEATHS,DR_DRINK
1.0,10141.0,3.0,3.0,1.0,9.0,3.0,5.0,25.0,12.0,6.0,1.0,0.0,1.0,1.0,10.0,34.0,10034.0,2.0,1993.0,JE3CA11A2PU0,J,E,3,C,A,1,1,A,2,P,U,0,0.0,P,EGIL,SDL,2D,93.0,17.0,2006.0,nan,0.0,961.0,,G,nan,F,4,090,,,13R145,,,,,,0.0,0.0,000000000,00000000000,0.0,0.0,0.0,1.0,0.0,0.0,0.0,0.0,0.0,0.0,0.0,40.0,0.0,0.0,0.0,12.0,6.0,2.0,12.0,0.0,0.0,0.0,1.0,1.0,35120.0,6.0,1.0,0.0,0.0,3.0,0.0,74.0,180.0,0.0,0.0,0.0,0.0,0.0,0.0,0.0,0.0,0.0,0.0,0.0,0.0,0.0,0.0,1.0,2.0,40.0,1.0,1.0,2.0,2.0,0.0,0.0,1.0,62.0,1.0,1.0,1.0,98.0,1.0,0.0
1.0,10142.0,1.0,1.0,2.0,10.0,3.0,11.0,30.0,42.0,0.0,1.0,0.0,1.0,1.0,20.0,850.0,20850.0,73.0,1985.0,1GBKP37W3F33,1,G,B,K,P,3,7,W,3,F,3,3,0.0,T,CHEV,P30,MH,85.0,17.0,nan,4.0,1780.0,1250.0,P30,G,nan,,8,454,,,,D,3601,07,,42,0.0,0.0,000000000,00000000000,0.0,0.0,0.0,1.0,0.0,0.0,0.0,0.0,0.0,0.0,0.0,60.0,0.0,0.0,0.0,12.0,6.0,2.0,2.0,0.0,0.0,1.0,1.0,1.0,35661.0,6.0,1.0,0.0,0.0,3.0,0.0,73.0,204.0,0.0,0.0,0.0,0.0,0.0,0.0,0.0,0.0,0.0,1.0,89.0,0.0,0.0,0.0,1.0,2.0,45.0,3.0,6.0,2.0,1.0,0.0,0.0,14.0,13.0,1.0,2.0,4.0,2.0,1.0,0.0
1.0,10143.0,1.0,3.0,3.0,10.0,3.0,18.0,10.0,12.0,2.0,1.0,0.0,1.0,2.0,2.0,404.0,2404.0,14.0,2000.0,1J4G248S4YC1,1,J,4,G,2,4,8,S,4,Y,C,1,0.0,T,JEEP,LRO,4W,0.0,17.0,nan,1.0,0.0,1059.0,GCK,G,nan,,6,244,,,,,3664,00,E,42,0.0,0.0,000000000,00000000000,0.0,0.0,0.0,1.0,0.0,0.0,0.0,0.0,0.0,0.0,0.0,55.0,0.0,0.0,0.0,12.0,6.0,2.0,12.0,0.0,0.0,0.0,1.0,1.0,36271.0,6.0,1.0,0.0,0.0,3.0,1.0,66.0,170.0,0.0,0.0,0.0,0.0,0.0,0.0,0.0,0.0,0.0,0.0,28.0,0.0,0.0,0.0,1.0,2.0,55.0,2.0,1.0,2.0,1.0,0.0,0.0,14.0,10.0,1.0,1.0,2.0,50.0,2.0,0.0
1.0,10143.0,2.0,3.0,3.0,10.0,3.0,18.0,10.0,12.0,2.0,1.0,0.0,1.0,1.0,20.0,481.0,20481.0,31.0,2001.0,1GCEK14V11Z1,1,G,C,E,K,1,4,V,1,1,Z,1,0.0,T,CHEV,SK1,PK,1.0,17.0,nan,2.0,1330.0,1190.0,SIL,G,nan,,8,293,,,,B,4445,00,,44,0.0,0.0,000000000,00000000000,0.0,0.0,0.0,1.0,0.0,0.0,0.0,0.0,0.0,0.0,0.0,45.0,0.0,0.0,0.0,12.0,6.0,2.0,12.0,0.0,0.0,0.0,1.0,1.0,35128.0,6.0,1.0,0.0,0.0,3.0,0.0,73.0,245.0,0.0,2.0,0.0,0.0,3.0,5.0,2009.0,11.0,2009.0,0.0,0.0,0.0,0.0,0.0,1.0,2.0,55.0,3.0,1.0,2.0,1.0,0.0,0.0,14.0,62.0,6.0,1.0,1.0,51.0,0.0,0.0
1.0,10143.0,3.0,3.0,1.0,10.0,3.0,18.0,10.0,12.0,2.0,1.0,0.0,1.0,2.0,37.0,32.0,37032.0,4.0,2001.0,JHMCG56481C0,J,H,M,C,G,5,6,4,8,1,C,0,0.0,P,HOND,ULX,4D,1.0,17.0,3031.0,nan,0.0,1069.0,,G,nan,F,4,138,,,15R195,,,,,,0.0,0.0,000000000,00000000000,0.0,0.0,0.0,1.0,0.0,0.0,0.0,0.0,0.0,0.0,0.0,55.0,0.0,0.0,0.0,12.0,6.0,2.0,12.0,0.0,0.0,0.0,1.0,1.0,36271.0,6.0,1.0,0.0,0.0,3.0,0.0,71.0,240.0,0.0,0.0,0.0,3.0,0.0,10.0,2009.0,12.0,2010.0,0.0,0.0,0.0,0.0,0.0,1.0,2.0,55.0,2.0,1.0,2.0,1.0,0.0,0.0,14.0,62.0,1.0,1.0,1.0,98.0,0.0,0.0
1.0,10144.0,1.0,2.0,1.0,1.0,3.0,19.0,16.0,12.0,6.0,1.0,0.0,1.0,1.0,35.0,43.0,35043.0,4.0,2000.0,3N1CB51D1YL3,3,N,1,C,B,5,1,D,1,Y,L,3,0.0,P,NISS,SXG,4D,0.0,17.0,2401.0,nan,0.0,998.0,,G,nan,F,4,108,,,14R185,,,,,,0.0,0.0,000000000,00000000000,0.0,0.0,0.0,1.0,0.0,0.0,0.0,0.0,0.0,0.0,0.0,80.0,0.0,0.0,0.0,3.0,6.0,2.0,12.0,0.0,0.0,1.0,1.0,1.0,35209.0,6.0,1.0,0.0,0.0,3.0,1.0,69.0,165.0,1.0,0.0,0.0,0.0,0.0,8.0,2011.0,8.0,2011.0,0.0,89.0,0.0,0.0,0.0,2.0,4.0,70.0,1.0,1.0,1.0,1.0,0.0,0.0,1.0,10.0,1.0,1.0,4.0,64.0,1.0,1.0
1.0,10144.0,2.0,2.0,1.0,1.0,3.0,19.0,16.0,12.0,6.0,1.0,0.0,51.0,3.0,86.0,881.0,86881.0,66.0,1998.0,1M1AA18Y6WW0,1,M,1,A,A,1,8,Y,6,W,W,0,1.0,T,MACK,CH6,TR,98.0,17.0,nan,8.0,0.0,0.0,600,D,nan,,6,728,,,,,00000,00,,64,1.0,57.0,00508348,5700508348,3.0,6.0,1.0,1.0,0.0,0.0,0.0,0.0,0.0,0.0,0.0,70.0,0.0,0.0,0.0,12.0,6.0,2.0,12.0,0.0,0.0,1.0,1.0,51.0,22801.0,6.0,1.0,6.0,0.0,3.0,0.0,69.0,216.0,0.0,0.0,0.0,0.0,1.0,6.0,2011.0,6.0,2011.0,0.0,0.0,0.0,0.0,0.0,2.0,2.0,70.0,1.0,1.0,2.0,1.0,0.0,0.0,1.0,62.0,1.0,1.0,1.0,65.0,0.0,0.0
1.0,10145.0,1.0,2.0,2.0,10.0,3.0,18.0,3.0,12.0,6.0,1.0,0.0,1.0,2.0,22.0,16.0,22016.0,2.0,1994.0,1G2JB14H8R75,1,G,2,J,B,1,4,H,8,R,7,5,0.0,P,PONT,SLE,CP,94.0,17.0,2484.0,nan,0.0,1013.0,,G,nan,F,4,121,,,14R185,,,,,,0.0,0.0,000000000,00000000000,0.0,0.0,0.0,1.0,0.0,0.0,0.0,0.0,0.0,0.0,0.0,20.0,0.0,0.0,0.0,2.0,6.0,2.0,12.0,0.0,0.0,0.0,1.0,1.0,35962.0,6.0,1.0,0.0,0.0,3.0,0.0,69.0,250.0,0.0,0.0,0.0,0.0,0.0,0.0,0.0,0.0,0.0,0.0,0.0,0.0,0.0,0.0,1.0,2.0,45.0,1.0,1.0,2.0,1.0,20.0,3.0,1.0,17.0,1.0,1.0,1.0,87.0,0.0,1.0
1.0,10145.0,2.0,2.0,1.0,10.0,3.0,18.0,3.0,12.0,6.0,1.0,0.0,1.0,1.0,76.0,706.0,76706.0,80.0,2000.0,JYAVP11E0YA0,J,Y,A,V,P,1,1,E,0,Y,A,0,0.0,M,YAMA,XVS,RS,0.0,17.0,nan,nan,nan,nan,,,1063.0,,2,,4,999,,,,,,,0.0,0.0,000000000,00000000000,0.0,0.0,0.0,1.0,0.0,0.0,0.0,0.0,0.0,0.0,0.0,45.0,0.0,0.0,0.0,12.0,6.0,2.0,12.0,0.0,0.0,0.0,1.0,1.0,35962.0,6.0,1.0,0.0,0.0,3.0,0.0,69.0,250.0,0.0,0.0,0.0,0.0,0.0,0.0,0.0,0.0,0.0,0.0,0.0,0.0,0.0,0.0,1.0,2.0,55.0,1.0,1.0,2.0,1.0,0.0,0.0,1.0,66.0,1.0,1.0,1.0,86.0,1.0,0.0
1.0,10146.0,1.0,2.0,2.0,10.0,3.0,8.0,15.0,12.0,6.0,1.0,0.0,1.0,2.0,49.0,472.0,49472.0,30.0,2007.0,3TMJU62N77M0,3,T,M,J,U,6,2,N,7,7,M,0,0.0,T,TOYT,DCP,CW,7.0,17.0,nan,1.0,0.0,1278.0,TAC,G,nan,,6,244,,,,B,3845,00,E,42,0.0,0.0,000000000,00000000000,0.0,0.0,0.0,1.0,0.0,0.0,0.0,0.0,0.0,0.0,0.0,55.0,0.0,0.0,0.0,11.0,6.0,2.0,12.0,0.0,0.0,0.0,1.0,1.0,35550.0,6.0,1.0,0.0,0.0,3.0,0.0,74.0,195.0,0.0,0.0,0.0,0.0,0.0,0.0,0.0,0.0,0.0,0.0,0.0,0.0,0.0,0.0,1.0,2.0,55.0,1.0,1.0,2.0,1.0,20.0,3.0,1.0,17.0,9.0,1.0,1.0,89.0,0.0,0.0
1.0,10146.0,2.0,2.0,3.0,10.0,3.0,8.0,15.0,12.0,6.0,1.0,0.0,34.0,1.0,49.0,442.0,49442.0,20.0,2006.0,5TDZA23C66S5,5,T,D,Z,A,2,3,C,6,6,S,5,0.0,P,TOYT,SIE,SV,6.0,17.0,4120.0,nan,0.0,1193.0,,G,nan,F,6,201,,,15R205,,,,,,0.0,0.0,000000000,00000000000,0.0,0.0,0.0,1.0,0.0,0.0,0.0,0.0,0.0,0.0,0.0,55.0,0.0,0.0,0.0,12.0,6.0,2.0,12.0,0.0,0.0,0.0,1.0,34.0,7461.0,6.0,1.0,0.0,0.0,3.0,0.0,63.0,121.0,0.0,0.0,0.0,0.0,0.0,0.0,0.0,0.0,0.0,0.0,0.0,0.0,0.0,0.0,1.0,2.0,55.0,1.0,6.0,2.0,1.0,0.0,0.0,1.0,66.0,1.0,1.0,1.0,88.0,1.0,0.0
1.0,10147.0,1.0,1.0,1.0,11.0,3.0,19.0,20.0,1.0,0.0,1.0,0.0,1.0,2.0,49.0,471.0,49471.0,30.0,1988.0,JT4RN67P4J50,J,T,4,R,N,6,7,P,4,J,5,0,0.0,T,TOYT,R6D,PC,88.0,17.0,nan,1.0,0.0,1126.0,X44,G,nan,,4,144,,,,B,3213,01,A,44,0.0,0.0,000000000,00000000000,0.0,0.0,0.0,1.0,0.0,0.0,0.0,0.0,0.0,0.0,0.0,999.0,0.0,1.0,5.0,0.0,6.0,2.0,42.0,0.0,0.0,0.0,1.0,1.0,36701.0,6.0,2.0,0.0,0.0,3.0,1.0,70.0,125.0,0.0,0.0,0.0,0.0,0.0,0.0,0.0,0.0,0.0,0.0,0.0,0.0,0.0,0.0,1.0,2.0,45.0,1.0,1.0,2.0,1.0,0.0,0.0,1.0,12.0,1.0,1.0,4.0,6.0,1.0,0.0
1.0,10148.0,1.0,2.0,4.0,11.0,3.0,17.0,5.0,12.0,6.0,1.0,0.0,1.0,1.0,37.0,31.0,37031.0,4.0,2006.0,1HGFA16516L0,1,H,G,F,A,1,6,5,1,6,L,0,0.0,P,HOND,UCL,4D,6.0,17.0,2751.0,nan,0.0,1063.0,,G,nan,F,4,110,,,16R205,,,,,,0.0,0.0,000000000,00000000000,0.0,0.0,0.0,1.0,0.0,0.0,0.0,0.0,0.0,0.0,0.0,15.0,0.0,0.0,0.0,2.0,6.0,2.0,12.0,0.0,0.0,0.0,1.0,1.0,36279.0,6.0,1.0,0.0,0.0,3.0,0.0,66.0,240.0,1.0,0.0,0.0,0.0,0.0,7.0,2009.0,7.0,2009.0,0.0,38.0,0.0,0.0,0.0,2.0,2.0,65.0,1.0,1.0,2.0,1.0,4.0,3.0,11.0,15.0,1.0,1.0,1.0,76.0,0.0,0.0
1.0,10148.0,2.0,2.0,2.0,11.0,3.0,17.0,5.0,12.0,6.0,1.0,0.0,1.0,1.0,72.0,706.0,72706.0,80.0,2009.0,1HD1FV4139Y6,1,H,D,1,F,V,4,1,3,9,Y,6,0.0,M,HD,FHT,RS,9.0,17.0,nan,nan,nan,nan,,,1584.0,,2,,4,811,,,,,,,0.0,0.0,000000000,00000000000,0.0,0.0,0.0,1.0,0.0,0.0,0.0,0.0,0.0,0.0,0.0,60.0,0.0,0.0,0.0,12.0,6.0,2.0,12.0,0.0,0.0,0.0,1.0,1.0,35954.0,6.0,1.0,0.0,0.0,3.0,1.0,71.0,180.0,0.0,0.0,0.0,0.0,0.0,0.0,0.0,0.0,0.0,0.0,89.0,0.0,0.0,0.0,2.0,2.0,65.0,1.0,1.0,2.0,1.0,4.0,3.0,1.0,65.0,1.0,1.0,1.0,77.0,1.0,0.0
1.0,10149.0,1.0,2.0,1.0,13.0,3.0,15.0,0.0,12.0,1.0,1.0,0.0,28.0,1.0,14.0,6.0,14006.0,4.0,1994.0,2MELM75W2RX6,2,M,E,L,M,7,5,W,2,R,X,6,0.0,P,MERC,MGL,4D,94.0,17.0,3796.0,nan,0.0,1144.0,,G,nan,F,8,281,,,15R215,,,,,,0.0,0.0,000000000,00000000000,0.0,0.0,0.0,1.0,0.0,0.0,0.0,0.0,0.0,0.0,0.0,65.0,0.0,0.0,0.0,12.0,6.0,2.0,12.0,0.0,0.0,0.0,1.0,28.0,38834.0,6.0,1.0,0.0,0.0,3.0,0.0,73.0,185.0,0.0,0.0,0.0,0.0,0.0,0.0,0.0,0.0,0.0,0.0,26.0,0.0,0.0,0.0,2.0,2.0,65.0,1.0,1.0,2.0,1.0,0.0,0.0,1.0,52.0,1.0,1.0,1.0,28.0,0.0,0.0
1.0,10149.0,2.0,2.0,3.0,13.0,3.0,15.0,0.0,12.0,1.0,1.0,0.0,1.0,2.0,20.0,19.0,20019.0,2.0,1995.0,1G1LV15M6SY2,1,G,1,L,V,1,5,M,6,S,Y,2,0.0,P,CHEV,BER,CP,95.0,17.0,2756.0,nan,0.0,1034.0,,G,nan,F,6,191,,,14R195,,,,,,0.0,0.0,000000000,00000000000,0.0,0.0,0.0,1.0,0.0,0.0,0.0,0.0,0.0,0.0,0.0,5.0,0.0,0.0,0.0,6.0,6.0,2.0,12.0,0.0,0.0,0.0,1.0,1.0,35616.0,6.0,1.0,0.0,0.0,3.0,0.0,61.0,120.0,1.0,0.0,0.0,0.0,0.0,8.0,2010.0,8.0,2010.0,0.0,0.0,0.0,0.0,0.0,2.0,2.0,65.0,1.0,1.0,2.0,1.0,0.0,0.0,2.0,53.0,1.0,1.0,1.0,29.0,1.0,0.0
1.0,10150.0,1.0,1.0,2.0,13.0,3.0,20.0,11.0,8.0,0.0,1.0,0.0,1.0,1.0,23.0,481.0,23481.0,31.0,1999.0,1GTGK29U1XE5,1,G,T,G,K,2,9,U,1,X,E,5,0.0,T,GMC,NK2,3C,99.0,17.0,nan,2.0,1575.0,1435.0,SIE,G,nan,,8,364,,,,C,5473,00,U,44,0.0,0.0,000000000,00000000000,0.0,0.0,0.0,1.0,0.0,0.0,0.0,0.0,0.0,0.0,0.0,40.0,0.0,0.0,0.0,12.0,4.0,3.0,8.0,0.0,0.0,0.0,1.0,1.0,36067.0,6.0,1.0,0.0,0.0,3.0,1.0,68.0,145.0,1.0,0.0,0.0,0.0,0.0,4.0,2011.0,4.0,2011.0,0.0,0.0,0.0,0.0,0.0,1.0,2.0,40.0,1.0,5.0,2.0,1.0,0.0,0.0,1.0,80.0,1.0,1.0,1.0,13.0,0.0,0.0
1.0,10151.0,1.0,1.0,1.0,13.0,3.0,7.0,15.0,34.0,0.0,1.0,0.0,1.0,1.0,35.0,43.0,35043.0,4.0,2008.0,3N1AB61E28L7,3,N,1,A,B,6,1,E,2,8,L,7,0.0,P,NISS,SL2,4D,8.0,17.0,2804.0,nan,0.0,1057.0,,G,nan,F,4,122,,,15R205,,,,,,0.0,0.0,000000000,00000000000,0.0,0.0,0.0,1.0,0.0,0.0,0.0,0.0,0.0,0.0,0.0,65.0,0.0,1.0,5.0,12.0,6.0,2.0,1.0,0.0,0.0,0.0,1.0,1.0,36507.0,6.0,1.0,0.0,0.0,3.0,1.0,65.0,170.0,0.0,0.0,0.0,0.0,0.0,0.0,0.0,0.0,0.0,1.0,0.0,0.0,0.0,0.0,1.0,2.0,55.0,1.0,6.0,2.0,1.0,0.0,0.0,1.0,13.0,1.0,1.0,4.0,1.0,1.0,0.0
1.0,10152.0,1.0,3.0,5.0,15.0,3.0,18.0,17.0,12.0,2.0,1.0,0.0,1.0,3.0,20.0,22.0,20022.0,4.0,2005.0,1G1AK52F1575,1,G,1,A,K,5,2,F,1,5,7,5,0.0,P,CHEV,CBT,4D,5.0,17.0,3216.0,nan,0.0,1033.0,,G,nan,F,4,134,,,15R195,,,,,,0.0,0.0,000000000,00000000000,0.0,0.0,0.0,1.0,0.0,0.0,0.0,0.0,0.0,0.0,0.0,55.0,0.0,0.0,0.0,12.0,6.0,2.0,12.0,0.0,0.0,0.0,1.0,1.0,36078.0,6.0,1.0,0.0,0.0,3.0,0.0,73.0,160.0,0.0,0.0,0.0,0.0,0.0,0.0,0.0,0.0,0.0,0.0,0.0,0.0,0.0,0.0,1.0,2.0,55.0,2.0,1.0,2.0,1.0,0.0,0.0,14.0,10.0,1.0,1.0,2.0,50.0,1.0,0.0
1.0,10152.0,2.0,3.0,1.0,15.0,3.0,18.0,17.0,12.0,2.0,1.0,0.0,1.0,1.0,12.0,481.0,12481.0,31.0,1999.0,1FTNW20F7XEE,1,F,T,N,W,2,0,F,7,X,E,E,0.0,T,FORD,F2S,CW,99.0,17.0,nan,2.0,1724.0,1562.0,SRW,D,nan,,8,444,,,,C,5490,01,E,42,0.0,0.0,000000000,00000000000,0.0,0.0,0.0,1.0,0.0,0.0,0.0,0.0,0.0,0.0,0.0,55.0,0.0,1.0,5.0,12.0,6.0,2.0,12.0,0.0,0.0,0.0,1.0,1.0,99999.0,6.0,1.0,0.0,0.0,3.0,1.0,72.0,220.0,0.0,0.0,0.0,0.0,0.0,0.0,0.0,0.0,0.0,0.0,0.0,0.0,0.0,0.0,1.0,2.0,55.0,3.0,1.0,2.0,1.0,0.0,0.0,14.0,62.0,7.0,1.0,1.0,51.0,0.0,0.0
1.0,10152.0,3.0,3.0,1.0,15.0,3.0,18.0,17.0,12.0,2.0,1.0,0.0,1.0,3.0,51.0,881.0,51881.0,66.0,2012.0,4V4MC9DG0CN5,4,V,4,M,C,9,D,G,0,C,N,5,1.0,T,VOLV,VNM,TR,12.0,17.0,nan,8.0,0.0,0.0,VVN,D,nan,,6,671,,,,,00000,00,,64,1.0,57.0,1353030,571353030,3.0,6.0,1.0,1.0,0.0,0.0,0.0,0.0,0.0,0.0,0.0,55.0,0.0,0.0,0.0,12.0,6.0,2.0,12.0,0.0,0.0,0.0,1.0,1.0,36035.0,6.0,1.0,6.0,0.0,3.0,0.0,68.0,200.0,0.0,0.0,0.0,2.0,0.0,1.0,2010.0,2.0,2011.0,0.0,0.0,0.0,0.0,0.0,1.0,2.0,55.0,2.0,1.0,2.0,1.0,0.0,0.0,14.0,62.0,1.0,1.0,1.0,98.0,0.0,0.0
1.0,10153.0,1.0,1.0,1.0,15.0,3.0,5.0,48.0,9.0,0.0,1.0,0.0,1.0,2.0,7.0,482.0,7482.0,31.0,2011.0,1D7RB1GP2BS6,1,D,7,R,B,1,G,P,2,B,S,6,0.0,T,DODG,Q15,CW,11.0,17.0,nan,2.0,0.0,1400.0,RPC,G,nan,,8,287,,,,B,4863,00,K,42,0.0,0.0,000000000,00000000000,0.0,0.0,0.0,1.0,0.0,0.0,0.0,0.0,0.0,0.0,0.0,35.0,0.0,0.0,0.0,12.0,4.0,1.0,9.0,0.0,0.0,0.0,1.0,1.0,36575.0,6.0,1.0,0.0,0.0,3.0,0.0,74.0,240.0,0.0,0.0,0.0,0.0,0.0,0.0,0.0,0.0,0.0,0.0,0.0,0.0,0.0,0.0,5.0,4.0,45.0,1.0,1.0,2.0,2.0,0.0,0.0,1.0,83.0,1.0,1.0,1.0,13.0,0.0,0.0
1.0,10154.0,1.0,6.0,1.0,16.0,3.0,10.0,8.0,12.0,1.0,1.0,0.0,1.0,3.0,20.0,881.0,20881.0,61.0,1998.0,1GBJC34R3WF0,1,G,B,J,C,3,4,R,3,W,F,0,0.0,T,CHEV,GC3,CB,98.0,17.0,nan,3.0,1595.0,1355.0,GM4,G,nan,,8,350,,,,D,4965,00,,42,0.0,77.0,777777777,77777777777,2.0,98.0,28.0,1.0,0.0,0.0,0.0,0.0,0.0,0.0,0.0,80.0,0.0,0.0,0.0,12.0,6.0,2.0,12.0,0.0,0.0,0.0,1.0,1.0,36575.0,2.0,1.0,0.0,0.0,2.0,0.0,70.0,170.0,1.0,6.0,2.0,3.0,2.0,6.0,2010.0,2.0,2012.0,1.0,0.0,0.0,0.0,0.0,5.0,4.0,45.0,1.0,6.0,2.0,1.0,0.0,0.0,1.0,50.0,1.0,1.0,1.0,20.0,0.0,0.0
1.0,10154.0,2.0,6.0,1.0,16.0,3.0,10.0,8.0,12.0,1.0,1.0,0.0,1.0,1.0,13.0,1.0,13001.0,4.0,2002.0,1LNHM81W72Y6,1,L,N,H,M,8,1,W,7,2,Y,6,0.0,P,LINC,EXC,4D,2.0,17.0,4047.0,nan,0.0,1177.0,,G,nan,F,8,281,,,16R225,,,,,,0.0,0.0,000000000,00000000000,0.0,0.0,0.0,1.0,0.0,0.0,0.0,0.0,0.0,0.0,0.0,0.0,0.0,0.0,0.0,6.0,6.0,2.0,12.0,0.0,0.0,0.0,1.0,1.0,36693.0,6.0,1.0,0.0,0.0,3.0,1.0,66.0,203.0,0.0,0.0,0.0,0.0,0.0,0.0,0.0,0.0,0.0,0.0,0.0,0.0,0.0,0.0,5.0,4.0,45.0,1.0,6.0,2.0,1.0,0.0,0.0,5.0,53.0,1.0,1.0,1.0,21.0,1.0,0.0
1.0,10154.0,3.0,6.0,2.0,16.0,3.0,10.0,8.0,12.0,1.0,1.0,0.0,1.0,2.0,20.0,481.0,20481.0,31.0,2004.0,1GCHC29U74E3,1,G,C,H,C,2,9,U,7,4,E,3,0.0,T,CHEV,2CH,4C,4.0,17.0,nan,2.0,1575.0,1435.0,SIL,G,nan,,8,364,,,,C,5402,00,,42,0.0,0.0,000000000,00000000000,0.0,0.0,0.0,1.0,0.0,0.0,0.0,0.0,0.0,0.0,0.0,25.0,0.0,0.0,0.0,12.0,2.0,3.0,12.0,0.0,0.0,0.0,1.0,1.0,36695.0,6.0,1.0,6.0,0.0,3.0,0.0,72.0,297.0,0.0,0.0,0.0,0.0,0.0,0.0,0.0,0.0,0.0,0.0,0.0,0.0,0.0,0.0,5.0,4.0,45.0,1.0,5.0,2.0,1.0,0.0,0.0,1.0,62.0,1.0,1.0,1.0,98.0,0.0,0.0
1.0,10154.0,4.0,6.0,1.0,16.0,3.0,10.0,8.0,12.0,1.0,1.0,0.0,1.0,2.0,49.0,40.0,49040.0,4.0,2005.0,4T1BE32K85U0,4,T,1,B,E,3,2,K,8,5,U,0,0.0,P,TOYT,XLL,4D,5.0,17.0,3108.0,nan,0.0,1071.0,,G,nan,F,4,144,,,15R205,,,,,,0.0,0.0,000000000,00000000000,0.0,0.0,0.0,1.0,0.0,0.0,0.0,0.0,0.0,0.0,0.0,0.0,0.0,0.0,0.0,6.0,6.0,2.0,12.0,0.0,0.0,0.0,1.0,1.0,36695.0,6.0,1.0,0.0,0.0,3.0,1.0,70.0,130.0,0.0,1.0,0.0,0.0,0.0,10.0,2009.0,10.0,2009.0,0.0,0.0,0.0,0.0,0.0,5.0,4.0,45.0,1.0,6.0,2.0,1.0,0.0,0.0,5.0,53.0,1.0,1.0,1.0,98.0,0.0,0.0
1.0,10154.0,5.0,6.0,1.0,16.0,3.0,10.0,8.0,12.0,1.0,1.0,0.0,1.0,1.0,7.0,20.0,7020.0,4.0,2003.0,1B3ES56C63D1,1,B,3,E,S,5,6,C,6,3,D,1,0.0,P,DODG,NXT,4D,3.0,17.0,2639.0,nan,0.0,1040.0,,G,nan,F,4,122,,,15R185,,,,,,0.0,0.0,000000000,00000000000,0.0,0.0,0.0,1.0,0.0,0.0,0.0,0.0,0.0,0.0,0.0,0.0,3.0,0.0,0.0,6.0,6.0,2.0,12.0,0.0,0.0,0.0,1.0,1.0,36582.0,6.0,1.0,0.0,0.0,3.0,1.0,73.0,195.0,1.0,2.0,0.0,1.0,0.0,4.0,2010.0,1.0,2012.0,0.0,0.0,0.0,0.0,0.0,5.0,4.0,45.0,1.0,6.0,2.0,1.0,0.0,0.0,5.0,53.0,1.0,1.0,1.0,98.0,0.0,0.0
1.0,10154.0,6.0,6.0,1.0,16.0,3.0,10.0,8.0,12.0,1.0,1.0,0.0,1.0,2.0,20.0,37.0,20037.0,4.0,2001.0,1G1ND52J1161,1,G,1,N,D,5,2,J,1,1,6,1,0.0,P,CHEV,MAL,4D,1.0,17.0,3051.0,nan,0.0,1070.0,,G,nan,F,6,191,,,15R215,,,,,,0.0,0.0,000000000,00000000000,0.0,0.0,0.0,1.0,0.0,0.0,0.0,0.0,0.0,0.0,0.0,0.0,0.0,0.0,0.0,6.0,6.0,2.0,12.0,0.0,0.0,0.0,1.0,1.0,36609.0,6.0,1.0,0.0,0.0,3.0,1.0,71.0,118.0,0.0,0.0,0.0,0.0,1.0,10.0,2009.0,10.0,2009.0,0.0,0.0,0.0,0.0,0.0,5.0,4.0,45.0,1.0,6.0,2.0,1.0,0.0,0.0,5.0,53.0,1.0,1.0,1.0,98.0,0.0,0.0