STATE,ST_CASE,VEH_NO,VE_FORMS,NUMOCCS,DAY,MONTH,HOUR,MINUTE,HARM_EV,MAN_COLL,UNITTYPE,HIT_RUN,REG_STAT,OWNER,MAKE,MODEL,MAK_MOD,BODY_TYP,MOD_YEAR,VIN,VIN_1,VIN_2,VIN_3,VIN_4,VIN_5,VIN_6,VIN_7,VIN_8,VIN_9,VIN_10,VIN_11,VIN_12,TOW_VEH,VINTYPE,VINMAKE,VINA_MOD,VIN_BT,VINMODYR,VIN_LNGT,VIN_WGT,WGTCD_TR,WHLBS_LG,WHLBS_SH,SER_TR,FUELCODE,MCYCL_DS,CARBUR,CYLINDER,DISPLACE,MCYCL_CY,MCYCL_WT,TIRE_SZE,TON_RAT,TRK_WT,TRKWTVAR,VIN_REST,WHLDRWHL,J_KNIFE,MCARR_I1,MCARR_I2,MCARR_ID,GVWR,V_CONFIG,CARGO_BT,HAZ_INV,HAZ_PLAC,HAZ_ID,HAZ_CNO,HAZ_REL,BUS_USE,SPEC_USE,EMER_USE,TRAV_SP,UNDERIDE,ROLLOVER,ROLINLOC,IMPACT1,DEFORMED,TOWED,M_HARM,VEH_SC1,VEH_SC2,FIRE_EXP,DR_PRES,L_STATE,DR_ZIP,L_STATUS,L_TYPE,CDL_STAT,L_ENDORS,L_COMPL,L_RESTRI,DR_HGT,DR_WGT,PREV_ACC,PREV_SUS,PREV_DWI,PREV_SPD,PREV_OTH,FIRST_MO,FIRST_YR,LAST_MO,LAST_YR,SPEEDREL,DR_SF1,DR_SF2,DR_SF3,DR_SF4,VTRAFWAY,VNUM_LAN,VSPD_LIM,VALIGN,VPROFILE,VPAVETYP,VSURCOND,VTRAFCON,VTCONT_F,P_CRASH1,P_CRASH2,P_CRASH3,PCRASH4,PCRASH5,ACC_TYPE,DEATHS,DR_DRINK
1.0,10155.0,1.0,2.0,2.0,16.0,3.0,15.0,30.0,12.0,2.0,1.0,0.0,1.0,1.0,38.0,402.0,38402.0,14.0,2000.0,4S2CK58W8Y43,4,S,2,C,K,5,8,W,8,Y,4,3,0.0,P,ISU,ROD,UT,0.0,17.0,3848.0,nan,0.0,1064.0,,G,nan,F,6,195,,,16R245,,,,,,0.0,0.0,000000000,00000000000,0.0,0.0,0.0,1.0,0.0,0.0,0.0,0.0,0.0,0.0,0.0,999.0,0.0,0.0,0.0,12.0,6.0,2.0,12.0,0.0,0.0,0.0,1.0,1.0,36582.0,1.0,1.0,0.0,0.0,2.0,0.0,67.0,135.0,1.0,1.0,0.0,0.0,0.0,11.0,2009.0,7.0,2010.0,0.0,38.0,0.0,0.0,0.0,1.0,2.0,55.0,1.0,1.0,2.0,1.0,0.0,0.0,11.0,15.0,1.0,1.0,2.0,68.0,0.0,0.0
1.0,10155.0,2.0,2.0,1.0,16.0,3.0,15.0,30.0,12.0,2.0,1.0,0.0,12.0,1.0,63.0,32.0,63032.0,4.0,2009.0,KNADE2236965,K,N,A,D,E,2,2,3,6,9,6,5,0.0,P,KIA,RBL,4D,9.0,17.0,2365.0,nan,0.0,984.0,,G,nan,F,4,098,,,14R185,,,,,,0.0,0.0,000000000,00000000000,0.0,0.0,0.0,1.0,0.0,0.0,0.0,0.0,0.0,0.0,0.0,999.0,0.0,0.0,0.0,12.0,6.0,2.0,12.0,0.0,0.0,0.0,1.0,12.0,32534.0,6.0,1.0,0.0,0.0,3.0,0.0,62.0,999.0,0.0,0.0,0.0,0.0,0.0,0.0,0.0,0.0,0.0,0.0,0.0,0.0,0.0,0.0,1.0,2.0,55.0,1.0,1.0,2.0,1.0,0.0,0.0,1.0,62.0,1.0,1.0,1.0,69.0,1.0,0.0
1.0,10156.0,1.0,1.0,1.0,17.0,3.0,2.0,10.0,34.0,0.0,1.0,0.0,1.0,1.0,12.0,16.0,12016.0,4.0,1995.0,2FALP71W9SX1,2,F,A,L,P,7,1,W,9,S,X,1,0.0,P,FORD,CVP,4D,95.0,17.0,0.0,nan,0.0,1144.0,,G,nan,F,8,281,,,15R215,,,,,,0.0,0.0,000000000,00000000000,0.0,0.0,0.0,1.0,0.0,0.0,0.0,0.0,0.0,0.0,0.0,55.0,0.0,1.0,5.0,2.0,6.0,2.0,1.0,0.0,0.0,0.0,1.0,1.0,36749.0,6.0,1.0,0.0,0.0,3.0,0.0,66.0,125.0,0.0,1.0,0.0,0.0,1.0,5.0,2009.0,2.0,2010.0,1.0,0.0,0.0,0.0,0.0,1.0,2.0,45.0,1.0,1.0,2.0,1.0,0.0,0.0,1.0,12.0,1.0,2.0,4.0,7.0,1.0,0.0
1.0,10157.0,1.0,2.0,1.0,17.0,3.0,21.0,10.0,8.0,0.0,1.0,0.0,1.0,1.0,12.0,401.0,12401.0,14.0,2002.0,1FMZU63E52UC,1,F,M,Z,U,6,3,E,5,2,U,C,0.0,P,FORD,EPR,UT,2.0,17.0,4163.0,nan,0.0,1137.0,,G,nan,F,6,245,,,16R235,,,,,,0.0,0.0,000000000,00000000000,0.0,0.0,0.0,1.0,0.0,0.0,0.0,0.0,0.0,0.0,0.0,30.0,0.0,0.0,0.0,12.0,4.0,1.0,8.0,0.0,0.0,0.0,1.0,1.0,36606.0,6.0,1.0,0.0,0.0,3.0,0.0,69.0,205.0,0.0,2.0,0.0,2.0,0.0,6.0,2009.0,11.0,2010.0,0.0,0.0,0.0,0.0,0.0,5.0,4.0,35.0,1.0,1.0,2.0,1.0,0.0,0.0,1.0,80.0,99.0,1.0,1.0,13.0,0.0,0.0
1.0,10157.0,2.0,2.0,1.0,17.0,3.0,21.0,10.0,8.0,0.0,1.0,0.0,1.0,1.0,19.0,3.0,19003.0,4.0,2000.0,1G6KD54Y0YU2,1,G,6,K,D,5,4,Y,0,Y,U,2,0.0,P,CADI,DFW,4D,0.0,17.0,4012.0,nan,0.0,1138.0,,G,nan,F,8,279,,,16R225,,,,,,0.0,0.0,000000000,00000000000,0.0,0.0,0.0,1.0,0.0,0.0,0.0,0.0,0.0,0.0,0.0,30.0,0.0,0.0,0.0,14.0,0.0,1.0,8.0,0.0,0.0,0.0,1.0,1.0,36603.0,6.0,1.0,0.0,0.0,3.0,0.0,63.0,135.0,1.0,0.0,0.0,0.0,0.0,2.0,2012.0,2.0,2012.0,0.0,0.0,0.0,0.0,0.0,5.0,4.0,35.0,1.0,1.0,2.0,1.0,0.0,0.0,1.0,80.0,1.0,1.0,1.0,98.0,0.0,1.0
1.0,10158.0,1.0,1.0,1.0,18.0,3.0,17.0,50.0,32.0,0.0,1.0,0.0,1.0,1.0,76.0,705.0,76705.0,80.0,1990.0,JYA3HHE05LA0,J,Y,A,3,H,H,E,0,5,L,A,0,0.0,M,YAMA,F6R,RC,90.0,17.0,nan,nan,nan,nan,,,599.0,,4,,4,390,,,,,,,0.0,0.0,000000000,00000000000,0.0,0.0,0.0,1.0,0.0,0.0,0.0,0.0,0.0,0.0,0.0,60.0,0.0,0.0,0.0,12.0,6.0,2.0,42.0,0.0,0.0,0.0,1.0,1.0,35747.0,6.0,1.0,0.0,0.0,3.0,0.0,73.0,200.0,0.0,0.0,0.0,1.0,2.0,4.0,2009.0,5.0,2010.0,1.0,0.0,0.0,0.0,0.0,1.0,2.0,40.0,3.0,6.0,2.0,1.0,0.0,0.0,14.0,6.0,1.0,1.0,4.0,1.0,1.0,0.0
1.0,10159.0,1.0,1.0,1.0,21.0,2.0,18.0,0.0,9.0,0.0,1.0,1.0,1.0,1.0,12.0,401.0,12401.0,14.0,2001.0,1FMZU63E01ZA,1,F,M,Z,U,6,3,E,0,1,Z,A,0.0,P,FORD,EPR,UT,1.0,17.0,3845.0,nan,0.0,1116.0,,G,nan,F,6,245,,,15R235,,,,,,0.0,0.0,000000000,00000000000,0.0,0.0,0.0,1.0,0.0,0.0,0.0,0.0,0.0,0.0,0.0,999.0,0.0,0.0,0.0,12.0,4.0,1.0,9.0,0.0,0.0,0.0,1.0,1.0,36542.0,6.0,1.0,0.0,0.0,3.0,0.0,74.0,174.0,0.0,2.0,1.0,0.0,1.0,9.0,2009.0,12.0,2009.0,0.0,99.0,99.0,99.0,99.0,1.0,2.0,45.0,1.0,1.0,2.0,1.0,0.0,0.0,1.0,83.0,1.0,1.0,1.0,13.0,0.0,1.0
1.0,10160.0,1.0,2.0,1.0,22.0,2.0,12.0,50.0,12.0,2.0,1.0,0.0,1.0,1.0,23.0,402.0,23402.0,14.0,2011.0,2CTALUEC6B64,2,C,T,A,L,U,E,C,6,B,6,4,0.0,T,GMC,TET,4W,11.0,17.0,nan,1.0,0.0,1125.0,TER,G,nan,,4,146,,,,,3867,00,S,42,0.0,0.0,000000000,00000000000,0.0,0.0,0.0,1.0,0.0,0.0,0.0,0.0,0.0,0.0,0.0,999.0,0.0,0.0,0.0,12.0,6.0,2.0,12.0,0.0,0.0,0.0,1.0,1.0,36555.0,6.0,1.0,0.0,0.0,3.0,1.0,74.0,220.0,0.0,0.0,0.0,4.0,1.0,7.0,2009.0,5.0,2011.0,0.0,89.0,38.0,0.0,0.0,1.0,2.0,45.0,1.0,1.0,2.0,1.0,3.0,3.0,11.0,15.0,1.0,1.0,1.0,68.0,1.0,0.0
1.0,10160.0,2.0,2.0,1.0,22.0,2.0,12.0,50.0,12.0,2.0,1.0,0.0,1.0,2.0,7.0,482.0,7482.0,31.0,2005.0,3D7KS28C75G8,3,D,7,K,S,2,8,C,7,5,G,8,0.0,T,DODG,SQ2,CW,5.0,17.0,nan,2.0,1605.0,1405.0,RPC,D,nan,,6,359,,,,C,5886,12,E,44,0.0,0.0,000000000,00000000000,0.0,0.0,0.0,1.0,0.0,0.0,0.0,0.0,0.0,0.0,0.0,45.0,0.0,0.0,0.0,12.0,6.0,2.0,12.0,0.0,0.0,0.0,1.0,1.0,36561.0,6.0,1.0,0.0,0.0,3.0,0.0,68.0,160.0,0.0,0.0,0.0,0.0,0.0,0.0,0.0,0.0,0.0,0.0,0.0,0.0,0.0,0.0,1.0,2.0,45.0,1.0,1.0,2.0,1.0,3.0,3.0,1.0,62.0,1.0,1.0,1.0,69.0,0.0,0.0
1.0,10161.0,1.0,1.0,1.0,18.0,3.0,0.0,10.0,42.0,0.0,1.0,0.0,1.0,2.0,12.0,3.0,12003.0,2.0,2002.0,1FAFP40422F2,1,F,A,F,P,4,0,4,2,2,F,2,0.0,P,FORD,MUS,CP,2.0,17.0,3066.0,nan,0.0,1013.0,,G,nan,F,6,232,,,16R225,,,,,,0.0,0.0,000000000,00000000000,0.0,0.0,0.0,1.0,0.0,0.0,0.0,0.0,0.0,0.0,0.0,90.0,0.0,0.0,0.0,12.0,6.0,2.0,42.0,0.0,0.0,0.0,1.0,1.0,35131.0,6.0,1.0,0.0,0.0,3.0,0.0,63.0,135.0,1.0,0.0,0.0,1.0,0.0,4.0,2009.0,7.0,2011.0,1.0,0.0,0.0,0.0,0.0,1.0,2.0,55.0,1.0,1.0,2.0,1.0,0.0,0.0,1.0,13.0,1.0,1.0,4.0,1.0,1.0,1.0
1.0,10162.0,1.0,2.0,1.0,19.0,3.0,19.0,45.0,12.0,2.0,1.0,0.0,1.0,2.0,49.0,32.0,49032.0,4.0,1993.0,1NXAE04E1PZ0,1,N,X,A,E,0,4,E,1,P,Z,0,0.0,P,TOYT,COA,4D,93.0,17.0,2304.0,nan,0.0,957.0,,G,nan,F,4,097,,,13R155,,,,,,0.0,0.0,000000000,00000000000,0.0,0.0,0.0,1.0,0.0,0.0,0.0,0.0,0.0,0.0,0.0,60.0,0.0,0.0,0.0,12.0,6.0,2.0,12.0,0.0,0.0,0.0,1.0,1.0,35801.0,6.0,1.0,0.0,0.0,3.0,0.0,68.0,140.0,1.0,0.0,0.0,0.0,0.0,5.0,2011.0,5.0,2011.0,0.0,51.0,0.0,0.0,0.0,2.0,2.0,65.0,1.0,1.0,2.0,1.0,0.0,0.0,1.0,54.0,1.0,1.0,1.0,50.0,1.0,1.0
1.0,10162.0,2.0,2.0,1.0,19.0,3.0,19.0,45.0,12.0,2.0,1.0,0.0,1.0,1.0,12.0,3.0,12003.0,2.0,2003.0,1FAFP48Y33F4,1,F,A,F,P,4,8,Y,3,3,F,4,0.0,P,FORD,MCS,CP,3.0,17.0,3665.0,nan,0.0,1013.0,,G,nan,Z,8,281,,,17R275,,,,,,0.0,0.0,000000000,00000000000,0.0,0.0,0.0,1.0,0.0,0.0,0.0,0.0,0.0,0.0,0.0,100.0,0.0,0.0,0.0,12.0,6.0,2.0,12.0,0.0,0.0,0.0,1.0,1.0,35016.0,6.0,1.0,0.0,0.0,3.0,1.0,67.0,130.0,0.0,0.0,0.0,0.0,0.0,0.0,0.0,0.0,0.0,1.0,0.0,0.0,0.0,0.0,2.0,2.0,65.0,1.0,1.0,2.0,1.0,0.0,0.0,1.0,54.0,1.0,1.0,1.0,51.0,1.0,0.0
1.0,10163.0,1.0,1.0,1.0,21.0,3.0,19.0,5.0,34.0,0.0,1.0,0.0,1.0,2.0,12.0,471.0,12471.0,30.0,2002.0,1FTZR15E02PB,1,F,T,Z,R,1,5,E,0,2,P,B,0.0,T,FORD,RNS,PC,2.0,17.0,nan,1.0,0.0,1259.0,RNG,G,nan,,6,245,,,,B,3760,03,E,44,0.0,0.0,000000000,00000000000,0.0,0.0,0.0,1.0,0.0,0.0,0.0,0.0,0.0,0.0,0.0,50.0,0.0,1.0,5.0,12.0,6.0,2.0,1.0,0.0,0.0,0.0,1.0,1.0,35750.0,6.0,2.0,0.0,0.0,3.0,0.0,71.0,190.0,0.0,0.0,0.0,0.0,0.0,0.0,0.0,0.0,0.0,1.0,0.0,0.0,0.0,0.0,1.0,2.0,35.0,3.0,1.0,2.0,1.0,0.0,0.0,14.0,13.0,6.0,1.0,4.0,6.0,1.0,0.0
1.0,10164.0,1.0,1.0,3.0,21.0,3.0,23.0,27.0,42.0,0.0,1.0,0.0,1.0,2.0,23.0,481.0,23481.0,31.0,1991.0,2GTEC19K9M15,2,G,T,E,C,1,9,K,9,M,1,5,0.0,T,GMC,SC1,PC,91.0,17.0,nan,2.0,1555.0,1415.0,SIE,G,nan,,8,350,,,,B,5945,01,A,42,0.0,0.0,000000000,00000000000,0.0,0.0,0.0,1.0,0.0,0.0,0.0,0.0,0.0,0.0,0.0,999.0,0.0,0.0,0.0,12.0,6.0,2.0,42.0,0.0,0.0,0.0,1.0,1.0,36527.0,6.0,1.0,0.0,0.0,3.0,0.0,72.0,250.0,0.0,0.0,0.0,0.0,0.0,0.0,0.0,0.0,0.0,1.0,0.0,0.0,0.0,0.0,1.0,2.0,35.0,1.0,1.0,2.0,2.0,0.0,0.0,1.0,12.0,1.0,1.0,4.0,6.0,1.0,0.0
1.0,10165.0,1.0,1.0,7.0,10.0,3.0,10.0,40.0,1.0,0.0,1.0,0.0,1.0,2.0,6.0,52.0,6052.0,6.0,2008.0,3A8FY48BX8T2,3,A,8,F,Y,4,8,B,X,8,T,2,0.0,P,CHRY,PTC,SV,8.0,17.0,3076.0,nan,0.0,1030.0,,G,nan,F,4,148,,,15R195,,,,,,0.0,0.0,000000000,00000000000,0.0,0.0,0.0,1.0,0.0,0.0,0.0,0.0,0.0,0.0,0.0,85.0,0.0,1.0,1.0,0.0,6.0,2.0,1.0,0.0,0.0,0.0,1.0,1.0,35204.0,1.0,1.0,1.0,0.0,2.0,0.0,69.0,165.0,0.0,0.0,0.0,0.0,0.0,0.0,0.0,0.0,0.0,0.0,58.0,0.0,0.0,0.0,2.0,2.0,70.0,1.0,5.0,2.0,1.0,0.0,0.0,1.0,12.0,7.0,3.0,6.0,98.0,1.0,0.0
1.0,10166.0,1.0,2.0,1.0,28.0,3.0,14.0,33.0,12.0,6.0,1.0,0.0,17.0,3.0,82.0,881.0,82881.0,66.0,2012.0,1FUJGHDV8CLB,1,F,U,J,G,H,D,V,8,C,L,B,1.0,T,FRHT,113,TR,12.0,17.0,nan,8.0,0.0,0.0,CSC,D,nan,,6,781,,,,,00000,00,,64,1.0,57.0,036431,57036431,3.0,6.0,2.0,2.0,2.0,1789.0,8.0,1.0,0.0,0.0,0.0,42.0,0.0,0.0,0.0,12.0,6.0,2.0,12.0,0.0,0.0,0.0,1.0,1.0,35581.0,6.0,1.0,6.0,1.0,3.0,1.0,73.0,220.0,0.0,0.0,0.0,0.0,0.0,0.0,0.0,0.0,0.0,0.0,0.0,0.0,0.0,0.0,1.0,2.0,45.0,1.0,1.0,2.0,1.0,3.0,3.0,1.0,66.0,1.0,1.0,1.0,88.0,0.0,0.0
1.0,10166.0,2.0,2.0,1.0,28.0,3.0,14.0,33.0,12.0,6.0,1.0,0.0,1.0,1.0,76.0,706.0,76706.0,80.0,2006.0,JYAVP17E76A0,J,Y,A,V,P,1,7,E,7,6,A,0,0.0,M,YAMA,X17,RS,6.0,17.0,nan,nan,nan,nan,,,1670.0,,2,,4,679,,,,,,,0.0,0.0,000000000,00000000000,0.0,0.0,0.0,1.0,0.0,0.0,0.0,0.0,0.0,0.0,0.0,5.0,0.0,0.0,0.0,9.0,6.0,2.0,12.0,0.0,0.0,0.0,1.0,1.0,35961.0,6.0,1.0,0.0,0.0,3.0,0.0,71.0,185.0,0.0,0.0,0.0,0.0,0.0,0.0,0.0,0.0,0.0,0.0,89.0,38.0,0.0,0.0,2.0,2.0,45.0,1.0,1.0,2.0,1.0,3.0,3.0,1.0,17.0,1.0,1.0,1.0,89.0,1.0,0.0
1.0,10167.0,1.0,2.0,1.0,15.0,3.0,15.0,59.0,1.0,0.0,1.0,0.0,1.0,2.0,38.0,402.0,38402.0,14.0,1995.0,4S2CG58V3S43,4,S,2,C,G,5,8,V,3,S,4,3,0.0,P,ISU,ROD,UT,95.0,17.0,3755.0,nan,0.0,1087.0,,G,nan,F,6,195,,,15R225,,,,,,0.0,0.0,000000000,00000000000,0.0,0.0,0.0,1.0,0.0,0.0,0.0,0.0,0.0,0.0,0.0,999.0,0.0,1.0,1.0,0.0,6.0,2.0,12.0,0.0,0.0,0.0,1.0,1.0,36116.0,6.0,1.0,0.0,0.0,3.0,1.0,68.0,135.0,0.0,3.0,0.0,0.0,0.0,8.0,2010.0,3.0,2011.0,9.0,0.0,0.0,0.0,0.0,2.0,4.0,55.0,1.0,1.0,2.0,1.0,0.0,0.0,1.0,12.0,1.0,4.0,4.0,98.0,1.0,0.0
1.0,10167.0,2.0,2.0,1.0,15.0,3.0,15.0,59.0,1.0,0.0,1.0,0.0,38.0,1.0,20.0,481.0,20481.0,31.0,2001.0,2GCEK19T8114,2,G,C,E,K,1,9,T,8,1,1,4,0.0,T,CHEV,SK1,4C,1.0,17.0,nan,2.0,1575.0,1435.0,SIL,G,nan,,8,325,,,,B,4776,00,,44,0.0,0.0,000000000,00000000000,0.0,0.0,0.0,1.0,0.0,0.0,0.0,0.0,0.0,0.0,0.0,999.0,0.0,0.0,0.0,12.0,6.0,2.0,12.0,0.0,0.0,0.0,1.0,30.0,80831.0,6.0,1.0,0.0,0.0,3.0,1.0,72.0,165.0,98.0,0.0,0.0,0.0,0.0,0.0,0.0,0.0,0.0,0.0,0.0,0.0,0.0,0.0,2.0,2.0,55.0,1.0,1.0,2.0,1.0,0.0,0.0,1.0,62.0,1.0,1.0,1.0,98.0,0.0,0.0
1.0,10168.0,1.0,3.0,1.0,18.0,3.0,10.0,38.0,12.0,6.0,1.0,0.0,1.0,3.0,20.0,881.0,20881.0,61.0,2007.0,1GBE5C12X7F4,1,G,B,E,5,C,1,2,X,7,F,4,0.0,T,CHEV,C5C,CB,7.0,17.0,nan,5.0,2240.0,1280.0,C55,D,nan,,8,403,,,,,00000,00,,42,0.0,57.0,1207079,571207079,2.0,1.0,96.0,1.0,0.0,0.0,0.0,0.0,0.0,0.0,0.0,25.0,0.0,0.0,0.0,2.0,6.0,2.0,12.0,0.0,0.0,0.0,1.0,1.0,35405.0,6.0,1.0,0.0,0.0,3.0,0.0,74.0,135.0,2.0,1.0,0.0,1.0,0.0,12.0,2009.0,2.0,2011.0,0.0,38.0,0.0,0.0,0.0,1.0,2.0,45.0,1.0,1.0,2.0,1.0,20.0,3.0,1.0,17.0,1.0,1.0,1.0,87.0,0.0,0.0
1.0,10168.0,2.0,3.0,2.0,18.0,3.0,10.0,38.0,12.0,6.0,1.0,0.0,1.0,1.0,12.0,17.0,12017.0,4.0,2003.0,1FAFP55243A2,1,F,A,F,P,5,5,2,4,3,A,2,0.0,P,FORD,TSS,4D,3.0,17.0,3329.0,nan,0.0,1085.0,,F,nan,F,6,182,,,16R215,,,,,,0.0,0.0,000000000,00000000000,0.0,0.0,0.0,1.0,0.0,0.0,0.0,0.0,0.0,0.0,0.0,65.0,0.0,0.0,0.0,12.0,6.0,2.0,12.0,0.0,0.0,0.0,1.0,1.0,35456.0,6.0,1.0,0.0,0.0,3.0,0.0,62.0,200.0,0.0,0.0,0.0,0.0,0.0,0.0,0.0,0.0,0.0,0.0,0.0,0.0,0.0,0.0,2.0,2.0,65.0,1.0,5.0,2.0,1.0,0.0,0.0,1.0,66.0,1.0,1.0,1.0,86.0,1.0,0.0
1.0,10168.0,3.0,3.0,1.0,18.0,3.0,10.0,38.0,12.0,6.0,1.0,0.0,1.0,1.0,37.0,32.0,37032.0,4.0,1999.0,1HGCG5646XA1,1,H,G,C,G,5,6,4,6,X,A,1,0.0,P,HOND,ULX,4D,99.0,17.0,3053.0,nan,0.0,1069.0,,G,nan,F,4,138,,,15R195,,,,,,0.0,0.0,000000000,00000000000,0.0,0.0,0.0,1.0,0.0,0.0,0.0,0.0,0.0,0.0,0.0,0.0,0.0,0.0,0.0,12.0,6.0,2.0,12.0,0.0,0.0,0.0,1.0,1.0,35405.0,6.0,1.0,0.0,0.0,3.0,1.0,67.0,155.0,0.0,0.0,0.0,0.0,0.0,0.0,0.0,0.0,0.0,0.0,0.0,0.0,0.0,0.0,1.0,2.0,45.0,1.0,1.0,2.0,1.0,20.0,3.0,5.0,62.0,1.0,1.0,1.0,98.0,0.0,0.0
1.0,10169.0,1.0,1.0,1.0,22.0,3.0,23.0,30.0,42.0,0.0,1.0,0.0,1.0,1.0,12.0,423.0,12423.0,16.0,2002.0,1FMNU40L82EB,1,F,M,N,U,4,0,L,8,2,E,B,0.0,P,FORD,EXC,UT,2.0,17.0,6574.0,nan,0.0,1371.0,,G,nan,F,8,330,,,16R265,,,,,,0.0,0.0,000000000,00000000000,0.0,0.0,0.0,1.0,0.0,0.0,0.0,0.0,0.0,0.0,0.0,999.0,0.0,0.0,0.0,12.0,6.0,2.0,42.0,0.0,0.0,0.0,1.0,1.0,36064.0,6.0,1.0,0.0,0.0,3.0,0.0,76.0,245.0,0.0,0.0,0.0,0.0,0.0,0.0,0.0,0.0,0.0,0.0,89.0,0.0,0.0,0.0,1.0,2.0,45.0,2.0,6.0,2.0,2.0,0.0,0.0,14.0,13.0,1.0,1.0,4.0,1.0,1.0,1.0
1.0,10170.0,1.0,2.0,1.0,23.0,3.0,17.0,0.0,12.0,7.0,1.0,0.0,1.0,1.0,37.0,32.0,37032.0,4.0,2008.0,1HGCP26458A1,1,H,G,C,P,2,6,4,5,8,A,1,0.0,P,HOND,LXP,4D,8.0,17.0,3281.0,nan,0.0,1102.0,,G,nan,F,4,146,,,16R215,,,,,,0.0,0.0,000000000,00000000000,0.0,0.0,0.0,1.0,0.0,0.0,0.0,0.0,0.0,0.0,0.0,60.0,0.0,0.0,0.0,9.0,2.0,3.0,12.0,0.0,0.0,0.0,1.0,1.0,35242.0,6.0,1.0,0.0,0.0,3.0,0.0,68.0,130.0,0.0,0.0,0.0,2.0,0.0,11.0,2009.0,8.0,2010.0,0.0,0.0,0.0,0.0,0.0,2.0,2.0,70.0,3.0,3.0,2.0,1.0,0.0,0.0,15.0,10.0,1.0,1.0,2.0,47.0,0.0,0.0
1.0,10170.0,2.0,2.0,3.0,23.0,3.0,17.0,0.0,12.0,7.0,1.0,0.0,1.0,4.0,63.0,32.0,63032.0,4.0,2010.0,KNADH4A30A66,K,N,A,D,H,4,A,3,0,A,6,6,0.0,P,KIA,RBL,4D,10.0,17.0,2365.0,nan,0.0,0.0,,G,nan,F,4,098,,,000000,,,,,,0.0,0.0,000000000,00000000000,0.0,0.0,0.0,1.0,0.0,0.0,0.0,0.0,0.0,0.0,0.0,80.0,0.0,1.0,3.0,2.0,6.0,2.0,42.0,0.0,0.0,0.0,1.0,1.0,36110.0,6.0,1.0,0.0,0.0,3.0,0.0,62.0,165.0,0.0,0.0,0.0,0.0,0.0,0.0,0.0,0.0,0.0,1.0,0.0,0.0,0.0,0.0,2.0,2.0,70.0,3.0,3.0,2.0,1.0,0.0,0.0,14.0,61.0,1.0,1.0,1.0,45.0,1.0,0.0
1.0,10171.0,1.0,2.0,1.0,23.0,3.0,10.0,46.0,12.0,2.0,1.0,0.0,1.0,1.0,2.0,404.0,2404.0,14.0,1994.0,1J4FT68S2RL1,1,J,4,F,T,6,8,S,2,R,L,1,0.0,T,JEEP,SPT,4W,94.0,17.0,nan,1.0,0.0,1014.0,CHK,G,nan,,6,242,,,,,2928,00,A,42,0.0,0.0,000000000,00000000000,0.0,0.0,0.0,1.0,0.0,0.0,0.0,0.0,0.0,0.0,0.0,999.0,0.0,0.0,0.0,12.0,6.0,2.0,12.0,0.0,0.0,0.0,1.0,1.0,35051.0,6.0,1.0,0.0,0.0,3.0,0.0,72.0,170.0,0.0,0.0,0.0,0.0,0.0,0.0,0.0,0.0,0.0,0.0,28.0,58.0,0.0,0.0,1.0,2.0,45.0,3.0,1.0,2.0,2.0,0.0,0.0,14.0,9.0,6.0,2.0,2.0,50.0,1.0,0.0
1.0,10171.0,2.0,2.0,2.0,23.0,3.0,10.0,46.0,12.0,2.0,1.0,0.0,1.0,1.0,49.0,403.0,49403.0,14.0,2011.0,5TDZK3EH5BS0,5,T,D,Z,K,3,E,H,5,B,S,0,0.0,P,TOYT,HIG,UT,11.0,17.0,4045.0,nan,0.0,1098.0,,G,nan,F,6,214,,,17R245,,,,,,0.0,0.0,000000000,00000000000,0.0,0.0,0.0,1.0,0.0,0.0,0.0,0.0,0.0,0.0,0.0,999.0,0.0,0.0,0.0,12.0,6.0,2.0,12.0,0.0,0.0,0.0,1.0,1.0,35051.0,6.0,1.0,0.0,0.0,3.0,0.0,64.0,149.0,0.0,0.0,0.0,0.0,0.0,0.0,0.0,0.0,0.0,0.0,89.0,0.0,0.0,0.0,1.0,2.0,45.0,2.0,1.0,2.0,2.0,0.0,0.0,14.0,62.0,1.0,1.0,1.0,51.0,0.0,0.0
1.0,10172.0,1.0,1.0,1.0,24.0,3.0,16.0,0.0,34.0,0.0,1.0,0.0,92.0,0.0,37.0,709.0,37709.0,80.0,1994.0,999999999999,9,9,9,9,9,9,9,9,9,9,9,9,0.0,,,,,nan,nan,nan,nan,nan,nan,,,nan,,,,,,,,,,,,0.0,0.0,000000000,00000000000,0.0,0.0,0.0,1.0,0.0,0.0,0.0,0.0,0.0,0.0,0.0,85.0,0.0,0.0,0.0,12.0,6.0,2.0,34.0,0.0,0.0,0.0,1.0,1.0,35035.0,6.0,1.0,0.0,0.0,3.0,0.0,68.0,210.0,0.0,0.0,0.0,2.0,0.0,4.0,2009.0,2.0,2012.0,1.0,0.0,0.0,0.0,0.0,1.0,2.0,45.0,1.0,1.0,2.0,1.0,0.0,0.0,1.0,12.0,1.0,1.0,4.0,6.0,1.0,0.0