STATE,ST_CASE,VEH_NO,VE_FORMS,NUMOCCS,DAY,MONTH,HOUR,MINUTE,HARM_EV,MAN_COLL,UNITTYPE,HIT_RUN,REG_STAT,OWNER,MAKE,MODEL,MAK_MOD,BODY_TYP,MOD_YEAR,VIN,VIN_1,VIN_2,VIN_3,VIN_4,VIN_5,VIN_6,VIN_7,VIN_8,VIN_9,VIN_10,VIN_11,VIN_12,TOW_VEH,VINTYPE,VINMAKE,VINA_MOD,VIN_BT,VINMODYR,VIN_LNGT,VIN_WGT,WGTCD_TR,WHLBS_LG,WHLBS_SH,SER_TR,FUELCODE,MCYCL_DS,CARBUR,CYLINDER,DISPLACE,MCYCL_CY,MCYCL_WT,TIRE_SZE,TON_RAT,TRK_WT,TRKWTVAR,VIN_REST,WHLDRWHL,J_KNIFE,MCARR_I1,MCARR_I2,MCARR_ID,GVWR,V_CONFIG,CARGO_BT,HAZ_INV,HAZ_PLAC,HAZ_ID,HAZ_CNO,HAZ_REL,BUS_USE,SPEC_USE,EMER_USE,TRAV_SP,UNDERIDE,ROLLOVER,ROLINLOC,IMPACT1,DEFORMED,TOWED,M_HARM,VEH_SC1,VEH_SC2,FIRE_EXP,DR_PRES,L_STATE,DR_ZIP,L_STATUS,L_TYPE,CDL_STAT,L_ENDORS,L_COMPL,L_RESTRI,DR_HGT,DR_WGT,PREV_ACC,PREV_SUS,PREV_DWI,PREV_SPD,PREV_OTH,FIRST_MO,FIRST_YR,LAST_MO,LAST_YR,SPEEDREL,DR_SF1,DR_SF2,DR_SF3,DR_SF4,VTRAFWAY,VNUM_LAN,VSPD_LIM,VALIGN,VPROFILE,VPAVETYP,VSURCOND,VTRAFCON,VTCONT_F,P_CRASH1,P_CRASH2,P_CRASH3,PCRASH4,PCRASH5,ACC_TYPE,DEATHS,DR_DRINK
1.0,10234.0,1.0,2.0,1.0,29.0,4.0,6.0,22.0,12.0,2.0,1.0,0.0,1.0,1.0,53.0,34.0,53034.0,4.0,2005.0,KL5JD56ZX5K0,K,L,5,J,D,5,6,Z,X,5,K,0,0.0,P,SUZI,FZS,4D,5.0,17.0,2700.0,nan,0.0,1024.0,,G,nan,F,4,122,,,15R195,,,,,,0.0,0.0,000000000,00000000000,0.0,0.0,0.0,1.0,0.0,0.0,0.0,0.0,0.0,0.0,0.0,80.0,0.0,0.0,0.0,12.0,6.0,2.0,12.0,0.0,0.0,0.0,1.0,1.0,35983.0,6.0,1.0,0.0,0.0,3.0,1.0,68.0,133.0,0.0,0.0,0.0,0.0,0.0,0.0,0.0,0.0,0.0,1.0,58.0,0.0,0.0,0.0,1.0,2.0,55.0,3.0,6.0,2.0,1.0,0.0,0.0,14.0,13.0,6.0,2.0,2.0,50.0,0.0,1.0
1.0,10234.0,2.0,2.0,1.0,29.0,4.0,6.0,22.0,12.0,2.0,1.0,0.0,1.0,1.0,22.0,2.0,22002.0,4.0,1997.0,1G2HX52KXVH2,1,G,2,H,X,5,2,K,X,V,H,2,0.0,P,PONT,BVS,4D,97.0,17.0,3350.0,nan,0.0,1108.0,,G,nan,F,6,231,,,15R215,,,,,,0.0,0.0,000000000,00000000000,0.0,0.0,0.0,1.0,0.0,0.0,0.0,0.0,0.0,0.0,0.0,55.0,0.0,0.0,0.0,12.0,6.0,2.0,12.0,0.0,0.0,0.0,1.0,1.0,35973.0,6.0,1.0,0.0,0.0,3.0,1.0,70.0,275.0,0.0,0.0,0.0,1.0,0.0,9.0,2009.0,9.0,2009.0,0.0,89.0,0.0,0.0,0.0,1.0,2.0,55.0,2.0,5.0,2.0,1.0,0.0,0.0,14.0,62.0,1.0,1.0,1.0,51.0,1.0,0.0
1.0,10235.0,1.0,1.0,1.0,21.0,4.0,1.0,42.0,30.0,0.0,1.0,0.0,1.0,2.0,35.0,47.0,35047.0,4.0,2005.0,1N4AL11D55C1,1,N,4,A,L,1,1,D,5,5,C,1,0.0,P,NISS,ASL,4D,5.0,17.0,2915.0,nan,0.0,1102.0,,G,nan,F,4,153,,,16R215,,,,,,0.0,0.0,000000000,00000000000,0.0,0.0,0.0,1.0,0.0,0.0,0.0,0.0,0.0,0.0,0.0,999.0,0.0,0.0,0.0,12.0,6.0,2.0,30.0,0.0,0.0,0.0,1.0,1.0,35748.0,6.0,1.0,0.0,0.0,3.0,0.0,71.0,160.0,1.0,0.0,0.0,1.0,2.0,5.0,2009.0,12.0,2010.0,0.0,0.0,0.0,0.0,0.0,1.0,2.0,40.0,1.0,6.0,2.0,1.0,0.0,0.0,1.0,13.0,1.0,1.0,4.0,1.0,1.0,1.0
1.0,10236.0,1.0,1.0,1.0,22.0,4.0,20.0,0.0,8.0,0.0,1.0,0.0,1.0,1.0,35.0,402.0,35402.0,14.0,2000.0,5N1ED28T6YC6,5,N,1,E,D,2,8,T,6,Y,C,6,0.0,P,NISS,XTR,UT,0.0,17.0,3546.0,nan,0.0,1043.0,,G,nan,F,6,201,,,15R235,,,,,,0.0,0.0,000000000,00000000000,0.0,0.0,0.0,1.0,0.0,0.0,0.0,0.0,0.0,0.0,0.0,999.0,0.0,0.0,0.0,12.0,4.0,3.0,8.0,0.0,0.0,0.0,1.0,1.0,36264.0,6.0,1.0,0.0,0.0,3.0,0.0,70.0,205.0,0.0,1.0,0.0,0.0,0.0,4.0,2011.0,4.0,2011.0,0.0,0.0,0.0,0.0,0.0,1.0,2.0,30.0,1.0,1.0,2.0,1.0,0.0,0.0,1.0,80.0,1.0,1.0,1.0,13.0,0.0,0.0
1.0,10237.0,1.0,1.0,1.0,30.0,4.0,2.0,20.0,1.0,0.0,1.0,0.0,92.0,0.0,53.0,34.0,53034.0,4.0,2006.0,KL5JD56ZX6K3,K,L,5,J,D,5,6,Z,X,6,K,3,0.0,P,SUZI,FZB,4D,6.0,17.0,2701.0,nan,0.0,1024.0,,G,nan,F,4,122,,,15R195,,,,,,0.0,0.0,000000000,00000000000,0.0,0.0,0.0,1.0,0.0,0.0,0.0,0.0,0.0,0.0,0.0,70.0,0.0,1.0,5.0,0.0,6.0,2.0,1.0,0.0,0.0,0.0,1.0,1.0,36611.0,6.0,1.0,0.0,0.0,3.0,0.0,60.0,152.0,2.0,3.0,0.0,0.0,1.0,8.0,2009.0,10.0,2011.0,1.0,58.0,0.0,0.0,0.0,1.0,2.0,35.0,3.0,6.0,2.0,1.0,0.0,0.0,14.0,6.0,7.0,3.0,4.0,2.0,1.0,0.0
1.0,10238.0,1.0,1.0,3.0,28.0,4.0,17.0,52.0,59.0,0.0,1.0,0.0,1.0,1.0,7.0,402.0,7402.0,14.0,1998.0,1B4HS28Y6WF2,1,B,4,H,S,2,8,Y,6,W,F,2,0.0,P,DODG,DUR,UT,98.0,17.0,4349.0,nan,0.0,1159.0,,G,nan,F,8,318,,,15R235,,,,,,0.0,0.0,000000000,00000000000,0.0,0.0,0.0,1.0,0.0,0.0,0.0,0.0,0.0,0.0,0.0,90.0,0.0,1.0,5.0,10.0,6.0,2.0,1.0,0.0,0.0,0.0,1.0,1.0,35020.0,6.0,1.0,0.0,0.0,3.0,0.0,72.0,135.0,0.0,0.0,0.0,1.0,1.0,5.0,2010.0,5.0,2011.0,1.0,0.0,0.0,0.0,0.0,2.0,2.0,70.0,1.0,1.0,2.0,1.0,0.0,0.0,15.0,6.0,1.0,3.0,4.0,2.0,1.0,1.0
1.0,10239.0,1.0,1.0,1.0,15.0,4.0,10.0,21.0,59.0,0.0,1.0,0.0,1.0,2.0,35.0,471.0,35471.0,30.0,1995.0,1N6SD11S8SC3,1,N,6,S,D,1,1,S,8,S,C,3,0.0,T,NISS,EXE,PK,95.0,17.0,nan,1.0,0.0,1043.0,TRK,G,nan,,4,146,,,,B,2728,01,A,42,0.0,0.0,000000000,00000000000,0.0,0.0,0.0,1.0,0.0,0.0,0.0,0.0,0.0,0.0,0.0,999.0,0.0,1.0,5.0,12.0,6.0,2.0,35.0,0.0,0.0,0.0,1.0,1.0,35094.0,6.0,1.0,0.0,0.0,3.0,0.0,62.0,110.0,2.0,0.0,0.0,0.0,0.0,5.0,2009.0,1.0,2011.0,0.0,58.0,0.0,0.0,0.0,1.0,2.0,35.0,1.0,1.0,2.0,1.0,0.0,0.0,1.0,13.0,1.0,1.0,4.0,1.0,1.0,0.0
1.0,10240.0,1.0,2.0,1.0,23.0,4.0,10.0,45.0,12.0,1.0,1.0,0.0,1.0,1.0,55.0,33.0,55033.0,4.0,2004.0,KMHWF35H44A9,K,M,H,W,F,3,5,H,4,4,A,9,0.0,P,HYUN,SGX,4D,4.0,17.0,3212.0,nan,0.0,1063.0,,G,nan,F,6,162,,,16R205,,,,,,0.0,0.0,000000000,00000000000,0.0,0.0,0.0,1.0,0.0,0.0,0.0,0.0,0.0,0.0,0.0,65.0,0.0,0.0,0.0,12.0,6.0,2.0,12.0,0.0,0.0,0.0,1.0,1.0,35750.0,6.0,1.0,0.0,0.0,3.0,1.0,70.0,195.0,1.0,1.0,1.0,0.0,1.0,1.0,2010.0,3.0,2011.0,1.0,0.0,0.0,0.0,0.0,2.0,2.0,60.0,1.0,1.0,2.0,1.0,0.0,0.0,1.0,51.0,3.0,1.0,1.0,24.0,1.0,0.0
1.0,10240.0,2.0,2.0,1.0,23.0,4.0,10.0,45.0,12.0,1.0,1.0,0.0,1.0,2.0,98.0,998.0,98998.0,92.0,2000.0,L06320H44709,L,0,6,3,2,0,H,4,4,7,0,9,1.0,U,,,,0.0,14.0,nan,nan,nan,nan,,,nan,,,,,,,,,,,,1.0,0.0,000000000,00000000000,0.0,0.0,0.0,1.0,0.0,0.0,0.0,0.0,0.0,0.0,0.0,30.0,0.0,0.0,0.0,6.0,4.0,1.0,12.0,0.0,0.0,0.0,1.0,1.0,35773.0,6.0,1.0,0.0,0.0,1.0,0.0,74.0,185.0,0.0,1.0,0.0,0.0,1.0,9.0,2009.0,11.0,2010.0,0.0,0.0,0.0,0.0,0.0,2.0,2.0,60.0,1.0,1.0,2.0,1.0,0.0,0.0,1.0,53.0,1.0,1.0,1.0,25.0,0.0,0.0
1.0,10241.0,1.0,1.0,1.0,27.0,4.0,22.0,26.0,1.0,0.0,1.0,0.0,1.0,1.0,35.0,471.0,35471.0,30.0,1991.0,1N6SD11S3MC4,1,N,6,S,D,1,1,S,3,M,C,4,0.0,T,NISS,SWB,PK,91.0,17.0,nan,1.0,0.0,1043.0,TRK,G,nan,,4,146,,,,B,2714,01,A,42,0.0,0.0,000000000,00000000000,0.0,0.0,0.0,1.0,0.0,0.0,0.0,0.0,0.0,0.0,0.0,55.0,0.0,1.0,5.0,0.0,6.0,2.0,42.0,0.0,0.0,0.0,1.0,1.0,36862.0,6.0,1.0,0.0,0.0,3.0,1.0,71.0,150.0,0.0,0.0,0.0,0.0,0.0,0.0,0.0,0.0,0.0,0.0,58.0,0.0,0.0,0.0,1.0,2.0,55.0,1.0,1.0,2.0,1.0,0.0,0.0,1.0,13.0,6.0,4.0,4.0,7.0,1.0,1.0
1.0,10242.0,1.0,1.0,1.0,2.0,5.0,12.0,15.0,35.0,0.0,1.0,0.0,1.0,1.0,19.0,22.0,19022.0,4.0,2006.0,1G6KD57Y06U2,1,G,6,K,D,5,7,Y,0,6,U,2,0.0,P,CADI,TDS,4D,6.0,17.0,4009.0,nan,0.0,1156.0,,G,nan,F,8,281,,,17R225,,,,,,0.0,0.0,000000000,00000000000,0.0,0.0,0.0,1.0,0.0,0.0,0.0,0.0,0.0,0.0,0.0,40.0,0.0,0.0,0.0,12.0,6.0,2.0,35.0,0.0,0.0,0.0,1.0,1.0,35243.0,6.0,1.0,0.0,0.0,3.0,0.0,72.0,165.0,0.0,0.0,0.0,0.0,0.0,0.0,0.0,0.0,0.0,0.0,0.0,0.0,0.0,0.0,2.0,2.0,30.0,1.0,1.0,2.0,1.0,0.0,0.0,1.0,13.0,1.0,1.0,4.0,1.0,1.0,0.0
1.0,10243.0,1.0,1.0,1.0,3.0,5.0,7.0,12.0,52.0,0.0,1.0,0.0,1.0,1.0,2.0,404.0,2404.0,14.0,2001.0,1J4GX48S11C5,1,J,4,G,X,4,8,S,1,1,C,5,0.0,T,JEEP,LRO,4W,1.0,17.0,nan,1.0,0.0,1059.0,GCK,G,nan,,6,244,,,,,3675,01,E,42,0.0,0.0,000000000,00000000000,0.0,0.0,0.0,1.0,0.0,0.0,0.0,0.0,0.0,0.0,0.0,80.0,0.0,1.0,5.0,9.0,6.0,2.0,52.0,0.0,0.0,0.0,1.0,1.0,36526.0,6.0,1.0,0.0,0.0,3.0,0.0,69.0,240.0,1.0,2.0,0.0,6.0,2.0,7.0,2009.0,8.0,2011.0,1.0,89.0,0.0,0.0,0.0,6.0,2.0,55.0,2.0,6.0,2.0,2.0,0.0,0.0,14.0,5.0,1.0,3.0,4.0,2.0,1.0,0.0
1.0,10244.0,1.0,1.0,3.0,5.0,5.0,20.0,7.0,8.0,0.0,1.0,0.0,1.0,2.0,49.0,32.0,49032.0,4.0,2011.0,JTDBU4EE2B91,J,T,D,B,U,4,E,E,2,B,9,1,0.0,P,TOYT,CBS,4D,11.0,17.0,2734.0,nan,0.0,1024.0,,G,nan,F,4,110,,,15R195,,,,,,0.0,0.0,000000000,00000000000,0.0,0.0,0.0,1.0,0.0,0.0,0.0,0.0,0.0,0.0,0.0,30.0,0.0,0.0,0.0,12.0,2.0,1.0,8.0,0.0,0.0,0.0,1.0,1.0,35473.0,6.0,1.0,0.0,0.0,3.0,1.0,71.0,210.0,0.0,0.0,0.0,0.0,0.0,0.0,0.0,0.0,0.0,0.0,0.0,0.0,0.0,0.0,1.0,2.0,35.0,1.0,1.0,2.0,1.0,0.0,0.0,1.0,80.0,1.0,1.0,1.0,13.0,0.0,0.0
1.0,10245.0,1.0,2.0,2.0,7.0,5.0,8.0,0.0,12.0,6.0,1.0,0.0,1.0,3.0,35.0,50.0,35050.0,4.0,2012.0,3N1CN7AP2CL8,3,N,1,C,N,7,A,P,2,C,L,8,0.0,P,NISS,VVS,4D,12.0,17.0,2350.0,nan,0.0,1024.0,,G,nan,F,4,098,,,15R185,,,,,,0.0,0.0,000000000,00000000000,0.0,0.0,0.0,1.0,0.0,0.0,0.0,0.0,0.0,0.0,0.0,999.0,0.0,0.0,0.0,3.0,6.0,2.0,12.0,0.0,0.0,0.0,1.0,11.0,20020.0,6.0,1.0,0.0,0.0,3.0,0.0,64.0,262.0,0.0,0.0,0.0,0.0,0.0,0.0,0.0,0.0,0.0,0.0,38.0,0.0,0.0,0.0,1.0,2.0,35.0,1.0,1.0,2.0,1.0,20.0,3.0,1.0,17.0,1.0,1.0,1.0,87.0,1.0,0.0
1.0,10245.0,2.0,2.0,1.0,7.0,5.0,8.0,0.0,12.0,6.0,1.0,0.0,1.0,1.0,7.0,880.0,7880.0,67.0,2004.0,3D7MU48CX4G1,3,D,7,M,U,4,8,C,X,4,G,1,0.0,T,DODG,SQ3,CW,4.0,17.0,nan,3.0,0.0,1600.0,RPC,D,nan,,6,359,,,,D,6751,00,E,44,0.0,88.0,888888888,88888888888,2.0,1.0,97.0,1.0,0.0,0.0,0.0,0.0,0.0,0.0,0.0,55.0,0.0,1.0,5.0,12.0,6.0,2.0,12.0,0.0,0.0,0.0,1.0,1.0,35040.0,6.0,1.0,6.0,0.0,3.0,1.0,76.0,240.0,2.0,0.0,0.0,0.0,0.0,7.0,2009.0,8.0,2010.0,0.0,0.0,0.0,0.0,0.0,2.0,2.0,55.0,1.0,5.0,2.0,1.0,0.0,0.0,1.0,66.0,1.0,1.0,1.0,86.0,0.0,0.0
1.0,10246.0,1.0,1.0,1.0,11.0,5.0,21.0,10.0,34.0,0.0,1.0,0.0,1.0,1.0,20.0,431.0,20431.0,16.0,1995.0,1GNEC16K1SJ3,1,G,N,E,C,1,6,K,1,S,J,3,0.0,P,CHEV,C15,UT,95.0,17.0,4691.0,nan,0.0,1315.0,,G,nan,F,8,350,,,15R235,,,,,,0.0,0.0,000000000,00000000000,0.0,0.0,0.0,1.0,0.0,0.0,0.0,0.0,0.0,0.0,0.0,50.0,0.0,0.0,0.0,1.0,6.0,2.0,42.0,0.0,0.0,0.0,1.0,1.0,36078.0,6.0,1.0,0.0,0.0,3.0,0.0,67.0,200.0,0.0,0.0,0.0,1.0,0.0,8.0,2009.0,8.0,2009.0,1.0,0.0,0.0,0.0,0.0,1.0,2.0,25.0,1.0,1.0,2.0,1.0,0.0,0.0,1.0,13.0,1.0,1.0,4.0,1.0,1.0,0.0
1.0,10247.0,1.0,1.0,1.0,12.0,5.0,23.0,34.0,8.0,0.0,1.0,0.0,1.0,2.0,20.0,443.0,20443.0,20.0,2005.0,1GNDV03E65D1,1,G,N,D,V,0,3,E,6,5,D,1,0.0,T,CHEV,VTR,ES,5.0,17.0,nan,1.0,0.0,1200.0,VTR,G,nan,,6,207,,,,,3838,00,,42,0.0,0.0,000000000,00000000000,0.0,0.0,0.0,1.0,0.0,0.0,0.0,0.0,0.0,0.0,0.0,45.0,0.0,0.0,0.0,12.0,4.0,1.0,8.0,0.0,0.0,0.0,1.0,1.0,35620.0,6.0,1.0,0.0,0.0,3.0,1.0,74.0,290.0,0.0,0.0,0.0,1.0,0.0,8.0,2009.0,8.0,2009.0,0.0,89.0,0.0,0.0,0.0,1.0,2.0,45.0,1.0,1.0,2.0,2.0,0.0,0.0,1.0,80.0,1.0,1.0,1.0,13.0,0.0,0.0
1.0,10248.0,1.0,1.0,1.0,12.0,5.0,3.0,0.0,30.0,0.0,1.0,0.0,1.0,2.0,49.0,471.0,49471.0,30.0,1995.0,JT4RN93P7S51,J,T,4,R,N,9,3,P,7,S,5,1,0.0,T,TOYT,XLX,PC,95.0,17.0,nan,1.0,0.0,1219.0,HTP,G,nan,,4,144,,,,B,2970,00,A,42,0.0,0.0,000000000,00000000000,0.0,0.0,0.0,1.0,0.0,0.0,0.0,0.0,0.0,0.0,0.0,45.0,0.0,1.0,5.0,3.0,6.0,2.0,30.0,0.0,0.0,0.0,1.0,1.0,35763.0,6.0,1.0,0.0,0.0,3.0,0.0,69.0,130.0,0.0,0.0,0.0,0.0,0.0,0.0,0.0,0.0,0.0,0.0,89.0,0.0,0.0,0.0,1.0,2.0,45.0,1.0,1.0,2.0,1.0,0.0,0.0,1.0,13.0,6.0,1.0,4.0,1.0,1.0,0.0
1.0,10249.0,1.0,1.0,1.0,1.0,5.0,20.0,35.0,1.0,0.0,1.0,0.0,1.0,1.0,12.0,401.0,12401.0,14.0,2001.0,1FMYU60E01UC,1,F,M,Y,U,6,0,E,0,1,U,C,0.0,P,FORD,EPR,UT,1.0,17.0,3769.0,nan,0.0,1018.0,,G,nan,F,6,245,,,15R235,,,,,,0.0,0.0,000000000,00000000000,0.0,0.0,0.0,1.0,0.0,0.0,0.0,0.0,0.0,0.0,0.0,70.0,0.0,1.0,5.0,0.0,6.0,2.0,21.0,0.0,0.0,0.0,1.0,1.0,35640.0,6.0,1.0,0.0,0.0,3.0,1.0,63.0,135.0,0.0,0.0,0.0,3.0,1.0,5.0,2009.0,12.0,2011.0,0.0,58.0,0.0,0.0,0.0,2.0,2.0,70.0,1.0,1.0,2.0,1.0,0.0,0.0,1.0,12.0,7.0,3.0,4.0,2.0,1.0,0.0
1.0,10250.0,1.0,1.0,1.0,1.0,5.0,15.0,28.0,35.0,0.0,1.0,0.0,1.0,1.0,20.0,481.0,20481.0,31.0,2006.0,3GCEC14V96G2,3,G,C,E,C,1,4,V,9,6,G,2,0.0,T,CHEV,SC1,PK,6.0,17.0,nan,2.0,1330.0,1190.0,SIL,G,nan,,8,293,,,,B,4211,00,,42,0.0,0.0,000000000,00000000000,0.0,0.0,0.0,1.0,0.0,0.0,0.0,0.0,0.0,0.0,0.0,60.0,0.0,1.0,5.0,1.0,6.0,2.0,1.0,0.0,0.0,0.0,1.0,1.0,36750.0,6.0,1.0,0.0,0.0,3.0,0.0,70.0,197.0,0.0,0.0,0.0,1.0,0.0,9.0,2010.0,9.0,2010.0,1.0,8.0,37.0,0.0,0.0,1.0,2.0,35.0,3.0,5.0,2.0,1.0,0.0,0.0,14.0,13.0,1.0,1.0,4.0,1.0,1.0,1.0
1.0,10251.0,1.0,2.0,2.0,3.0,5.0,12.0,20.0,12.0,2.0,1.0,0.0,1.0,2.0,49.0,32.0,49032.0,4.0,1994.0,JT2AE04BXR00,J,T,2,A,E,0,4,B,X,R,0,0,0.0,P,TOYT,COA,4D,94.0,17.0,2359.0,nan,0.0,970.0,,G,nan,F,4,097,,,14R175,,,,,,0.0,0.0,000000000,00000000000,0.0,0.0,0.0,1.0,0.0,0.0,0.0,0.0,0.0,0.0,0.0,30.0,0.0,0.0,0.0,12.0,6.0,2.0,12.0,0.0,0.0,0.0,1.0,1.0,35757.0,6.0,1.0,0.0,0.0,3.0,1.0,65.0,140.0,0.0,0.0,0.0,0.0,0.0,0.0,0.0,0.0,0.0,0.0,0.0,0.0,0.0,0.0,1.0,2.0,45.0,1.0,5.0,2.0,2.0,0.0,0.0,1.0,10.0,1.0,1.0,2.0,50.0,1.0,0.0
1.0,10251.0,2.0,2.0,1.0,3.0,5.0,12.0,20.0,12.0,2.0,1.0,0.0,1.0,1.0,12.0,481.0,12481.0,31.0,2005.0,1FTPX12595NB,1,F,T,P,X,1,2,5,9,5,N,B,0.0,T,FORD,F15,4C,5.0,17.0,nan,2.0,1450.0,1260.0,COF,G,nan,,8,330,,,,B,5065,04,U,42,0.0,0.0,000000000,00000000000,0.0,0.0,0.0,1.0,0.0,0.0,0.0,0.0,0.0,0.0,0.0,40.0,0.0,0.0,0.0,12.0,6.0,2.0,12.0,0.0,0.0,0.0,1.0,1.0,35749.0,6.0,1.0,0.0,0.0,3.0,0.0,71.0,190.0,0.0,0.0,0.0,0.0,0.0,0.0,0.0,0.0,0.0,0.0,0.0,0.0,0.0,0.0,1.0,2.0,45.0,1.0,6.0,2.0,2.0,0.0,0.0,1.0,62.0,7.0,1.0,1.0,51.0,0.0,0.0
1.0,10252.0,1.0,3.0,1.0,4.0,5.0,15.0,35.0,12.0,6.0,1.0,0.0,1.0,1.0,37.0,705.0,37705.0,80.0,2006.0,JH2RC444X6M0,J,H,2,R,C,4,4,4,X,6,M,0,0.0,M,HOND,V7A,RS,6.0,17.0,nan,nan,nan,nan,,,745.0,,2,,4,496,,,,,,,0.0,0.0,000000000,00000000000,0.0,0.0,0.0,1.0,0.0,0.0,0.0,0.0,0.0,0.0,0.0,70.0,0.0,0.0,0.0,12.0,6.0,2.0,12.0,0.0,0.0,0.0,1.0,1.0,35903.0,1.0,1.0,0.0,0.0,2.0,0.0,72.0,180.0,0.0,1.0,0.0,0.0,1.0,10.0,2011.0,2.0,2012.0,0.0,26.0,0.0,0.0,0.0,3.0,3.0,70.0,1.0,1.0,2.0,1.0,0.0,0.0,1.0,52.0,1.0,1.0,1.0,48.0,1.0,0.0
1.0,10252.0,2.0,3.0,1.0,4.0,5.0,15.0,35.0,12.0,6.0,1.0,0.0,1.0,1.0,54.0,38.0,54038.0,3.0,2002.0,JH4DC548X2C0,J,H,4,D,C,5,4,8,X,2,C,0,0.0,P,ACUR,RSX,2H,2.0,17.0,2769.0,nan,0.0,1012.0,,G,nan,F,4,122,,,16R205,,,,,,0.0,0.0,000000000,00000000000,0.0,0.0,0.0,1.0,0.0,0.0,0.0,0.0,0.0,0.0,0.0,70.0,0.0,0.0,0.0,8.0,4.0,1.0,12.0,0.0,0.0,0.0,1.0,1.0,35045.0,6.0,1.0,0.0,0.0,3.0,0.0,68.0,145.0,3.0,0.0,0.0,1.0,0.0,10.0,2009.0,10.0,2011.0,0.0,0.0,0.0,0.0,0.0,3.0,3.0,70.0,1.0,1.0,2.0,1.0,0.0,0.0,2.0,53.0,1.0,1.0,1.0,48.0,0.0,0.0
1.0,10252.0,3.0,3.0,1.0,4.0,5.0,15.0,35.0,12.0,6.0,1.0,0.0,92.0,0.0,34.0,34.0,34034.0,4.0,2011.0,WBAPH5C50BA4,W,B,A,P,H,5,C,5,0,B,A,4,0.0,P,BMW,3SV,4D,11.0,17.0,3428.0,nan,0.0,1087.0,,G,nan,F,6,183,,,16R205,,,,,,0.0,0.0,000000000,00000000000,0.0,0.0,0.0,1.0,0.0,0.0,0.0,0.0,0.0,0.0,0.0,65.0,0.0,0.0,0.0,12.0,2.0,1.0,12.0,0.0,0.0,0.0,1.0,1.0,35079.0,6.0,1.0,0.0,0.0,3.0,0.0,67.0,150.0,1.0,0.0,0.0,0.0,0.0,5.0,2012.0,5.0,2012.0,0.0,0.0,0.0,0.0,0.0,3.0,3.0,70.0,1.0,1.0,2.0,1.0,0.0,0.0,1.0,61.0,2.0,1.0,1.0,98.0,0.0,0.0
1.0,10253.0,1.0,1.0,1.0,5.0,5.0,13.0,30.0,42.0,0.0,1.0,0.0,1.0,2.0,7.0,482.0,7482.0,31.0,2003.0,1D7HA16N73J6,1,D,7,H,A,1,6,N,7,3,J,6,0.0,T,DODG,S15,PK,3.0,17.0,nan,2.0,1405.0,1205.0,RPC,G,nan,,8,287,,,,B,4378,03,E,42,0.0,0.0,000000000,00000000000,0.0,0.0,0.0,1.0,0.0,0.0,0.0,0.0,0.0,0.0,0.0,60.0,0.0,0.0,0.0,2.0,6.0,2.0,42.0,0.0,0.0,0.0,1.0,28.0,36268.0,6.0,1.0,0.0,0.0,3.0,0.0,66.0,150.0,0.0,0.0,0.0,0.0,0.0,0.0,0.0,0.0,0.0,1.0,58.0,0.0,0.0,0.0,1.0,2.0,40.0,1.0,6.0,2.0,1.0,0.0,0.0,1.0,13.0,6.0,4.0,4.0,7.0,1.0,1.0
1.0,10254.0,1.0,2.0,2.0,7.0,5.0,14.0,46.0,12.0,2.0,1.0,0.0,1.0,2.0,49.0,472.0,49472.0,30.0,1999.0,4TANM92N0XZ4,4,T,A,N,M,9,2,N,0,X,Z,4,1.0,T,TOYT,RRG,PK,99.0,17.0,nan,1.0,0.0,1033.0,TAC,G,nan,,4,164,,,,B,3035,00,U,42,1.0,0.0,000000000,00000000000,0.0,0.0,0.0,1.0,0.0,0.0,0.0,0.0,0.0,0.0,0.0,60.0,0.0,0.0,0.0,12.0,6.0,2.0,12.0,0.0,0.0,0.0,1.0,1.0,35555.0,6.0,1.0,0.0,0.0,3.0,0.0,71.0,205.0,1.0,0.0,0.0,1.0,0.0,8.0,2010.0,8.0,2011.0,1.0,0.0,0.0,0.0,0.0,1.0,2.0,45.0,2.0,6.0,2.0,2.0,0.0,0.0,14.0,10.0,1.0,1.0,2.0,50.0,1.0,0.0
1.0,10254.0,2.0,2.0,1.0,7.0,5.0,14.0,46.0,12.0,2.0,1.0,0.0,1.0,1.0,20.0,481.0,20481.0,31.0,2004.0,2GCEK13T0414,2,G,C,E,K,1,3,T,0,4,1,4,0.0,T,CHEV,SK1,CW,4.0,17.0,nan,2.0,0.0,1435.0,SIL,G,nan,,8,323,,,,B,5244,00,,44,0.0,0.0,000000000,00000000000,0.0,0.0,0.0,1.0,0.0,0.0,0.0,0.0,0.0,0.0,0.0,45.0,0.0,0.0,0.0,12.0,6.0,2.0,12.0,0.0,0.0,0.0,1.0,1.0,35475.0,6.0,2.0,0.0,0.0,3.0,0.0,70.0,210.0,0.0,0.0,0.0,0.0,0.0,0.0,0.0,0.0,0.0,0.0,0.0,0.0,0.0,0.0,1.0,2.0,45.0,3.0,5.0,2.0,2.0,0.0,0.0,14.0,62.0,1.0,1.0,1.0,51.0,0.0,0.0
1.0,10255.0,1.0,1.0,1.0,7.0,5.0,12.0,55.0,24.0,0.0,1.0,0.0,1.0,1.0,14.0,6.0,14006.0,4.0,2005.0,2MHFM75W55X6,2,M,H,F,M,7,5,W,5,5,X,6,0.0,P,MERC,MGL,4D,5.0,17.0,4094.0,nan,0.0,1147.0,,G,nan,F,8,281,,,16R225,,,,,,0.0,0.0,000000000,00000000000,0.0,0.0,0.0,1.0,0.0,0.0,0.0,0.0,0.0,0.0,0.0,999.0,0.0,0.0,0.0,12.0,6.0,2.0,42.0,0.0,0.0,0.0,1.0,1.0,35046.0,6.0,1.0,0.0,0.0,3.0,0.0,65.0,145.0,0.0,0.0,0.0,0.0,1.0,9.0,2011.0,9.0,2011.0,0.0,0.0,0.0,0.0,0.0,3.0,2.0,70.0,1.0,1.0,2.0,1.0,0.0,0.0,1.0,12.0,1.0,1.0,4.0,6.0,1.0,0.0