STATE,ST_CASE,VEH_NO,VE_FORMS,NUMOCCS,DAY,MONTH,HOUR,MINUTE,HARM_EV,MAN_COLL,UNITTYPE,HIT_RUN,REG_STAT,OWNER,MAKE,MODEL,MAK_MOD,BODY_TYP,MOD_YEAR,VIN,VIN_1,VIN_2,VIN_3,VIN_4,VIN_5,VIN_6,VIN_7,VIN_8,VIN_9,VIN_10,VIN_11,VIN_12,TOW_VEH,VINTYPE,VINMAKE,VINA_MOD,VIN_BT,VINMODYR,VIN_LNGT,VIN_WGT,WGTCD_TR,WHLBS_LG,WHLBS_SH,SER_TR,FUELCODE,MCYCL_DS,CARBUR,CYLINDER,DISPLACE,MCYCL_CY,MCYCL_WT,TIRE_SZE,TON_RAT,TRK_WT,TRKWTVAR,VIN_REST,WHLDRWHL,J_KNIFE,MCARR_I1,MCARR_I2,MCARR_ID,GVWR,V_CONFIG,CARGO_BT,HAZ_INV,HAZ_PLAC,HAZ_ID,HAZ_CNO,HAZ_REL,BUS_USE,SPEC_USE,EMER_USE,TRAV_SP,UNDERIDE,ROLLOVER,ROLINLOC,IMPACT1,DEFORMED,TOWED,M_HARM,VEH_SC1,VEH_SC2,FIRE_EXP,DR_PRES,L_STATE,DR_ZIP,L_STATUS,L_TYPE,CDL_STAT,L_ENDORS,L_COMPL,L_RESTRI,DR_HGT,DR_WGT,PREV_ACC,PREV_SUS,PREV_DWI,PREV_SPD,PREV_OTH,FIRST_MO,FIRST_YR,LAST_MO,LAST_YR,SPEEDREL,DR_SF1,DR_SF2,DR_SF3,DR_SF4,VTRAFWAY,VNUM_LAN,VSPD_LIM,VALIGN,VPROFILE,VPAVETYP,VSURCOND,VTRAFCON,VTCONT_F,P_CRASH1,P_CRASH2,P_CRASH3,PCRASH4,PCRASH5,ACC_TYPE,DEATHS,DR_DRINK
1.0,10257.0,1.0,1.0,1.0,7.0,5.0,6.0,50.0,34.0,0.0,1.0,0.0,1.0,2.0,55.0,36.0,55036.0,3.0,2005.0,KMHCG35C45U3,K,M,H,C,G,3,5,C,4,5,U,3,0.0,P,HYUN,AGS,2H,5.0,17.0,2280.0,nan,0.0,961.0,,G,nan,F,4,098,,,13R175,,,,,,0.0,0.0,000000000,00000000000,0.0,0.0,0.0,1.0,0.0,0.0,0.0,0.0,0.0,0.0,0.0,70.0,0.0,0.0,0.0,12.0,6.0,2.0,14.0,0.0,0.0,0.0,1.0,1.0,35010.0,6.0,1.0,0.0,0.0,3.0,1.0,67.0,155.0,2.0,0.0,0.0,0.0,0.0,8.0,2009.0,12.0,2010.0,1.0,58.0,0.0,0.0,0.0,1.0,2.0,55.0,2.0,1.0,2.0,1.0,0.0,0.0,14.0,12.0,6.0,1.0,4.0,6.0,1.0,0.0
1.0,10258.0,1.0,1.0,1.0,8.0,5.0,2.0,30.0,42.0,0.0,1.0,0.0,1.0,1.0,20.0,9.0,20009.0,2.0,2001.0,2G1FP22G9121,2,G,1,F,P,2,2,G,9,1,2,1,0.0,P,CHEV,Z28,CP,1.0,17.0,3439.0,nan,0.0,1011.0,,G,nan,F,8,350,,,16R235,,,,,,0.0,0.0,000000000,00000000000,0.0,0.0,0.0,1.0,0.0,0.0,0.0,0.0,0.0,0.0,0.0,90.0,0.0,1.0,5.0,12.0,6.0,2.0,42.0,0.0,0.0,0.0,1.0,1.0,36870.0,6.0,1.0,0.0,0.0,3.0,0.0,67.0,175.0,2.0,0.0,0.0,2.0,0.0,8.0,2009.0,2.0,2012.0,1.0,89.0,0.0,0.0,0.0,2.0,2.0,65.0,3.0,3.0,2.0,1.0,0.0,0.0,14.0,13.0,1.0,3.0,4.0,2.0,1.0,1.0
1.0,10259.0,1.0,1.0,1.0,16.0,5.0,13.0,30.0,42.0,0.0,1.0,0.0,1.0,3.0,82.0,881.0,82881.0,66.0,2000.0,1FUYSSZB3YLB,1,F,U,Y,S,S,Z,B,3,Y,L,B,1.0,T,FRHT,FC2,TR,0.0,17.0,nan,8.0,0.0,0.0,CON,D,nan,,6,774,,,,,00000,00,,64,1.0,57.0,1284810,571284810,3.0,6.0,10.0,1.0,0.0,0.0,0.0,0.0,0.0,0.0,0.0,35.0,0.0,1.0,5.0,10.0,6.0,2.0,1.0,0.0,0.0,0.0,1.0,1.0,35046.0,6.0,1.0,6.0,0.0,3.0,0.0,69.0,205.0,0.0,2.0,0.0,2.0,3.0,8.0,2009.0,4.0,2012.0,0.0,0.0,0.0,0.0,0.0,1.0,2.0,45.0,2.0,6.0,2.0,1.0,0.0,0.0,14.0,12.0,1.0,1.0,4.0,6.0,1.0,0.0
1.0,10260.0,1.0,1.0,2.0,17.0,5.0,18.0,40.0,8.0,0.0,1.0,0.0,1.0,2.0,52.0,472.0,52472.0,31.0,2008.0,1Z7HC28K78S5,1,Z,7,H,C,2,8,K,7,8,S,5,0.0,T,MITS,RLS,CW,8.0,17.0,nan,2.0,0.0,1313.0,RAI,G,nan,,6,226,,,,,4435,00,4,42,0.0,0.0,000000000,00000000000,0.0,0.0,0.0,1.0,0.0,0.0,0.0,0.0,0.0,0.0,0.0,999.0,0.0,0.0,0.0,12.0,4.0,3.0,8.0,0.0,0.0,0.0,1.0,1.0,36575.0,6.0,1.0,0.0,0.0,3.0,0.0,72.0,218.0,1.0,0.0,0.0,3.0,1.0,7.0,2009.0,2.0,2011.0,1.0,0.0,0.0,0.0,0.0,1.0,2.0,35.0,3.0,6.0,2.0,1.0,0.0,0.0,14.0,13.0,1.0,1.0,4.0,13.0,0.0,0.0
1.0,10261.0,1.0,2.0,1.0,17.0,5.0,12.0,19.0,12.0,6.0,1.0,0.0,1.0,1.0,49.0,442.0,49442.0,20.0,2002.0,4T3ZF13CX2U4,4,T,3,Z,F,1,3,C,X,2,U,4,0.0,P,TOYT,SIE,SV,2.0,17.0,3932.0,nan,0.0,1142.0,,G,nan,F,6,183,,,15R205,,,,,,0.0,0.0,000000000,00000000000,0.0,0.0,0.0,1.0,0.0,0.0,0.0,0.0,0.0,0.0,0.0,999.0,0.0,0.0,0.0,9.0,6.0,2.0,12.0,0.0,0.0,0.0,1.0,1.0,35968.0,6.0,1.0,0.0,0.0,3.0,0.0,61.0,120.0,0.0,0.0,0.0,0.0,0.0,0.0,0.0,0.0,0.0,0.0,0.0,0.0,0.0,0.0,1.0,2.0,45.0,1.0,1.0,2.0,1.0,0.0,0.0,11.0,55.0,1.0,1.0,1.0,82.0,1.0,0.0
1.0,10261.0,2.0,2.0,1.0,17.0,5.0,12.0,19.0,12.0,6.0,1.0,0.0,1.0,3.0,86.0,881.0,86881.0,66.0,1984.0,1M2R139Y8EM0,1,M,2,R,1,3,9,Y,8,E,M,0,1.0,T,MACK,RL6,TR,84.0,17.0,nan,8.0,0.0,1520.0,600,D,nan,,6,672,,,,,00000,00,,64,1.0,99.0,999999999,99999999999,3.0,6.0,10.0,1.0,0.0,0.0,0.0,0.0,0.0,0.0,0.0,40.0,0.0,1.0,5.0,12.0,6.0,2.0,12.0,0.0,0.0,0.0,1.0,1.0,35988.0,6.0,1.0,6.0,0.0,3.0,0.0,71.0,165.0,0.0,1.0,0.0,0.0,0.0,10.0,2010.0,10.0,2010.0,0.0,0.0,0.0,0.0,0.0,1.0,2.0,45.0,1.0,1.0,2.0,1.0,0.0,0.0,1.0,72.0,8.0,1.0,1.0,83.0,0.0,0.0
1.0,10262.0,1.0,1.0,4.0,18.0,5.0,22.0,20.0,35.0,0.0,1.0,0.0,1.0,2.0,20.0,481.0,20481.0,31.0,1999.0,1GCEK19T9XE1,1,G,C,E,K,1,9,T,9,X,E,1,0.0,T,CHEV,SK1,3C,99.0,17.0,nan,2.0,1575.0,1435.0,SIL,G,nan,,8,325,,,,B,4621,00,,44,0.0,0.0,000000000,00000000000,0.0,0.0,0.0,1.0,0.0,0.0,0.0,0.0,0.0,0.0,0.0,70.0,0.0,1.0,5.0,12.0,6.0,2.0,1.0,0.0,0.0,0.0,1.0,1.0,36262.0,6.0,1.0,0.0,0.0,3.0,1.0,63.0,125.0,0.0,0.0,0.0,0.0,1.0,8.0,2010.0,8.0,2010.0,0.0,58.0,0.0,0.0,0.0,1.0,2.0,55.0,1.0,1.0,2.0,1.0,0.0,0.0,1.0,13.0,6.0,3.0,4.0,2.0,1.0,1.0
1.0,10263.0,1.0,2.0,4.0,18.0,5.0,13.0,28.0,43.0,0.0,1.0,0.0,1.0,1.0,14.0,21.0,14021.0,4.0,2010.0,3MEHM0JA1AR6,3,M,E,H,M,0,J,A,1,A,R,6,0.0,P,MERC,MPR,4D,10.0,17.0,3117.0,nan,0.0,1074.0,,G,nan,F,4,152,,,17R225,,,,,,0.0,0.0,000000000,00000000000,0.0,0.0,0.0,1.0,0.0,0.0,0.0,0.0,0.0,0.0,0.0,50.0,0.0,0.0,0.0,12.0,6.0,2.0,12.0,0.0,0.0,0.0,1.0,1.0,35748.0,6.0,1.0,0.0,0.0,3.0,1.0,71.0,174.0,0.0,0.0,0.0,0.0,0.0,0.0,0.0,0.0,0.0,0.0,0.0,0.0,0.0,0.0,2.0,4.0,50.0,1.0,1.0,2.0,1.0,0.0,0.0,1.0,12.0,6.0,2.0,4.0,7.0,1.0,0.0
1.0,10263.0,2.0,2.0,1.0,18.0,5.0,13.0,28.0,43.0,0.0,1.0,0.0,1.0,1.0,49.0,472.0,49472.0,30.0,2006.0,3TMJU62N96M0,3,T,M,J,U,6,2,N,9,6,M,0,0.0,T,TOYT,DCP,CW,6.0,17.0,nan,1.0,0.0,1219.0,TAC,G,nan,,6,244,,,,B,3845,00,U,42,0.0,0.0,000000000,00000000000,0.0,0.0,0.0,1.0,0.0,0.0,0.0,0.0,0.0,0.0,0.0,50.0,0.0,0.0,0.0,12.0,6.0,2.0,12.0,0.0,0.0,0.0,1.0,1.0,36360.0,6.0,1.0,0.0,0.0,3.0,0.0,64.0,117.0,0.0,0.0,0.0,0.0,0.0,0.0,0.0,0.0,0.0,0.0,89.0,0.0,0.0,0.0,2.0,2.0,50.0,1.0,1.0,2.0,1.0,0.0,0.0,1.0,62.0,1.0,1.0,1.0,98.0,0.0,0.0
1.0,10264.0,1.0,1.0,4.0,19.0,5.0,13.0,42.0,8.0,0.0,1.0,1.0,1.0,2.0,20.0,431.0,20431.0,16.0,1997.0,1GNEC16R6VJ3,1,G,N,E,C,1,6,R,6,V,J,3,0.0,P,CHEV,C15,UT,97.0,17.0,4802.0,nan,0.0,1315.0,,G,nan,F,8,350,,,15R235,,,,,,0.0,0.0,000000000,00000000000,0.0,0.0,0.0,1.0,0.0,0.0,0.0,0.0,0.0,0.0,0.0,999.0,0.0,0.0,0.0,99.0,0.0,1.0,8.0,0.0,0.0,0.0,1.0,1.0,36110.0,0.0,0.0,0.0,0.0,0.0,0.0,74.0,175.0,0.0,0.0,0.0,0.0,0.0,0.0,0.0,0.0,0.0,0.0,99.0,99.0,99.0,99.0,1.0,2.0,25.0,1.0,1.0,2.0,1.0,0.0,0.0,13.0,80.0,1.0,1.0,1.0,92.0,0.0,0.0
1.0,10265.0,1.0,1.0,2.0,20.0,5.0,20.0,37.0,1.0,0.0,1.0,0.0,1.0,2.0,12.0,481.0,12481.0,31.0,2001.0,3FTNW21F11MA,3,F,T,N,W,2,1,F,1,1,M,A,0.0,T,FORD,F2S,CW,1.0,17.0,nan,2.0,1724.0,1562.0,SRW,D,nan,,8,444,,,,C,5932,07,E,44,0.0,0.0,000000000,00000000000,0.0,0.0,0.0,1.0,0.0,0.0,0.0,0.0,0.0,0.0,0.0,98.0,0.0,1.0,5.0,0.0,6.0,2.0,42.0,0.0,0.0,0.0,1.0,1.0,36869.0,6.0,2.0,0.0,0.0,3.0,0.0,64.0,110.0,0.0,0.0,0.0,0.0,0.0,0.0,0.0,0.0,0.0,1.0,58.0,0.0,0.0,0.0,1.0,2.0,45.0,3.0,1.0,2.0,1.0,0.0,0.0,14.0,13.0,6.0,4.0,4.0,7.0,2.0,0.0
1.0,10266.0,1.0,1.0,1.0,20.0,5.0,3.0,45.0,30.0,0.0,1.0,0.0,1.0,1.0,12.0,401.0,12401.0,14.0,2000.0,1FMDU62X6YUB,1,F,M,D,U,6,2,X,6,Y,U,B,0.0,P,FORD,EPR,UT,0.0,17.0,3865.0,nan,0.0,1116.0,,G,nan,F,6,245,,,15R235,,,,,,0.0,0.0,000000000,00000000000,0.0,0.0,0.0,1.0,0.0,0.0,0.0,0.0,0.0,0.0,0.0,60.0,0.0,1.0,5.0,11.0,6.0,2.0,1.0,0.0,0.0,0.0,1.0,1.0,36278.0,6.0,1.0,0.0,0.0,3.0,0.0,67.0,168.0,0.0,0.0,0.0,0.0,0.0,0.0,0.0,0.0,0.0,0.0,0.0,0.0,0.0,0.0,1.0,2.0,55.0,1.0,6.0,2.0,1.0,0.0,0.0,1.0,12.0,1.0,1.0,4.0,6.0,1.0,0.0
1.0,10267.0,1.0,3.0,1.0,20.0,5.0,16.0,20.0,12.0,8.0,1.0,0.0,1.0,1.0,72.0,706.0,72706.0,80.0,2003.0,1HD1DJV133Y6,1,H,D,1,D,J,V,1,3,3,Y,6,0.0,M,HD,FHC,RS,3.0,17.0,nan,nan,nan,nan,,,1450.0,,2,,4,758,,,,,,,0.0,0.0,000000000,00000000000,0.0,0.0,0.0,1.0,0.0,0.0,0.0,0.0,0.0,0.0,0.0,60.0,0.0,0.0,0.0,10.0,6.0,2.0,12.0,0.0,0.0,0.0,1.0,1.0,35903.0,6.0,1.0,6.0,0.0,3.0,0.0,73.0,189.0,0.0,0.0,0.0,3.0,0.0,1.0,2010.0,4.0,2010.0,1.0,89.0,28.0,0.0,0.0,1.0,2.0,45.0,2.0,1.0,2.0,1.0,0.0,0.0,14.0,10.0,1.0,1.0,2.0,64.0,1.0,0.0
1.0,10267.0,2.0,3.0,2.0,20.0,5.0,16.0,20.0,12.0,8.0,1.0,0.0,1.0,1.0,12.0,481.0,12481.0,31.0,1990.0,1FTEF14N2LNA,1,F,T,E,F,1,4,N,2,L,N,A,0.0,T,FORD,F15,PK,90.0,17.0,nan,2.0,1330.0,1170.0,COF,G,nan,,8,302,,,,B,3800,01,A,44,0.0,0.0,000000000,00000000000,0.0,0.0,0.0,1.0,0.0,0.0,0.0,0.0,0.0,0.0,0.0,40.0,0.0,0.0,0.0,10.0,2.0,1.0,12.0,0.0,0.0,0.0,1.0,1.0,35983.0,6.0,1.0,0.0,0.0,3.0,0.0,72.0,170.0,0.0,0.0,0.0,2.0,0.0,7.0,2010.0,3.0,2012.0,0.0,0.0,0.0,0.0,0.0,1.0,2.0,45.0,3.0,1.0,2.0,1.0,0.0,0.0,14.0,62.0,1.0,1.0,1.0,65.0,0.0,0.0
1.0,10267.0,3.0,3.0,2.0,20.0,5.0,16.0,20.0,12.0,8.0,1.0,0.0,1.0,2.0,35.0,471.0,35471.0,30.0,1996.0,1N6SD11S6TC3,1,N,6,S,D,1,1,S,6,T,C,3,0.0,T,NISS,XES,PK,96.0,17.0,nan,1.0,0.0,1043.0,TRK,G,nan,,4,146,,,,B,00000,00,M,42,0.0,0.0,000000000,00000000000,0.0,0.0,0.0,1.0,0.0,0.0,0.0,0.0,0.0,0.0,0.0,10.0,0.0,0.0,0.0,12.0,6.0,2.0,12.0,0.0,0.0,0.0,1.0,40.0,74426.0,6.0,1.0,0.0,0.0,3.0,0.0,74.0,240.0,0.0,0.0,0.0,0.0,0.0,0.0,0.0,0.0,0.0,0.0,0.0,0.0,0.0,0.0,1.0,2.0,45.0,3.0,1.0,2.0,1.0,0.0,0.0,14.0,62.0,2.0,1.0,1.0,98.0,0.0,0.0
1.0,10268.0,1.0,2.0,1.0,23.0,3.0,7.0,45.0,12.0,6.0,1.0,0.0,1.0,2.0,20.0,398.0,20398.0,4.0,2005.0,1G1ND52F05M1,1,G,1,N,D,5,2,F,0,5,M,1,0.0,P,CHEV,CLA,4D,5.0,17.0,3106.0,nan,0.0,1070.0,,G,nan,F,4,134,,,15R205,,,,,,0.0,0.0,000000000,00000000000,0.0,0.0,0.0,1.0,0.0,0.0,0.0,0.0,0.0,0.0,0.0,5.0,0.0,0.0,0.0,9.0,6.0,2.0,12.0,0.0,0.0,0.0,1.0,1.0,36089.0,0.0,0.0,0.0,0.0,0.0,0.0,70.0,110.0,0.0,0.0,0.0,0.0,0.0,0.0,0.0,0.0,0.0,0.0,38.0,0.0,0.0,0.0,1.0,2.0,35.0,1.0,6.0,2.0,2.0,20.0,3.0,11.0,15.0,1.0,1.0,1.0,82.0,1.0,0.0
1.0,10268.0,2.0,2.0,1.0,23.0,3.0,7.0,45.0,12.0,6.0,1.0,0.0,1.0,2.0,7.0,482.0,7482.0,31.0,1998.0,3B7KF22D6WG1,3,B,7,K,F,2,2,D,6,W,G,1,0.0,T,DODG,250,PC,98.0,17.0,nan,2.0,1547.0,1387.0,RPC,D,nan,,6,359,,,,C,5344,03,U,44,0.0,0.0,000000000,00000000000,0.0,0.0,0.0,1.0,0.0,0.0,0.0,0.0,0.0,0.0,0.0,30.0,0.0,0.0,0.0,12.0,6.0,2.0,12.0,0.0,0.0,0.0,1.0,1.0,36081.0,6.0,1.0,0.0,0.0,3.0,0.0,62.0,107.0,0.0,0.0,0.0,1.0,0.0,8.0,2011.0,8.0,2011.0,0.0,0.0,0.0,0.0,0.0,1.0,2.0,35.0,1.0,6.0,2.0,2.0,0.0,0.0,1.0,67.0,1.0,1.0,1.0,83.0,0.0,0.0
1.0,10269.0,1.0,2.0,1.0,12.0,4.0,11.0,45.0,12.0,6.0,1.0,0.0,1.0,1.0,20.0,2.0,20002.0,4.0,2008.0,2G1WB55K0812,2,G,1,W,B,5,5,K,0,8,1,2,0.0,P,CHEV,IPL,4D,8.0,17.0,3555.0,nan,0.0,1105.0,,F,nan,F,6,214,,,16R225,,,,,,0.0,0.0,000000000,00000000000,0.0,0.0,0.0,1.0,0.0,0.0,0.0,0.0,0.0,0.0,0.0,5.0,0.0,0.0,0.0,7.0,6.0,2.0,12.0,0.0,0.0,0.0,1.0,1.0,35456.0,6.0,1.0,0.0,0.0,3.0,0.0,70.0,250.0,0.0,0.0,0.0,0.0,0.0,0.0,0.0,0.0,0.0,0.0,39.0,0.0,0.0,0.0,1.0,2.0,35.0,1.0,1.0,2.0,1.0,20.0,3.0,1.0,17.0,1.0,1.0,1.0,89.0,1.0,0.0
1.0,10269.0,2.0,2.0,1.0,12.0,4.0,11.0,45.0,12.0,6.0,1.0,0.0,1.0,1.0,19.0,18.0,19018.0,4.0,2005.0,1G6DP5670501,1,G,6,D,P,5,6,7,0,5,0,1,0.0,P,CADI,HF6,4D,5.0,17.0,3509.0,nan,0.0,1134.0,,G,nan,F,6,220,,,17R225,,,,,,0.0,0.0,000000000,00000000000,0.0,0.0,0.0,1.0,0.0,0.0,0.0,0.0,0.0,0.0,0.0,55.0,0.0,0.0,0.0,12.0,6.0,2.0,12.0,0.0,0.0,0.0,1.0,1.0,35456.0,6.0,1.0,0.0,0.0,3.0,0.0,67.0,145.0,1.0,0.0,0.0,0.0,0.0,10.0,2009.0,10.0,2009.0,0.0,0.0,0.0,0.0,0.0,2.0,2.0,65.0,1.0,5.0,2.0,1.0,0.0,0.0,1.0,66.0,8.0,1.0,2.0,88.0,0.0,0.0
1.0,10270.0,1.0,1.0,1.0,13.0,4.0,22.0,40.0,1.0,0.0,1.0,0.0,1.0,1.0,49.0,472.0,49472.0,30.0,2004.0,5TENL42N74Z3,5,T,E,N,L,4,2,N,7,4,Z,3,0.0,T,TOYT,REG,PK,4.0,17.0,nan,1.0,0.0,1033.0,TAC,G,nan,,4,149,,,,B,2750,00,U,42,0.0,0.0,000000000,00000000000,0.0,0.0,0.0,1.0,0.0,0.0,0.0,0.0,0.0,0.0,0.0,999.0,0.0,1.0,5.0,0.0,6.0,2.0,1.0,0.0,0.0,0.0,1.0,1.0,35214.0,2.0,1.0,0.0,0.0,2.0,0.0,71.0,174.0,2.0,5.0,0.0,0.0,0.0,6.0,2009.0,2.0,2012.0,9.0,99.0,99.0,99.0,99.0,1.0,2.0,30.0,1.0,1.0,2.0,1.0,0.0,0.0,1.0,12.0,99.0,1.0,4.0,6.0,1.0,0.0
1.0,10271.0,1.0,1.0,2.0,16.0,4.0,22.0,30.0,42.0,0.0,1.0,0.0,1.0,1.0,49.0,32.0,49032.0,4.0,2007.0,2T1BR30E37C7,2,T,1,B,R,3,0,E,3,7,C,7,0.0,P,TOYT,UCS,4D,7.0,17.0,2530.0,nan,0.0,1024.0,,G,nan,F,4,109,,,15R185,,,,,,0.0,0.0,000000000,00000000000,0.0,0.0,0.0,1.0,0.0,0.0,0.0,0.0,0.0,0.0,0.0,70.0,0.0,0.0,0.0,12.0,6.0,2.0,42.0,0.0,0.0,1.0,1.0,1.0,35218.0,6.0,1.0,0.0,0.0,3.0,0.0,69.0,150.0,0.0,1.0,1.0,2.0,1.0,9.0,2009.0,3.0,2011.0,0.0,37.0,0.0,0.0,0.0,1.0,2.0,40.0,3.0,1.0,2.0,2.0,0.0,0.0,14.0,12.0,1.0,1.0,4.0,6.0,2.0,0.0
1.0,10272.0,1.0,4.0,1.0,8.0,5.0,6.0,55.0,12.0,1.0,1.0,0.0,1.0,3.0,87.0,881.0,87881.0,66.0,2004.0,1XP5DB9X14D8,1,X,P,5,D,B,9,X,1,4,D,8,1.0,T,PTRB,379,TR,4.0,17.0,nan,8.0,0.0,0.0,CON,D,nan,,6,893,,,,,00000,00,,64,1.0,57.0,1295501,571295501,3.0,6.0,4.0,1.0,0.0,0.0,0.0,0.0,0.0,0.0,0.0,55.0,0.0,0.0,0.0,12.0,6.0,2.0,12.0,0.0,0.0,0.0,1.0,1.0,35404.0,6.0,1.0,6.0,0.0,3.0,0.0,75.0,175.0,1.0,1.0,0.0,0.0,1.0,1.0,2010.0,5.0,2011.0,0.0,39.0,0.0,0.0,0.0,1.0,2.0,55.0,2.0,6.0,2.0,1.0,0.0,0.0,14.0,52.0,1.0,1.0,1.0,28.0,0.0,0.0
1.0,10272.0,2.0,4.0,1.0,8.0,5.0,6.0,55.0,12.0,1.0,1.0,0.0,1.0,3.0,84.0,881.0,84881.0,66.0,2000.0,2HSCAAHN4YC0,2,H,S,C,A,A,H,N,4,Y,C,0,1.0,T,INTL,91I,TR,0.0,17.0,nan,7.0,0.0,0.0,910,D,nan,,6,661,,,,,00000,00,,42,1.0,57.0,1323933,571323933,3.0,6.0,3.0,1.0,0.0,0.0,0.0,0.0,0.0,0.0,0.0,10.0,0.0,0.0,0.0,6.0,6.0,2.0,12.0,0.0,0.0,0.0,1.0,1.0,35456.0,6.0,1.0,6.0,0.0,3.0,0.0,71.0,250.0,1.0,0.0,0.0,0.0,0.0,5.0,2011.0,5.0,2011.0,0.0,0.0,0.0,0.0,0.0,1.0,2.0,55.0,2.0,6.0,2.0,1.0,0.0,0.0,2.0,53.0,1.0,1.0,1.0,29.0,1.0,0.0
1.0,10272.0,3.0,4.0,1.0,8.0,5.0,6.0,55.0,12.0,1.0,1.0,0.0,1.0,1.0,87.0,881.0,87881.0,66.0,2000.0,1XP5DB9X6YN5,1,X,P,5,D,B,9,X,6,Y,N,5,1.0,T,PTRB,379,TR,0.0,17.0,nan,8.0,0.0,0.0,CON,D,nan,,6,893,,,,,00000,00,,64,1.0,57.0,01501201,5701501201,3.0,6.0,4.0,1.0,0.0,0.0,0.0,0.0,0.0,0.0,0.0,55.0,0.0,0.0,0.0,12.0,6.0,2.0,12.0,0.0,0.0,0.0,1.0,1.0,36750.0,6.0,1.0,6.0,0.0,3.0,0.0,73.0,350.0,0.0,0.0,0.0,1.0,0.0,1.0,2010.0,1.0,2010.0,0.0,0.0,0.0,0.0,0.0,1.0,2.0,55.0,3.0,5.0,2.0,1.0,0.0,0.0,14.0,62.0,1.0,1.0,1.0,98.0,0.0,0.0
1.0,10272.0,4.0,4.0,1.0,8.0,5.0,6.0,55.0,12.0,1.0,1.0,0.0,1.0,1.0,89.0,881.0,89881.0,66.0,1995.0,4V1WDBCF1SN6,4,V,1,W,D,B,C,F,1,S,N,6,1.0,T,WHGM,WIA,TR,95.0,17.0,nan,8.0,0.0,0.0,ARO,D,nan,,6,893,,,,,00000,00,,64,1.0,57.0,1535020,571535020,3.0,6.0,10.0,1.0,0.0,0.0,0.0,0.0,0.0,0.0,0.0,55.0,0.0,0.0,0.0,11.0,2.0,1.0,54.0,0.0,0.0,0.0,1.0,1.0,36793.0,6.0,1.0,6.0,0.0,3.0,0.0,74.0,235.0,1.0,0.0,0.0,0.0,3.0,11.0,2009.0,5.0,2012.0,0.0,0.0,0.0,0.0,0.0,1.0,2.0,55.0,3.0,5.0,2.0,1.0,0.0,0.0,14.0,98.0,1.0,1.0,1.0,98.0,0.0,0.0
1.0,10273.0,1.0,2.0,2.0,12.0,5.0,8.0,30.0,12.0,2.0,1.0,0.0,1.0,1.0,35.0,471.0,35471.0,30.0,1988.0,1N6HD11Y1JC3,1,N,6,H,D,1,1,Y,1,J,C,3,0.0,T,NISS,U4S,PK,88.0,17.0,nan,1.0,0.0,1014.0,D21,G,nan,,6,181,,,,,3349,02,A,44,0.0,0.0,000000000,00000000000,0.0,0.0,0.0,1.0,0.0,0.0,0.0,0.0,0.0,0.0,0.0,65.0,0.0,0.0,0.0,12.0,6.0,2.0,12.0,0.0,0.0,0.0,1.0,1.0,36804.0,6.0,1.0,0.0,0.0,3.0,0.0,71.0,200.0,1.0,0.0,0.0,1.0,0.0,2.0,2010.0,8.0,2011.0,0.0,51.0,0.0,0.0,0.0,1.0,2.0,55.0,1.0,5.0,2.0,1.0,0.0,0.0,1.0,54.0,7.0,1.0,1.0,50.0,1.0,1.0
1.0,10273.0,2.0,2.0,2.0,12.0,5.0,8.0,30.0,12.0,2.0,1.0,0.0,1.0,2.0,55.0,401.0,55401.0,14.0,2003.0,KM8SC73D73U5,K,M,8,S,C,7,3,D,7,3,U,5,0.0,P,HYUN,SAN,UT,3.0,17.0,3720.0,nan,0.0,1031.0,,G,nan,F,6,162,,,16R225,,,,,,0.0,0.0,000000000,00000000000,0.0,0.0,0.0,1.0,0.0,0.0,0.0,0.0,0.0,0.0,0.0,55.0,0.0,0.0,0.0,12.0,6.0,2.0,12.0,0.0,0.0,0.0,1.0,1.0,36801.0,0.0,0.0,0.0,0.0,0.0,0.0,999.0,999.0,0.0,16.0,0.0,2.0,0.0,6.0,2009.0,5.0,2012.0,0.0,0.0,0.0,0.0,0.0,1.0,2.0,55.0,1.0,6.0,2.0,1.0,0.0,0.0,1.0,54.0,6.0,1.0,1.0,51.0,0.0,0.0
1.0,10274.0,1.0,3.0,1.0,13.0,5.0,7.0,54.0,12.0,2.0,1.0,0.0,28.0,2.0,35.0,47.0,35047.0,4.0,2003.0,1N4AL11D43C2,1,N,4,A,L,1,1,D,4,3,C,2,0.0,P,NISS,ABS,4D,3.0,17.0,2913.0,nan,0.0,1102.0,,G,nan,F,4,153,,,16R205,,,,,,0.0,0.0,000000000,00000000000,0.0,0.0,0.0,1.0,0.0,0.0,0.0,0.0,0.0,0.0,0.0,999.0,0.0,0.0,0.0,12.0,6.0,2.0,12.0,0.0,0.0,0.0,1.0,1.0,35216.0,0.0,0.0,0.0,0.0,0.0,0.0,999.0,999.0,0.0,0.0,0.0,0.0,0.0,0.0,0.0,0.0,0.0,0.0,28.0,0.0,0.0,0.0,1.0,2.0,30.0,2.0,5.0,2.0,1.0,0.0,0.0,14.0,10.0,1.0,1.0,2.0,50.0,1.0,1.0