STATE,ST_CASE,VEH_NO,VE_FORMS,NUMOCCS,DAY,MONTH,HOUR,MINUTE,HARM_EV,MAN_COLL,UNITTYPE,HIT_RUN,REG_STAT,OWNER,MAKE,MODEL,MAK_MOD,BODY_TYP,MOD_YEAR,VIN,VIN_1,VIN_2,VIN_3,VIN_4,VIN_5,VIN_6,VIN_7,VIN_8,VIN_9,VIN_10,VIN_11,VIN_12,TOW_VEH,VINTYPE,VINMAKE,VINA_MOD,VIN_BT,VINMODYR,VIN_LNGT,VIN_WGT,WGTCD_TR,WHLBS_LG,WHLBS_SH,SER_TR,FUELCODE,MCYCL_DS,CARBUR,CYLINDER,DISPLACE,MCYCL_CY,MCYCL_WT,TIRE_SZE,TON_RAT,TRK_WT,TRKWTVAR,VIN_REST,WHLDRWHL,J_KNIFE,MCARR_I1,MCARR_I2,MCARR_ID,GVWR,V_CONFIG,CARGO_BT,HAZ_INV,HAZ_PLAC,HAZ_ID,HAZ_CNO,HAZ_REL,BUS_USE,SPEC_USE,EMER_USE,TRAV_SP,UNDERIDE,ROLLOVER,ROLINLOC,IMPACT1,DEFORMED,TOWED,M_HARM,VEH_SC1,VEH_SC2,FIRE_EXP,DR_PRES,L_STATE,DR_ZIP,L_STATUS,L_TYPE,CDL_STAT,L_ENDORS,L_COMPL,L_RESTRI,DR_HGT,DR_WGT,PREV_ACC,PREV_SUS,PREV_DWI,PREV_SPD,PREV_OTH,FIRST_MO,FIRST_YR,LAST_MO,LAST_YR,SPEEDREL,DR_SF1,DR_SF2,DR_SF3,DR_SF4,VTRAFWAY,VNUM_LAN,VSPD_LIM,VALIGN,VPROFILE,VPAVETYP,VSURCOND,VTRAFCON,VTCONT_F,P_CRASH1,P_CRASH2,P_CRASH3,PCRASH4,PCRASH5,ACC_TYPE,DEATHS,DR_DRINK
1.0,10351.0,1.0,1.0,1.0,27.0,6.0,4.0,15.0,1.0,0.0,1.0,0.0,1.0,2.0,7.0,472.0,7472.0,30.0,1994.0,1B7GL23X8RW1,1,B,7,G,L,2,3,X,8,R,W,1,0.0,T,DODG,DAK,PC,94.0,17.0,nan,1.0,0.0,1309.0,DAK,G,nan,,6,239,,,,B,3472,00,B,42,0.0,0.0,000000000,00000000000,0.0,0.0,0.0,1.0,0.0,0.0,0.0,0.0,0.0,0.0,0.0,999.0,0.0,1.0,5.0,0.0,6.0,2.0,1.0,0.0,0.0,0.0,1.0,1.0,36067.0,0.0,0.0,0.0,0.0,0.0,0.0,999.0,999.0,0.0,0.0,0.0,0.0,0.0,0.0,0.0,0.0,0.0,0.0,0.0,0.0,0.0,0.0,1.0,2.0,55.0,1.0,6.0,2.0,1.0,0.0,0.0,1.0,12.0,1.0,1.0,4.0,6.0,1.0,0.0
1.0,10352.0,1.0,1.0,1.0,30.0,6.0,5.0,0.0,42.0,0.0,1.0,0.0,1.0,3.0,37.0,706.0,37706.0,80.0,2001.0,1HFSC43041A1,1,H,F,S,C,4,3,0,4,1,A,1,0.0,M,HOND,VT2,RS,1.0,17.0,nan,nan,nan,nan,,,1099.0,,2,,4,573,,,,,,,0.0,0.0,000000000,00000000000,0.0,0.0,0.0,1.0,0.0,0.0,0.0,0.0,0.0,0.0,0.0,999.0,0.0,0.0,0.0,12.0,6.0,2.0,42.0,0.0,0.0,0.0,1.0,1.0,36532.0,6.0,1.0,0.0,0.0,3.0,0.0,69.0,170.0,0.0,0.0,0.0,0.0,0.0,0.0,0.0,0.0,0.0,0.0,0.0,0.0,0.0,0.0,1.0,2.0,25.0,2.0,1.0,2.0,1.0,0.0,0.0,14.0,12.0,1.0,1.0,4.0,6.0,1.0,1.0
1.0,10353.0,1.0,2.0,2.0,2.0,6.0,12.0,15.0,12.0,6.0,1.0,0.0,1.0,1.0,41.0,471.0,41471.0,30.0,1999.0,4F4YR16V1XTM,4,F,4,Y,R,1,6,V,1,X,T,M,0.0,T,MAZD,3CP,PC,99.0,17.0,nan,1.0,0.0,1257.0,B30,F,nan,,6,182,,,,,00000,00,U,42,0.0,0.0,000000000,00000000000,0.0,0.0,0.0,1.0,0.0,0.0,0.0,0.0,0.0,0.0,0.0,10.0,0.0,1.0,1.0,9.0,6.0,2.0,12.0,0.0,0.0,0.0,1.0,1.0,36037.0,6.0,1.0,0.0,0.0,3.0,0.0,72.0,230.0,0.0,0.0,0.0,0.0,0.0,0.0,0.0,0.0,0.0,0.0,38.0,0.0,0.0,0.0,1.0,2.0,65.0,1.0,6.0,2.0,1.0,20.0,3.0,1.0,17.0,1.0,1.0,1.0,89.0,1.0,0.0
1.0,10353.0,2.0,2.0,5.0,2.0,6.0,12.0,15.0,12.0,6.0,1.0,0.0,17.0,1.0,35.0,401.0,35401.0,14.0,2005.0,5N1AR18W35C7,5,N,1,A,R,1,8,W,3,5,C,7,0.0,P,NISS,PFI,UT,5.0,17.0,4452.0,nan,0.0,1122.0,,G,nan,F,6,244,,,16R265,,,,,,0.0,0.0,000000000,00000000000,0.0,0.0,0.0,1.0,0.0,0.0,0.0,0.0,0.0,0.0,0.0,60.0,0.0,0.0,0.0,12.0,6.0,2.0,12.0,0.0,0.0,0.0,1.0,17.0,62088.0,6.0,1.0,0.0,0.0,3.0,0.0,73.0,250.0,0.0,0.0,0.0,0.0,0.0,0.0,0.0,0.0,0.0,0.0,0.0,0.0,0.0,0.0,1.0,2.0,65.0,1.0,6.0,2.0,1.0,0.0,0.0,1.0,66.0,1.0,1.0,1.0,88.0,0.0,0.0
1.0,10354.0,1.0,1.0,1.0,13.0,6.0,1.0,30.0,53.0,0.0,1.0,0.0,1.0,1.0,55.0,33.0,55033.0,4.0,2004.0,KMHWF25H14A0,K,M,H,W,F,2,5,H,1,4,A,0,0.0,P,HYUN,SOL,4D,4.0,17.0,3181.0,nan,0.0,1063.0,,G,nan,F,6,162,,,15R205,,,,,,0.0,0.0,000000000,00000000000,0.0,0.0,0.0,1.0,0.0,0.0,0.0,0.0,0.0,0.0,0.0,50.0,0.0,0.0,0.0,11.0,6.0,2.0,42.0,0.0,0.0,0.0,1.0,1.0,35405.0,6.0,1.0,0.0,0.0,3.0,0.0,71.0,145.0,0.0,0.0,0.0,0.0,1.0,6.0,2011.0,6.0,2011.0,1.0,0.0,0.0,0.0,0.0,1.0,2.0,40.0,3.0,1.0,2.0,1.0,0.0,0.0,14.0,13.0,1.0,1.0,4.0,1.0,1.0,1.0
1.0,10355.0,1.0,1.0,1.0,17.0,6.0,1.0,10.0,8.0,0.0,1.0,0.0,47.0,1.0,20.0,16.0,20016.0,2.0,2000.0,1G1JC1245Y73,1,G,1,J,C,1,2,4,5,Y,7,3,0.0,P,CHEV,CAV,CP,0.0,17.0,2617.0,nan,0.0,1041.0,,G,nan,F,4,133,,,14R195,,,,,,0.0,0.0,000000000,00000000000,0.0,0.0,0.0,1.0,0.0,0.0,0.0,0.0,0.0,0.0,0.0,60.0,0.0,0.0,0.0,12.0,6.0,2.0,8.0,0.0,0.0,0.0,1.0,1.0,35773.0,2.0,1.0,0.0,0.0,2.0,0.0,66.0,146.0,0.0,1.0,0.0,0.0,1.0,7.0,2009.0,8.0,2009.0,0.0,0.0,0.0,0.0,0.0,2.0,2.0,60.0,1.0,1.0,2.0,1.0,0.0,0.0,1.0,80.0,1.0,1.0,1.0,13.0,0.0,0.0
1.0,10356.0,1.0,1.0,1.0,21.0,6.0,0.0,50.0,1.0,0.0,1.0,0.0,1.0,2.0,12.0,401.0,12401.0,14.0,1997.0,1FMDU34X5VUD,1,F,M,D,U,3,4,X,5,V,U,D,0.0,P,FORD,EPR,UT,97.0,17.0,4166.0,nan,0.0,1115.0,,G,nan,F,6,245,,,15R225,,,,,,0.0,0.0,000000000,00000000000,0.0,0.0,0.0,1.0,0.0,0.0,0.0,0.0,0.0,0.0,0.0,60.0,0.0,1.0,5.0,0.0,6.0,2.0,1.0,0.0,0.0,0.0,1.0,1.0,35633.0,1.0,1.0,0.0,0.0,2.0,0.0,63.0,145.0,0.0,1.0,1.0,0.0,0.0,7.0,2009.0,8.0,2009.0,1.0,89.0,0.0,0.0,0.0,1.0,2.0,45.0,1.0,1.0,2.0,1.0,0.0,0.0,1.0,13.0,6.0,3.0,4.0,2.0,1.0,1.0
1.0,10357.0,1.0,1.0,1.0,22.0,6.0,3.0,0.0,42.0,0.0,1.0,0.0,1.0,2.0,35.0,47.0,35047.0,4.0,2005.0,1N4AL11DX5C3,1,N,4,A,L,1,1,D,X,5,C,3,0.0,P,NISS,ASL,4D,5.0,17.0,2915.0,nan,0.0,1102.0,,G,nan,F,4,153,,,16R215,,,,,,0.0,0.0,000000000,00000000000,0.0,0.0,0.0,1.0,0.0,0.0,0.0,0.0,0.0,0.0,0.0,60.0,0.0,0.0,0.0,9.0,6.0,2.0,42.0,0.0,0.0,0.0,1.0,1.0,36426.0,6.0,1.0,0.0,0.0,3.0,1.0,69.0,160.0,4.0,0.0,0.0,3.0,0.0,10.0,2010.0,1.0,2012.0,0.0,0.0,0.0,0.0,0.0,1.0,2.0,45.0,1.0,1.0,2.0,1.0,0.0,0.0,1.0,12.0,1.0,1.0,4.0,6.0,1.0,1.0
1.0,10358.0,1.0,1.0,1.0,23.0,6.0,21.0,25.0,1.0,0.0,1.0,0.0,0.0,0.0,37.0,739.0,37739.0,90.0,9999.0,999999999999,9,9,9,9,9,9,9,9,9,9,9,9,0.0,,,,,nan,nan,nan,nan,nan,nan,,,nan,,,,,,,,,,,,0.0,0.0,000000000,00000000000,0.0,0.0,0.0,1.0,0.0,0.0,0.0,0.0,0.0,0.0,0.0,40.0,0.0,1.0,5.0,0.0,2.0,1.0,1.0,0.0,0.0,0.0,1.0,1.0,36530.0,6.0,1.0,0.0,0.0,3.0,0.0,66.0,140.0,0.0,0.0,0.0,1.0,0.0,1.0,2011.0,1.0,2011.0,1.0,0.0,0.0,0.0,0.0,1.0,2.0,35.0,3.0,5.0,4.0,1.0,0.0,0.0,14.0,13.0,1.0,1.0,4.0,1.0,1.0,1.0
1.0,10359.0,1.0,1.0,3.0,23.0,6.0,4.0,20.0,34.0,0.0,1.0,0.0,1.0,1.0,23.0,481.0,23481.0,31.0,2002.0,1GTEK14T12Z1,1,G,T,E,K,1,4,T,1,2,Z,1,0.0,T,GMC,NK1,PK,2.0,17.0,nan,2.0,1330.0,1190.0,SIE,G,nan,,8,325,,,,B,4376,01,U,44,0.0,0.0,000000000,00000000000,0.0,0.0,0.0,1.0,0.0,0.0,0.0,0.0,0.0,0.0,0.0,70.0,0.0,1.0,5.0,98.0,6.0,2.0,1.0,0.0,0.0,0.0,1.0,1.0,36545.0,6.0,1.0,0.0,0.0,3.0,0.0,66.0,130.0,1.0,0.0,0.0,1.0,1.0,6.0,2009.0,7.0,2010.0,1.0,0.0,0.0,0.0,0.0,1.0,2.0,45.0,3.0,6.0,2.0,1.0,0.0,0.0,14.0,13.0,6.0,3.0,4.0,2.0,1.0,1.0
1.0,10360.0,1.0,2.0,1.0,24.0,6.0,2.0,10.0,12.0,2.0,1.0,0.0,1.0,1.0,20.0,37.0,20037.0,4.0,2000.0,1G1NE52J8Y61,1,G,1,N,E,5,2,J,8,Y,6,1,0.0,P,CHEV,M/L,4D,0.0,17.0,3077.0,nan,0.0,1070.0,,G,nan,F,6,191,,,15R215,,,,,,0.0,0.0,000000000,00000000000,0.0,0.0,0.0,1.0,0.0,0.0,0.0,0.0,0.0,0.0,0.0,999.0,0.0,0.0,0.0,12.0,6.0,2.0,12.0,0.0,0.0,0.0,1.0,1.0,36432.0,6.0,1.0,0.0,0.0,3.0,0.0,64.0,120.0,0.0,0.0,0.0,0.0,1.0,8.0,2011.0,8.0,2011.0,0.0,28.0,0.0,0.0,0.0,1.0,2.0,55.0,2.0,1.0,2.0,1.0,0.0,0.0,14.0,10.0,1.0,1.0,2.0,50.0,1.0,1.0
1.0,10360.0,2.0,2.0,1.0,24.0,6.0,2.0,10.0,12.0,2.0,1.0,0.0,1.0,3.0,84.0,883.0,84883.0,66.0,1995.0,2HSFMAHR1SC0,2,H,S,F,M,A,H,R,1,S,C,0,1.0,T,INTL,920,TR,95.0,17.0,nan,8.0,0.0,0.0,920,D,nan,,6,661,,,,,00000,00,,64,1.0,57.0,296943,57296943,3.0,6.0,1.0,1.0,0.0,0.0,0.0,0.0,0.0,0.0,0.0,55.0,0.0,0.0,0.0,12.0,6.0,2.0,12.0,0.0,0.0,0.0,1.0,1.0,36426.0,6.0,1.0,6.0,0.0,3.0,1.0,69.0,180.0,0.0,0.0,0.0,0.0,1.0,3.0,2010.0,3.0,2010.0,0.0,0.0,0.0,0.0,0.0,1.0,2.0,55.0,3.0,1.0,2.0,1.0,0.0,0.0,14.0,62.0,1.0,1.0,1.0,51.0,0.0,0.0
1.0,10361.0,1.0,2.0,1.0,24.0,6.0,0.0,45.0,12.0,1.0,1.0,0.0,1.0,1.0,20.0,481.0,20481.0,31.0,1999.0,1GCGC23R1XF0,1,G,C,G,C,2,3,R,1,X,F,0,0.0,T,CHEV,GC2,CW,99.0,17.0,nan,2.0,0.0,1545.0,GM4,G,nan,,8,350,,,,C,00000,00,,42,0.0,0.0,000000000,00000000000,0.0,0.0,0.0,1.0,0.0,0.0,0.0,0.0,0.0,0.0,0.0,60.0,0.0,1.0,5.0,12.0,2.0,3.0,12.0,0.0,0.0,0.0,1.0,1.0,36535.0,6.0,1.0,0.0,0.0,3.0,0.0,66.0,205.0,0.0,0.0,0.0,1.0,2.0,9.0,2009.0,6.0,2012.0,0.0,0.0,0.0,0.0,0.0,1.0,2.0,30.0,1.0,1.0,2.0,1.0,0.0,0.0,1.0,52.0,1.0,1.0,1.0,28.0,0.0,1.0
1.0,10361.0,2.0,2.0,1.0,24.0,6.0,0.0,45.0,12.0,1.0,1.0,0.0,92.0,0.0,73.0,706.0,73706.0,80.0,1998.0,JKAZX2C13WA0,J,K,A,Z,X,2,C,1,3,W,A,0,0.0,M,KAWK,Z9C,RC,98.0,17.0,nan,nan,nan,nan,,,900.0,,4,,4,450,,,,,,,0.0,0.0,000000000,00000000000,0.0,0.0,0.0,1.0,0.0,0.0,0.0,0.0,0.0,0.0,0.0,30.0,0.0,0.0,0.0,6.0,6.0,2.0,12.0,0.0,0.0,0.0,1.0,12.0,36535.0,0.0,0.0,0.0,0.0,0.0,0.0,999.0,999.0,0.0,0.0,0.0,0.0,0.0,0.0,0.0,0.0,0.0,0.0,0.0,0.0,0.0,0.0,1.0,2.0,30.0,1.0,1.0,2.0,1.0,0.0,0.0,2.0,53.0,1.0,1.0,1.0,29.0,1.0,1.0
1.0,10362.0,1.0,1.0,1.0,26.0,6.0,21.0,50.0,1.0,0.0,1.0,0.0,1.0,1.0,20.0,481.0,20481.0,31.0,1998.0,1GCEK19R9WR1,1,G,C,E,K,1,9,R,9,W,R,1,0.0,T,CHEV,GK1,PC,98.0,17.0,nan,2.0,1555.0,1415.0,GM4,G,nan,,8,350,,,,B,00000,00,,44,0.0,0.0,000000000,00000000000,0.0,0.0,0.0,1.0,0.0,0.0,0.0,0.0,0.0,0.0,0.0,65.0,0.0,1.0,5.0,0.0,6.0,2.0,1.0,0.0,0.0,0.0,1.0,1.0,36785.0,6.0,1.0,0.0,0.0,3.0,0.0,70.0,165.0,0.0,0.0,0.0,0.0,0.0,0.0,0.0,0.0,0.0,1.0,58.0,0.0,0.0,0.0,1.0,2.0,45.0,1.0,1.0,2.0,1.0,0.0,0.0,1.0,12.0,7.0,3.0,4.0,2.0,1.0,1.0
1.0,10363.0,1.0,2.0,1.0,27.0,6.0,15.0,44.0,12.0,6.0,1.0,0.0,1.0,1.0,22.0,16.0,22016.0,4.0,2001.0,1G2JB52T4171,1,G,2,J,B,5,2,T,4,1,7,1,0.0,P,PONT,SFS,4D,1.0,17.0,2644.0,nan,0.0,1041.0,,G,nan,F,4,146,,,14R195,,,,,,0.0,0.0,000000000,00000000000,0.0,0.0,0.0,1.0,0.0,0.0,0.0,0.0,0.0,0.0,0.0,15.0,0.0,0.0,0.0,3.0,6.0,2.0,12.0,0.0,0.0,0.0,1.0,1.0,35674.0,6.0,1.0,0.0,0.0,3.0,0.0,60.0,140.0,0.0,0.0,0.0,0.0,0.0,0.0,0.0,0.0,0.0,0.0,89.0,38.0,0.0,0.0,2.0,4.0,65.0,1.0,1.0,2.0,1.0,0.0,0.0,11.0,15.0,1.0,1.0,1.0,68.0,1.0,0.0
1.0,10363.0,2.0,2.0,1.0,27.0,6.0,15.0,44.0,12.0,6.0,1.0,0.0,1.0,4.0,85.0,881.0,85881.0,63.0,2012.0,2NKHHN7X0CM3,2,N,K,H,H,N,7,X,0,C,M,3,0.0,T,KW,T37,CC,12.0,17.0,nan,7.0,0.0,0.0,CON,D,nan,,6,506,,,,,00000,00,,42,0.0,57.0,609305,57609305,3.0,1.0,6.0,1.0,0.0,0.0,0.0,0.0,0.0,0.0,0.0,65.0,0.0,0.0,0.0,12.0,6.0,2.0,12.0,0.0,0.0,0.0,1.0,1.0,35179.0,6.0,1.0,6.0,0.0,3.0,0.0,68.0,260.0,1.0,0.0,0.0,1.0,2.0,8.0,2009.0,7.0,2011.0,0.0,0.0,0.0,0.0,0.0,2.0,2.0,65.0,1.0,1.0,2.0,1.0,0.0,0.0,1.0,66.0,7.0,1.0,1.0,69.0,0.0,0.0
1.0,10364.0,1.0,2.0,1.0,27.0,6.0,12.0,3.0,12.0,2.0,1.0,0.0,1.0,2.0,20.0,481.0,20481.0,31.0,1995.0,2GCEC19K7S11,2,G,C,E,C,1,9,K,7,S,1,1,0.0,T,CHEV,GC1,PC,95.0,17.0,nan,2.0,1555.0,1415.0,GM4,G,nan,,8,350,,,,B,4071,02,,42,0.0,0.0,000000000,00000000000,0.0,0.0,0.0,1.0,0.0,0.0,0.0,0.0,0.0,0.0,0.0,999.0,0.0,0.0,0.0,12.0,6.0,2.0,12.0,0.0,0.0,0.0,1.0,12.0,32533.0,6.0,1.0,0.0,0.0,3.0,0.0,71.0,999.0,0.0,0.0,0.0,0.0,0.0,0.0,0.0,0.0,0.0,1.0,51.0,0.0,0.0,0.0,1.0,2.0,35.0,1.0,3.0,8.0,1.0,0.0,0.0,1.0,54.0,1.0,1.0,1.0,52.0,0.0,0.0
1.0,10364.0,2.0,2.0,2.0,27.0,6.0,12.0,3.0,12.0,2.0,1.0,0.0,1.0,2.0,20.0,473.0,20473.0,30.0,2005.0,1GCDS1368582,1,G,C,D,S,1,3,6,8,5,8,2,0.0,T,CHEV,RDO,CW,5.0,17.0,nan,1.0,0.0,1260.0,CAL,G,nan,,5,214,,,,,3511,00,,42,0.0,0.0,000000000,00000000000,0.0,0.0,0.0,1.0,0.0,0.0,0.0,0.0,0.0,0.0,0.0,999.0,0.0,0.0,0.0,12.0,6.0,2.0,12.0,0.0,0.0,0.0,1.0,1.0,36502.0,0.0,0.0,0.0,0.0,0.0,0.0,73.0,136.0,0.0,0.0,0.0,0.0,0.0,0.0,0.0,0.0,0.0,0.0,0.0,0.0,0.0,0.0,1.0,2.0,35.0,1.0,3.0,8.0,1.0,0.0,0.0,1.0,54.0,1.0,1.0,1.0,52.0,1.0,0.0
1.0,10365.0,1.0,1.0,1.0,30.0,6.0,4.0,20.0,35.0,0.0,1.0,0.0,1.0,2.0,22.0,22.0,22022.0,1.0,2007.0,1G2ZH35NX742,1,G,2,Z,H,3,5,N,X,7,4,2,0.0,P,PONT,GGT,CV,7.0,17.0,3855.0,nan,0.0,1123.0,,G,nan,F,6,214,,,18R225,,,,,,0.0,0.0,000000000,00000000000,0.0,0.0,0.0,1.0,0.0,0.0,0.0,0.0,0.0,0.0,0.0,70.0,0.0,1.0,5.0,12.0,6.0,2.0,1.0,0.0,0.0,0.0,1.0,1.0,35603.0,6.0,1.0,0.0,0.0,3.0,1.0,60.0,125.0,0.0,0.0,0.0,0.0,0.0,0.0,0.0,0.0,0.0,0.0,0.0,0.0,0.0,0.0,2.0,2.0,65.0,1.0,1.0,2.0,1.0,0.0,0.0,1.0,13.0,1.0,2.0,4.0,2.0,1.0,1.0
1.0,10366.0,1.0,1.0,2.0,28.0,6.0,0.0,31.0,34.0,0.0,1.0,0.0,1.0,1.0,42.0,37.0,42037.0,4.0,1986.0,WDBEA30D3GA3,W,D,B,E,A,3,0,D,3,G,A,3,0.0,P,MERZ,30E,4D,86.0,17.0,3190.0,nan,0.0,1102.0,,G,nan,F,6,181,,,15R195,,,,,,0.0,0.0,000000000,00000000000,0.0,0.0,0.0,1.0,0.0,0.0,0.0,0.0,0.0,0.0,0.0,75.0,0.0,1.0,5.0,14.0,6.0,2.0,1.0,0.0,0.0,0.0,1.0,1.0,35962.0,6.0,1.0,6.0,0.0,3.0,0.0,69.0,220.0,2.0,0.0,0.0,1.0,1.0,6.0,2010.0,4.0,2011.0,1.0,0.0,0.0,0.0,0.0,1.0,2.0,35.0,2.0,1.0,2.0,1.0,0.0,0.0,14.0,13.0,1.0,2.0,4.0,2.0,1.0,1.0
1.0,10367.0,1.0,3.0,1.0,29.0,6.0,19.0,35.0,12.0,8.0,1.0,0.0,1.0,2.0,20.0,481.0,20481.0,31.0,1991.0,1GCDC14K0MZ1,1,G,C,D,C,1,4,K,0,M,Z,1,0.0,T,CHEV,GC1,PK,91.0,17.0,nan,1.0,1315.0,1175.0,GM4,G,nan,,8,350,,,,B,00000,00,,42,0.0,0.0,000000000,00000000000,0.0,0.0,0.0,1.0,0.0,0.0,0.0,0.0,0.0,0.0,0.0,80.0,0.0,1.0,1.0,11.0,6.0,2.0,12.0,0.0,0.0,0.0,1.0,1.0,36456.0,0.0,0.0,0.0,0.0,0.0,0.0,999.0,999.0,0.0,6.0,2.0,0.0,1.0,9.0,2010.0,5.0,2011.0,0.0,28.0,0.0,0.0,0.0,1.0,2.0,55.0,1.0,5.0,2.0,1.0,0.0,0.0,1.0,10.0,1.0,1.0,2.0,64.0,1.0,0.0
1.0,10367.0,2.0,3.0,4.0,29.0,6.0,19.0,35.0,12.0,8.0,1.0,0.0,21.0,1.0,19.0,421.0,19421.0,15.0,2008.0,1GYFK63808R1,1,G,Y,F,K,6,3,8,0,8,R,1,0.0,P,CADI,ESC,UT,8.0,17.0,5665.0,nan,0.0,1160.0,,G,nan,F,8,378,,,18R265,,,,,,0.0,0.0,000000000,00000000000,0.0,0.0,0.0,1.0,0.0,0.0,0.0,0.0,0.0,0.0,0.0,70.0,0.0,0.0,0.0,11.0,6.0,2.0,12.0,0.0,0.0,0.0,1.0,21.0,41175.0,6.0,1.0,0.0,0.0,3.0,0.0,68.0,210.0,0.0,0.0,0.0,0.0,0.0,0.0,0.0,0.0,0.0,0.0,0.0,0.0,0.0,0.0,1.0,2.0,65.0,1.0,6.0,2.0,1.0,0.0,0.0,1.0,62.0,1.0,1.0,1.0,65.0,0.0,0.0
1.0,10367.0,3.0,3.0,4.0,29.0,6.0,19.0,35.0,12.0,8.0,1.0,0.0,21.0,1.0,20.0,421.0,20421.0,15.0,2007.0,1GNFK13097R1,1,G,N,F,K,1,3,0,9,7,R,1,0.0,P,CHEV,KTA,UT,7.0,17.0,5706.0,nan,0.0,1160.0,,F,nan,F,8,323,,,17R265,,,,,,0.0,0.0,000000000,00000000000,0.0,0.0,0.0,1.0,0.0,0.0,0.0,0.0,0.0,0.0,0.0,70.0,0.0,0.0,0.0,9.0,6.0,2.0,12.0,0.0,0.0,0.0,1.0,21.0,41129.0,6.0,1.0,0.0,0.0,3.0,1.0,64.0,140.0,0.0,0.0,0.0,0.0,0.0,0.0,0.0,0.0,0.0,0.0,0.0,0.0,0.0,0.0,1.0,2.0,65.0,1.0,6.0,2.0,1.0,0.0,0.0,1.0,62.0,1.0,1.0,1.0,98.0,0.0,0.0
1.0,10368.0,1.0,2.0,1.0,28.0,6.0,18.0,36.0,12.0,6.0,1.0,0.0,1.0,1.0,20.0,421.0,20421.0,15.0,2005.0,1GNEC13TX5J1,1,G,N,E,C,1,3,T,X,5,J,1,0.0,P,CHEV,CTA,UT,5.0,17.0,4975.0,nan,0.0,1160.0,,G,nan,F,8,325,,,16R265,,,,,,0.0,0.0,000000000,00000000000,0.0,0.0,0.0,1.0,0.0,0.0,0.0,0.0,0.0,0.0,0.0,999.0,0.0,0.0,0.0,8.0,0.0,1.0,12.0,0.0,0.0,0.0,1.0,1.0,35504.0,6.0,1.0,6.0,0.0,3.0,0.0,66.0,148.0,0.0,0.0,0.0,1.0,0.0,3.0,2011.0,3.0,2011.0,0.0,38.0,0.0,0.0,0.0,1.0,2.0,45.0,1.0,1.0,2.0,1.0,0.0,0.0,1.0,17.0,1.0,1.0,1.0,89.0,0.0,0.0
1.0,10368.0,2.0,2.0,1.0,28.0,6.0,18.0,36.0,12.0,6.0,1.0,0.0,1.0,1.0,37.0,706.0,37706.0,80.0,2004.0,JH2RC50044K0,J,H,2,R,C,5,0,0,4,4,K,0,0.0,M,HOND,T7C,RS,4.0,17.0,nan,nan,nan,nan,,,750.0,,2,,4,505,,,,,,,0.0,0.0,000000000,00000000000,0.0,0.0,0.0,1.0,0.0,0.0,0.0,0.0,0.0,0.0,0.0,999.0,0.0,0.0,0.0,12.0,6.0,2.0,12.0,0.0,0.0,0.0,1.0,1.0,35504.0,6.0,1.0,0.0,0.0,3.0,0.0,70.0,194.0,0.0,0.0,0.0,0.0,0.0,0.0,0.0,0.0,0.0,0.0,0.0,0.0,0.0,0.0,2.0,2.0,45.0,1.0,1.0,2.0,1.0,0.0,0.0,1.0,66.0,1.0,1.0,1.0,88.0,1.0,0.0
1.0,10369.0,1.0,2.0,2.0,28.0,6.0,15.0,12.0,12.0,6.0,1.0,0.0,1.0,2.0,24.0,7.0,24007.0,4.0,2007.0,1G8AJ55F07Z1,1,G,8,A,J,5,5,F,0,7,Z,1,0.0,P,STRN,SI2,4D,7.0,17.0,2805.0,nan,0.0,1032.0,,G,nan,F,4,134,,,15R195,,,,,,0.0,0.0,000000000,00000000000,0.0,0.0,0.0,1.0,0.0,0.0,0.0,0.0,0.0,0.0,0.0,5.0,0.0,0.0,0.0,10.0,6.0,2.0,12.0,0.0,0.0,0.0,1.0,1.0,36351.0,6.0,1.0,0.0,0.0,3.0,0.0,68.0,192.0,0.0,0.0,0.0,0.0,0.0,0.0,0.0,0.0,0.0,0.0,38.0,0.0,0.0,0.0,1.0,2.0,25.0,1.0,1.0,2.0,1.0,20.0,3.0,11.0,15.0,1.0,1.0,1.0,82.0,1.0,0.0
1.0,10369.0,2.0,2.0,1.0,28.0,6.0,15.0,12.0,12.0,6.0,1.0,0.0,93.0,3.0,86.0,881.0,86881.0,66.0,2007.0,1M1AK06YX7N0,1,M,1,A,K,0,6,Y,X,7,N,0,1.0,T,MACK,CXN,TR,7.0,17.0,nan,8.0,0.0,0.0,600,D,nan,,6,728,,,,,00000,00,,64,1.0,57.0,1200892,571200892,3.0,6.0,8.0,1.0,0.0,0.0,0.0,0.0,0.0,0.0,0.0,40.0,0.0,0.0,0.0,12.0,6.0,2.0,12.0,0.0,0.0,0.0,1.0,1.0,36340.0,6.0,1.0,6.0,0.0,3.0,1.0,72.0,210.0,0.0,0.0,0.0,0.0,0.0,0.0,0.0,0.0,0.0,0.0,0.0,0.0,0.0,0.0,1.0,2.0,45.0,1.0,6.0,2.0,1.0,0.0,0.0,1.0,67.0,1.0,1.0,1.0,83.0,0.0,0.0