STATE,ST_CASE,VEH_NO,VE_FORMS,NUMOCCS,DAY,MONTH,HOUR,MINUTE,HARM_EV,MAN_COLL,UNITTYPE,HIT_RUN,REG_STAT,OWNER,MAKE,MODEL,MAK_MOD,BODY_TYP,MOD_YEAR,VIN,VIN_1,VIN_2,VIN_3,VIN_4,VIN_5,VIN_6,VIN_7,VIN_8,VIN_9,VIN_10,VIN_11,VIN_12,TOW_VEH,VINTYPE,VINMAKE,VINA_MOD,VIN_BT,VINMODYR,VIN_LNGT,VIN_WGT,WGTCD_TR,WHLBS_LG,WHLBS_SH,SER_TR,FUELCODE,MCYCL_DS,CARBUR,CYLINDER,DISPLACE,MCYCL_CY,MCYCL_WT,TIRE_SZE,TON_RAT,TRK_WT,TRKWTVAR,VIN_REST,WHLDRWHL,J_KNIFE,MCARR_I1,MCARR_I2,MCARR_ID,GVWR,V_CONFIG,CARGO_BT,HAZ_INV,HAZ_PLAC,HAZ_ID,HAZ_CNO,HAZ_REL,BUS_USE,SPEC_USE,EMER_USE,TRAV_SP,UNDERIDE,ROLLOVER,ROLINLOC,IMPACT1,DEFORMED,TOWED,M_HARM,VEH_SC1,VEH_SC2,FIRE_EXP,DR_PRES,L_STATE,DR_ZIP,L_STATUS,L_TYPE,CDL_STAT,L_ENDORS,L_COMPL,L_RESTRI,DR_HGT,DR_WGT,PREV_ACC,PREV_SUS,PREV_DWI,PREV_SPD,PREV_OTH,FIRST_MO,FIRST_YR,LAST_MO,LAST_YR,SPEEDREL,DR_SF1,DR_SF2,DR_SF3,DR_SF4,VTRAFWAY,VNUM_LAN,VSPD_LIM,VALIGN,VPROFILE,VPAVETYP,VSURCOND,VTRAFCON,VTCONT_F,P_CRASH1,P_CRASH2,P_CRASH3,PCRASH4,PCRASH5,ACC_TYPE,DEATHS,DR_DRINK
1.0,10370.0,1.0,1.0,3.0,30.0,6.0,17.0,0.0,42.0,0.0,1.0,0.0,1.0,2.0,12.0,401.0,12401.0,14.0,1996.0,1FMDU35P6TUD,1,F,M,D,U,3,5,P,6,T,U,D,0.0,P,FORD,EPR,UT,96.0,17.0,4189.0,nan,0.0,1115.0,,G,nan,F,8,302,,,15R225,,,,,,0.0,0.0,000000000,00000000000,0.0,0.0,0.0,1.0,0.0,0.0,0.0,0.0,0.0,0.0,0.0,999.0,0.0,1.0,5.0,12.0,6.0,2.0,42.0,0.0,0.0,0.0,1.0,1.0,35125.0,0.0,0.0,0.0,0.0,0.0,0.0,999.0,999.0,0.0,0.0,0.0,0.0,0.0,0.0,0.0,0.0,0.0,1.0,0.0,0.0,0.0,0.0,1.0,2.0,35.0,2.0,1.0,2.0,1.0,0.0,0.0,14.0,12.0,1.0,1.0,4.0,6.0,1.0,1.0
1.0,10371.0,1.0,1.0,1.0,4.0,7.0,16.0,29.0,34.0,0.0,1.0,0.0,1.0,1.0,12.0,17.0,12017.0,4.0,2000.0,1FAFP53U7YA2,1,F,A,F,P,5,3,U,7,Y,A,2,0.0,P,FORD,TSE,4D,0.0,17.0,3333.0,nan,0.0,1085.0,,G,nan,F,6,182,,,16R215,,,,,,0.0,0.0,000000000,00000000000,0.0,0.0,0.0,1.0,0.0,0.0,0.0,0.0,0.0,0.0,0.0,999.0,0.0,1.0,5.0,12.0,6.0,2.0,34.0,0.0,0.0,0.0,1.0,1.0,35401.0,6.0,1.0,0.0,0.0,3.0,1.0,67.0,170.0,0.0,0.0,0.0,0.0,0.0,0.0,0.0,0.0,0.0,0.0,0.0,0.0,0.0,0.0,1.0,2.0,25.0,1.0,5.0,2.0,1.0,0.0,0.0,1.0,12.0,1.0,1.0,4.0,6.0,1.0,0.0
1.0,10372.0,1.0,1.0,1.0,7.0,7.0,1.0,22.0,43.0,0.0,1.0,0.0,1.0,1.0,12.0,471.0,12471.0,30.0,2004.0,1FTYR10D84PA,1,F,T,Y,R,1,0,D,8,4,P,A,0.0,T,FORD,RNG,PK,4.0,17.0,nan,1.0,1175.0,1116.0,RNG,G,nan,,4,140,,,,B,3085,00,U,42,0.0,0.0,000000000,00000000000,0.0,0.0,0.0,1.0,0.0,0.0,0.0,0.0,0.0,0.0,0.0,999.0,0.0,0.0,0.0,12.0,6.0,2.0,30.0,0.0,0.0,0.0,1.0,1.0,35906.0,6.0,1.0,0.0,0.0,3.0,1.0,65.0,135.0,1.0,5.0,0.0,1.0,0.0,4.0,2010.0,7.0,2011.0,1.0,0.0,0.0,0.0,0.0,1.0,2.0,45.0,1.0,1.0,2.0,1.0,0.0,0.0,1.0,6.0,1.0,4.0,4.0,7.0,1.0,0.0
1.0,10373.0,1.0,2.0,2.0,2.0,7.0,6.0,40.0,12.0,2.0,1.0,0.0,1.0,1.0,49.0,32.0,49032.0,4.0,1994.0,JT2AE04B6R00,J,T,2,A,E,0,4,B,6,R,0,0,0.0,P,TOYT,COA,4D,94.0,17.0,2359.0,nan,0.0,970.0,,G,nan,F,4,097,,,14R175,,,,,,0.0,0.0,000000000,00000000000,0.0,0.0,0.0,1.0,0.0,0.0,0.0,0.0,0.0,0.0,0.0,65.0,0.0,0.0,0.0,12.0,6.0,2.0,12.0,0.0,0.0,0.0,1.0,1.0,36571.0,6.0,1.0,0.0,0.0,3.0,1.0,68.0,140.0,0.0,0.0,0.0,2.0,0.0,2.0,2011.0,6.0,2011.0,0.0,33.0,0.0,0.0,0.0,1.0,2.0,55.0,1.0,6.0,2.0,1.0,0.0,0.0,6.0,10.0,1.0,1.0,2.0,50.0,1.0,0.0
1.0,10373.0,2.0,2.0,2.0,2.0,7.0,6.0,40.0,12.0,2.0,1.0,0.0,13.0,2.0,20.0,481.0,20481.0,31.0,2008.0,2GCEK19J0811,2,G,C,E,K,1,9,J,0,8,1,1,0.0,T,CHEV,SK1,4C,8.0,17.0,nan,2.0,1575.0,1339.0,SIL,G,nan,,8,323,,,,B,5226,02,,44,0.0,0.0,000000000,00000000000,0.0,0.0,0.0,1.0,0.0,0.0,0.0,0.0,0.0,0.0,0.0,55.0,0.0,0.0,0.0,12.0,6.0,2.0,12.0,0.0,0.0,0.0,1.0,13.0,31645.0,6.0,1.0,0.0,0.0,3.0,0.0,72.0,220.0,98.0,0.0,0.0,0.0,1.0,6.0,2012.0,6.0,2012.0,0.0,0.0,0.0,0.0,0.0,1.0,2.0,55.0,1.0,5.0,2.0,1.0,0.0,0.0,1.0,62.0,7.0,1.0,1.0,51.0,0.0,0.0
1.0,10374.0,1.0,1.0,1.0,3.0,7.0,21.0,56.0,42.0,0.0,1.0,0.0,1.0,1.0,20.0,37.0,20037.0,4.0,2005.0,1G1ZT528X5F2,1,G,1,Z,T,5,2,8,X,5,F,2,0.0,P,CHEV,M/L,4D,5.0,17.0,3297.0,nan,0.0,1063.0,,G,nan,F,6,214,,,15R205,,,,,,0.0,0.0,000000000,00000000000,0.0,0.0,0.0,1.0,0.0,0.0,0.0,0.0,0.0,0.0,0.0,999.0,0.0,0.0,0.0,12.0,6.0,2.0,42.0,0.0,0.0,0.0,1.0,1.0,35216.0,6.0,1.0,0.0,0.0,3.0,0.0,66.0,240.0,0.0,0.0,0.0,3.0,0.0,9.0,2009.0,2.0,2011.0,0.0,0.0,0.0,0.0,0.0,3.0,3.0,70.0,1.0,5.0,2.0,1.0,0.0,0.0,1.0,13.0,1.0,1.0,4.0,1.0,1.0,0.0
1.0,10376.0,1.0,2.0,2.0,3.0,7.0,13.0,59.0,12.0,6.0,1.0,0.0,1.0,2.0,20.0,37.0,20037.0,4.0,2003.0,1G1ND52J43M7,1,G,1,N,D,5,2,J,4,3,M,7,0.0,P,CHEV,MAL,4D,3.0,17.0,3106.0,nan,0.0,1070.0,,G,nan,F,6,191,,,15R215,,,,,,0.0,0.0,000000000,00000000000,0.0,0.0,0.0,1.0,0.0,0.0,0.0,0.0,0.0,0.0,0.0,10.0,0.0,0.0,0.0,10.0,6.0,2.0,12.0,0.0,0.0,0.0,1.0,1.0,36092.0,6.0,1.0,0.0,0.0,3.0,0.0,72.0,190.0,0.0,0.0,0.0,3.0,1.0,7.0,2009.0,11.0,2011.0,0.0,38.0,0.0,0.0,0.0,1.0,2.0,55.0,1.0,1.0,2.0,1.0,20.0,3.0,1.0,17.0,1.0,1.0,1.0,89.0,1.0,0.0
1.0,10376.0,2.0,2.0,1.0,3.0,7.0,13.0,59.0,12.0,6.0,1.0,0.0,1.0,2.0,20.0,481.0,20481.0,31.0,2010.0,3GCRKSE32AG2,3,G,C,R,K,S,E,3,2,A,G,2,0.0,T,CHEV,2SK,CW,10.0,17.0,nan,2.0,0.0,1435.0,SIL,F,nan,,8,323,,,,B,5346,00,,44,0.0,0.0,000000000,00000000000,0.0,0.0,0.0,1.0,0.0,0.0,0.0,0.0,0.0,0.0,0.0,45.0,0.0,0.0,0.0,12.0,6.0,2.0,12.0,0.0,0.0,0.0,1.0,1.0,36092.0,6.0,1.0,0.0,0.0,3.0,0.0,72.0,165.0,0.0,0.0,0.0,0.0,0.0,0.0,0.0,0.0,0.0,0.0,0.0,0.0,0.0,0.0,5.0,5.0,55.0,1.0,1.0,2.0,1.0,0.0,0.0,1.0,66.0,1.0,1.0,1.0,88.0,0.0,0.0
1.0,10377.0,1.0,1.0,3.0,4.0,7.0,16.0,40.0,42.0,0.0,1.0,0.0,1.0,1.0,12.0,3.0,12003.0,3.0,1985.0,1FABP28M0FF2,1,F,A,B,P,2,8,M,0,F,F,2,0.0,P,FORD,MLG,2H,85.0,17.0,2664.0,nan,0.0,1005.0,,G,nan,4,8,302,,,14R205,,,,,,0.0,0.0,000000000,00000000000,0.0,0.0,0.0,1.0,0.0,0.0,0.0,0.0,0.0,0.0,0.0,60.0,0.0,0.0,0.0,8.0,6.0,2.0,42.0,0.0,0.0,0.0,1.0,1.0,35903.0,6.0,1.0,0.0,0.0,3.0,0.0,74.0,180.0,0.0,1.0,0.0,4.0,2.0,3.0,2010.0,1.0,2012.0,1.0,0.0,0.0,0.0,0.0,1.0,2.0,45.0,1.0,5.0,2.0,2.0,0.0,0.0,1.0,6.0,7.0,1.0,4.0,1.0,1.0,0.0
1.0,10378.0,1.0,1.0,1.0,8.0,7.0,5.0,15.0,1.0,0.0,1.0,0.0,92.0,0.0,53.0,706.0,53706.0,80.0,2012.0,JS1GT78A7C21,J,S,1,G,T,7,8,A,7,C,2,1,0.0,M,SUZI,XR1,RC,12.0,17.0,nan,nan,nan,nan,,,999.0,,4,,4,448,,,,,,,0.0,0.0,000000000,00000000000,0.0,0.0,0.0,1.0,0.0,0.0,0.0,0.0,0.0,0.0,0.0,70.0,0.0,0.0,0.0,0.0,6.0,2.0,40.0,0.0,0.0,0.0,1.0,1.0,35073.0,6.0,1.0,0.0,0.0,3.0,0.0,67.0,203.0,0.0,0.0,0.0,1.0,1.0,2.0,2010.0,8.0,2010.0,1.0,0.0,0.0,0.0,0.0,1.0,2.0,35.0,3.0,1.0,2.0,1.0,0.0,0.0,14.0,9.0,1.0,1.0,1.0,98.0,1.0,0.0
1.0,10379.0,1.0,1.0,1.0,6.0,7.0,1.0,30.0,59.0,0.0,1.0,0.0,1.0,2.0,20.0,2.0,20002.0,4.0,2006.0,2G1WB55K5692,2,G,1,W,B,5,5,K,5,6,9,2,0.0,P,CHEV,IPL,4D,6.0,17.0,3477.0,nan,0.0,1105.0,,F,nan,F,6,214,,,16R225,,,,,,0.0,0.0,000000000,00000000000,0.0,0.0,0.0,1.0,0.0,0.0,0.0,0.0,0.0,0.0,0.0,999.0,0.0,0.0,0.0,3.0,6.0,2.0,43.0,0.0,0.0,0.0,1.0,28.0,36567.0,6.0,1.0,0.0,0.0,3.0,0.0,66.0,145.0,0.0,0.0,0.0,0.0,1.0,2.0,2011.0,2.0,2011.0,1.0,39.0,0.0,0.0,0.0,1.0,2.0,35.0,1.0,5.0,2.0,1.0,20.0,3.0,1.0,13.0,1.0,1.0,4.0,1.0,1.0,1.0
1.0,10380.0,1.0,3.0,4.0,5.0,7.0,12.0,40.0,12.0,6.0,1.0,0.0,1.0,2.0,12.0,461.0,12461.0,21.0,1990.0,1FMEE11H9LHB,1,F,M,E,E,1,1,H,9,L,H,B,0.0,P,FORD,CLU,SV,90.0,17.0,3836.0,nan,0.0,1380.0,,G,nan,F,8,351,,,000000,,,,,,0.0,0.0,000000000,00000000000,0.0,0.0,0.0,1.0,0.0,0.0,0.0,0.0,0.0,0.0,0.0,999.0,0.0,1.0,1.0,7.0,6.0,2.0,1.0,0.0,0.0,1.0,1.0,1.0,35143.0,6.0,1.0,0.0,0.0,3.0,0.0,68.0,225.0,0.0,0.0,0.0,0.0,0.0,0.0,0.0,0.0,0.0,0.0,38.0,0.0,0.0,0.0,3.0,2.0,70.0,1.0,1.0,2.0,1.0,21.0,3.0,16.0,10.0,1.0,1.0,2.0,47.0,2.0,0.0
1.0,10380.0,2.0,3.0,1.0,5.0,7.0,12.0,40.0,12.0,6.0,1.0,0.0,1.0,3.0,85.0,881.0,85881.0,66.0,2012.0,1XKADP9X9CJ3,1,X,K,A,D,P,9,X,9,C,J,3,1.0,T,KW,T60,TR,12.0,17.0,nan,8.0,2600.0,1600.0,CON,D,nan,,6,787,,,,,00000,00,,64,1.0,57.0,1243338,571243338,3.0,6.0,3.0,1.0,0.0,0.0,0.0,0.0,0.0,0.0,0.0,70.0,0.0,0.0,0.0,12.0,2.0,1.0,12.0,0.0,0.0,0.0,1.0,1.0,36832.0,6.0,1.0,6.0,0.0,3.0,1.0,72.0,210.0,0.0,0.0,0.0,0.0,0.0,0.0,0.0,0.0,0.0,0.0,0.0,0.0,0.0,0.0,3.0,2.0,70.0,1.0,1.0,2.0,1.0,0.0,0.0,1.0,61.0,1.0,1.0,1.0,45.0,0.0,0.0
1.0,10380.0,3.0,3.0,1.0,5.0,7.0,12.0,40.0,12.0,6.0,1.0,0.0,47.0,3.0,82.0,881.0,82881.0,66.0,2005.0,1FUJA6CK05LN,1,F,U,J,A,6,C,K,0,5,L,N,1.0,T,FRHT,COL,TR,5.0,17.0,nan,8.0,0.0,0.0,CON,D,nan,,6,858,,,,,00000,00,,64,1.0,57.0,699084,57699084,3.0,6.0,1.0,1.0,0.0,0.0,0.0,0.0,0.0,0.0,0.0,70.0,0.0,0.0,0.0,12.0,6.0,2.0,12.0,0.0,0.0,0.0,1.0,28.0,38611.0,6.0,1.0,6.0,0.0,3.0,3.0,71.0,163.0,0.0,0.0,0.0,1.0,0.0,11.0,2010.0,11.0,2010.0,0.0,0.0,0.0,0.0,0.0,3.0,2.0,70.0,1.0,1.0,2.0,1.0,0.0,0.0,1.0,60.0,1.0,1.0,1.0,98.0,0.0,0.0
1.0,10381.0,1.0,3.0,1.0,6.0,7.0,15.0,40.0,12.0,8.0,1.0,0.0,1.0,2.0,51.0,40.0,51040.0,4.0,1994.0,YV1JS8704R31,Y,V,1,J,S,8,7,0,4,R,3,1,0.0,P,VOLV,940,4D,94.0,17.0,3265.0,nan,0.0,1091.0,,G,nan,T,4,141,,,15R195,,,,,,0.0,0.0,000000000,00000000000,0.0,0.0,0.0,1.0,0.0,0.0,0.0,0.0,0.0,0.0,0.0,999.0,0.0,0.0,0.0,10.0,6.0,2.0,12.0,0.0,0.0,0.0,1.0,1.0,35215.0,1.0,1.0,0.0,0.0,2.0,0.0,69.0,230.0,1.0,1.0,0.0,0.0,2.0,8.0,2009.0,12.0,2009.0,0.0,89.0,28.0,0.0,0.0,1.0,4.0,40.0,1.0,1.0,2.0,1.0,0.0,0.0,1.0,10.0,1.0,1.0,2.0,64.0,1.0,0.0
1.0,10381.0,2.0,3.0,2.0,6.0,7.0,15.0,40.0,12.0,8.0,1.0,0.0,1.0,1.0,35.0,39.0,35039.0,4.0,1997.0,JN1CA21D8VT8,J,N,1,C,A,2,1,D,8,V,T,8,0.0,P,NISS,MGS,4D,97.0,17.0,2886.0,nan,0.0,1063.0,,G,nan,F,6,182,,,15R205,,,,,,0.0,0.0,000000000,00000000000,0.0,0.0,0.0,1.0,0.0,0.0,0.0,0.0,0.0,0.0,0.0,999.0,0.0,0.0,0.0,10.0,4.0,1.0,12.0,0.0,0.0,0.0,1.0,1.0,35215.0,6.0,1.0,0.0,0.0,3.0,0.0,66.0,276.0,0.0,1.0,0.0,0.0,0.0,1.0,2012.0,1.0,2012.0,0.0,0.0,0.0,0.0,0.0,1.0,2.0,40.0,1.0,1.0,2.0,1.0,0.0,0.0,1.0,62.0,1.0,1.0,1.0,65.0,0.0,0.0
1.0,10381.0,3.0,3.0,1.0,6.0,7.0,15.0,40.0,12.0,8.0,1.0,0.0,13.0,1.0,30.0,40.0,30040.0,4.0,2011.0,3VWDX7AJ7BM3,3,V,W,D,X,7,A,J,7,B,M,3,0.0,P,VOLK,JSA,4D,11.0,17.0,3082.0,nan,0.0,0.0,,G,nan,F,5,151,,,000000,,,,,,0.0,0.0,000000000,00000000000,0.0,0.0,0.0,1.0,0.0,0.0,0.0,0.0,0.0,0.0,0.0,999.0,0.0,0.0,0.0,12.0,6.0,2.0,12.0,0.0,0.0,0.0,1.0,1.0,35215.0,6.0,1.0,0.0,0.0,3.0,1.0,73.0,190.0,0.0,0.0,0.0,0.0,0.0,0.0,0.0,0.0,0.0,0.0,0.0,0.0,0.0,0.0,1.0,2.0,40.0,1.0,1.0,2.0,1.0,0.0,0.0,1.0,62.0,1.0,1.0,1.0,98.0,0.0,0.0
1.0,10382.0,1.0,1.0,1.0,3.0,7.0,21.0,16.0,8.0,0.0,1.0,0.0,1.0,1.0,7.0,24.0,7024.0,4.0,2006.0,2B3KA43R06H2,2,B,3,K,A,4,3,R,0,6,H,2,0.0,P,DODG,CTL,4D,6.0,17.0,3654.0,nan,0.0,1200.0,,G,nan,F,6,165,,,17R215,,,,,,0.0,0.0,000000000,00000000000,0.0,0.0,0.0,1.0,0.0,0.0,0.0,0.0,0.0,0.0,0.0,35.0,0.0,0.0,0.0,12.0,4.0,1.0,8.0,0.0,0.0,0.0,1.0,1.0,36608.0,6.0,1.0,0.0,0.0,3.0,0.0,67.0,170.0,0.0,3.0,0.0,3.0,0.0,8.0,2009.0,5.0,2010.0,0.0,0.0,0.0,0.0,0.0,1.0,2.0,35.0,1.0,6.0,2.0,1.0,0.0,0.0,1.0,80.0,2.0,1.0,1.0,13.0,0.0,0.0
1.0,10383.0,1.0,1.0,1.0,5.0,7.0,0.0,1.0,8.0,0.0,1.0,0.0,1.0,1.0,6.0,51.0,6051.0,4.0,2007.0,2C3KA43R47H8,2,C,3,K,A,4,3,R,4,7,H,8,0.0,P,CHRY,C30,4D,7.0,17.0,3632.0,nan,0.0,1200.0,,G,nan,F,6,165,,,17R215,,,,,,0.0,0.0,000000000,00000000000,0.0,0.0,0.0,1.0,0.0,0.0,0.0,0.0,0.0,0.0,0.0,999.0,0.0,0.0,0.0,12.0,4.0,1.0,8.0,0.0,0.0,0.0,1.0,1.0,35160.0,6.0,1.0,0.0,0.0,3.0,0.0,66.0,220.0,0.0,0.0,0.0,3.0,0.0,7.0,2010.0,6.0,2012.0,0.0,0.0,0.0,0.0,0.0,1.0,2.0,35.0,1.0,1.0,2.0,1.0,0.0,0.0,1.0,80.0,1.0,1.0,1.0,13.0,0.0,0.0
1.0,10384.0,1.0,1.0,2.0,6.0,7.0,19.0,52.0,25.0,0.0,1.0,0.0,1.0,1.0,37.0,31.0,37031.0,4.0,2008.0,1HGFA16538L0,1,H,G,F,A,1,6,5,3,8,L,0,0.0,P,HOND,UCL,4D,8.0,17.0,2751.0,nan,0.0,1063.0,,G,nan,F,4,110,,,16R205,,,,,,0.0,0.0,000000000,00000000000,0.0,0.0,0.0,1.0,0.0,0.0,0.0,0.0,0.0,0.0,0.0,85.0,0.0,1.0,1.0,12.0,6.0,2.0,25.0,0.0,0.0,0.0,1.0,1.0,35816.0,6.0,1.0,0.0,0.0,3.0,0.0,64.0,110.0,1.0,0.0,0.0,0.0,0.0,8.0,2010.0,8.0,2010.0,0.0,0.0,0.0,0.0,0.0,3.0,3.0,70.0,1.0,1.0,2.0,1.0,0.0,0.0,1.0,8.0,1.0,2.0,4.0,2.0,1.0,0.0
1.0,10385.0,1.0,1.0,1.0,17.0,7.0,16.0,51.0,34.0,0.0,1.0,0.0,1.0,1.0,49.0,43.0,49043.0,4.0,2011.0,4T1BK3DB6BU3,4,T,1,B,K,3,D,B,6,B,U,3,0.0,P,TOYT,ABL,4D,11.0,17.0,3572.0,nan,0.0,1110.0,,G,nan,F,6,214,,,17R215,,,,,,0.0,0.0,000000000,00000000000,0.0,0.0,0.0,1.0,0.0,0.0,0.0,0.0,0.0,0.0,0.0,75.0,0.0,0.0,0.0,14.0,6.0,2.0,42.0,0.0,0.0,0.0,1.0,1.0,35752.0,6.0,1.0,0.0,0.0,3.0,0.0,71.0,200.0,0.0,0.0,0.0,0.0,0.0,0.0,0.0,0.0,0.0,0.0,0.0,0.0,0.0,0.0,2.0,2.0,65.0,1.0,1.0,2.0,1.0,0.0,0.0,1.0,13.0,1.0,1.0,4.0,1.0,1.0,1.0
1.0,10386.0,1.0,2.0,2.0,5.0,4.0,17.0,45.0,12.0,6.0,1.0,0.0,1.0,1.0,12.0,3.0,12003.0,2.0,2006.0,1ZVHT82H2652,1,Z,V,H,T,8,2,H,2,6,5,2,0.0,P,FORD,MGT,CP,6.0,17.0,3483.0,nan,0.0,1071.0,,G,nan,F,8,281,,,17R235,,,,,,0.0,0.0,000000000,00000000000,0.0,0.0,0.0,1.0,0.0,0.0,0.0,0.0,0.0,0.0,0.0,999.0,0.0,0.0,0.0,10.0,4.0,3.0,12.0,0.0,0.0,0.0,1.0,1.0,35763.0,6.0,1.0,0.0,0.0,3.0,0.0,65.0,120.0,0.0,0.0,0.0,0.0,0.0,0.0,0.0,0.0,0.0,0.0,38.0,0.0,0.0,0.0,2.0,2.0,55.0,1.0,1.0,2.0,1.0,0.0,0.0,1.0,17.0,1.0,1.0,1.0,89.0,0.0,0.0
1.0,10386.0,2.0,2.0,1.0,5.0,4.0,17.0,45.0,12.0,6.0,1.0,0.0,1.0,1.0,72.0,706.0,72706.0,80.0,2005.0,1HD1DDV155Y6,1,H,D,1,D,D,V,1,5,5,Y,6,0.0,M,HD,FHT,RS,5.0,17.0,nan,nan,nan,nan,,,1450.0,,2,,4,758,,,,,,,0.0,0.0,000000000,00000000000,0.0,0.0,0.0,1.0,0.0,0.0,0.0,0.0,0.0,0.0,0.0,999.0,0.0,0.0,0.0,12.0,6.0,2.0,12.0,0.0,0.0,0.0,1.0,1.0,35763.0,6.0,1.0,0.0,0.0,3.0,0.0,68.0,195.0,0.0,0.0,0.0,0.0,0.0,0.0,0.0,0.0,0.0,0.0,0.0,0.0,0.0,0.0,2.0,2.0,55.0,1.0,1.0,2.0,1.0,0.0,0.0,1.0,71.0,1.0,1.0,1.0,88.0,1.0,0.0
1.0,10387.0,1.0,1.0,1.0,8.0,8.0,13.0,25.0,30.0,0.0,1.0,0.0,1.0,2.0,37.0,31.0,37031.0,4.0,2005.0,2HGES16315H5,2,H,G,E,S,1,6,3,1,5,H,5,0.0,P,HOND,UDV,4D,5.0,17.0,2544.0,nan,0.0,1031.0,,G,nan,F,4,102,,,14R185,,,,,,0.0,0.0,000000000,00000000000,0.0,0.0,0.0,1.0,0.0,0.0,0.0,0.0,0.0,0.0,0.0,60.0,0.0,0.0,0.0,9.0,6.0,2.0,30.0,0.0,0.0,0.0,1.0,1.0,35576.0,6.0,1.0,0.0,0.0,3.0,1.0,68.0,150.0,0.0,0.0,0.0,0.0,0.0,0.0,0.0,0.0,0.0,1.0,89.0,0.0,0.0,0.0,1.0,2.0,45.0,3.0,1.0,2.0,1.0,0.0,0.0,14.0,13.0,6.0,3.0,4.0,2.0,1.0,0.0
1.0,10388.0,1.0,2.0,1.0,19.0,6.0,13.0,50.0,12.0,6.0,1.0,0.0,1.0,1.0,49.0,40.0,49040.0,4.0,1997.0,4T1BG22K7VU7,4,T,1,B,G,2,2,K,7,V,U,7,0.0,P,TOYT,UEX,4D,97.0,17.0,2976.0,nan,0.0,1051.0,,G,nan,F,4,132,,,14R195,,,,,,0.0,0.0,000000000,00000000000,0.0,0.0,0.0,1.0,0.0,0.0,0.0,0.0,0.0,0.0,0.0,10.0,0.0,0.0,0.0,8.0,4.0,3.0,12.0,0.0,0.0,0.0,1.0,1.0,36020.0,6.0,1.0,0.0,0.0,3.0,0.0,71.0,185.0,1.0,0.0,0.0,0.0,0.0,10.0,2009.0,10.0,2009.0,0.0,38.0,0.0,0.0,0.0,1.0,2.0,25.0,1.0,6.0,2.0,1.0,20.0,3.0,1.0,17.0,1.0,1.0,1.0,89.0,0.0,0.0
1.0,10388.0,2.0,2.0,1.0,19.0,6.0,13.0,50.0,12.0,6.0,1.0,0.0,1.0,1.0,73.0,709.0,73709.0,80.0,2007.0,JKAEXEA187A0,J,K,A,E,X,E,A,1,8,7,A,0,0.0,M,KAWK,EX6,RS,7.0,17.0,nan,nan,nan,nan,,,649.0,,2,,4,393,,,,,,,0.0,0.0,000000000,00000000000,0.0,0.0,0.0,1.0,0.0,0.0,0.0,0.0,0.0,0.0,0.0,999.0,0.0,0.0,0.0,12.0,6.0,2.0,12.0,0.0,0.0,0.0,1.0,1.0,36054.0,1.0,1.0,0.0,0.0,2.0,1.0,68.0,200.0,3.0,2.0,0.0,2.0,3.0,7.0,2010.0,3.0,2012.0,0.0,0.0,0.0,0.0,0.0,2.0,2.0,50.0,1.0,1.0,2.0,1.0,0.0,0.0,1.0,66.0,3.0,1.0,1.0,88.0,1.0,0.0
1.0,10389.0,1.0,3.0,1.0,19.0,6.0,11.0,25.0,12.0,1.0,1.0,0.0,1.0,2.0,12.0,3.0,12003.0,2.0,2003.0,1FAFP40413F4,1,F,A,F,P,4,0,4,1,3,F,4,0.0,P,FORD,MUS,CP,3.0,17.0,3114.0,nan,0.0,1013.0,,G,nan,F,6,232,,,16R225,,,,,,0.0,0.0,000000000,00000000000,0.0,0.0,0.0,1.0,0.0,0.0,0.0,0.0,0.0,0.0,0.0,55.0,0.0,0.0,0.0,12.0,6.0,2.0,12.0,0.0,0.0,0.0,1.0,1.0,35054.0,6.0,1.0,0.0,0.0,3.0,0.0,73.0,180.0,0.0,0.0,0.0,0.0,0.0,0.0,0.0,0.0,0.0,0.0,0.0,0.0,0.0,0.0,1.0,2.0,55.0,1.0,1.0,2.0,1.0,0.0,0.0,1.0,50.0,1.0,1.0,1.0,20.0,0.0,0.0
1.0,10389.0,2.0,3.0,4.0,19.0,6.0,11.0,25.0,12.0,1.0,1.0,0.0,1.0,2.0,52.0,46.0,52046.0,4.0,2004.0,JA3AJ26E14U0,J,A,3,A,J,2,6,E,1,4,U,0,0.0,P,MITS,LES,4D,4.0,17.0,2656.0,nan,0.0,1024.0,,G,nan,F,4,122,,,14R185,,,,,,0.0,0.0,000000000,00000000000,0.0,0.0,0.0,1.0,0.0,0.0,0.0,0.0,0.0,0.0,0.0,0.0,0.0,0.0,0.0,6.0,6.0,2.0,12.0,0.0,0.0,0.0,1.0,1.0,35120.0,6.0,1.0,0.0,0.0,3.0,1.0,62.0,130.0,0.0,0.0,0.0,0.0,0.0,0.0,0.0,0.0,0.0,0.0,89.0,0.0,0.0,0.0,1.0,2.0,55.0,1.0,1.0,2.0,1.0,0.0,0.0,5.0,53.0,1.0,1.0,1.0,22.0,2.0,0.0
1.0,10389.0,3.0,3.0,1.0,19.0,6.0,11.0,25.0,12.0,1.0,1.0,0.0,13.0,2.0,12.0,481.0,12481.0,31.0,2000.0,1FTSW31F7YED,1,F,T,S,W,3,1,F,7,Y,E,D,0.0,T,FORD,F3S,CW,0.0,17.0,nan,2.0,1724.0,1562.0,SRW,D,nan,,8,444,,,,D,5942,07,E,44,0.0,0.0,000000000,00000000000,0.0,0.0,0.0,1.0,0.0,0.0,0.0,0.0,0.0,0.0,0.0,55.0,0.0,0.0,0.0,12.0,6.0,2.0,12.0,0.0,0.0,0.0,1.0,53.0,99301.0,6.0,1.0,0.0,0.0,3.0,0.0,73.0,220.0,0.0,0.0,0.0,1.0,1.0,2.0,2010.0,4.0,2010.0,0.0,0.0,0.0,0.0,0.0,1.0,2.0,55.0,1.0,1.0,2.0,1.0,0.0,0.0,1.0,62.0,1.0,1.0,1.0,98.0,0.0,0.0