STATE,ST_CASE,VEH_NO,VE_FORMS,NUMOCCS,DAY,MONTH,HOUR,MINUTE,HARM_EV,MAN_COLL,UNITTYPE,HIT_RUN,REG_STAT,OWNER,MAKE,MODEL,MAK_MOD,BODY_TYP,MOD_YEAR,VIN,VIN_1,VIN_2,VIN_3,VIN_4,VIN_5,VIN_6,VIN_7,VIN_8,VIN_9,VIN_10,VIN_11,VIN_12,TOW_VEH,VINTYPE,VINMAKE,VINA_MOD,VIN_BT,VINMODYR,VIN_LNGT,VIN_WGT,WGTCD_TR,WHLBS_LG,WHLBS_SH,SER_TR,FUELCODE,MCYCL_DS,CARBUR,CYLINDER,DISPLACE,MCYCL_CY,MCYCL_WT,TIRE_SZE,TON_RAT,TRK_WT,TRKWTVAR,VIN_REST,WHLDRWHL,J_KNIFE,MCARR_I1,MCARR_I2,MCARR_ID,GVWR,V_CONFIG,CARGO_BT,HAZ_INV,HAZ_PLAC,HAZ_ID,HAZ_CNO,HAZ_REL,BUS_USE,SPEC_USE,EMER_USE,TRAV_SP,UNDERIDE,ROLLOVER,ROLINLOC,IMPACT1,DEFORMED,TOWED,M_HARM,VEH_SC1,VEH_SC2,FIRE_EXP,DR_PRES,L_STATE,DR_ZIP,L_STATUS,L_TYPE,CDL_STAT,L_ENDORS,L_COMPL,L_RESTRI,DR_HGT,DR_WGT,PREV_ACC,PREV_SUS,PREV_DWI,PREV_SPD,PREV_OTH,FIRST_MO,FIRST_YR,LAST_MO,LAST_YR,SPEEDREL,DR_SF1,DR_SF2,DR_SF3,DR_SF4,VTRAFWAY,VNUM_LAN,VSPD_LIM,VALIGN,VPROFILE,VPAVETYP,VSURCOND,VTRAFCON,VTCONT_F,P_CRASH1,P_CRASH2,P_CRASH3,PCRASH4,PCRASH5,ACC_TYPE,DEATHS,DR_DRINK
1.0,10390.0,1.0,2.0,1.0,27.0,6.0,8.0,47.0,12.0,2.0,1.0,0.0,1.0,1.0,54.0,35.0,54035.0,4.0,2003.0,19UUA56903A0,1,9,U,U,A,5,6,9,0,3,A,0,0.0,P,ACUR,3TS,4D,3.0,17.0,3574.0,nan,0.0,1081.0,,G,nan,F,6,197,,,17R215,,,,,,0.0,0.0,000000000,00000000000,0.0,0.0,0.0,1.0,0.0,0.0,0.0,0.0,0.0,0.0,0.0,999.0,0.0,0.0,0.0,12.0,6.0,2.0,12.0,0.0,0.0,0.0,1.0,1.0,35094.0,6.0,1.0,0.0,0.0,3.0,0.0,67.0,107.0,0.0,0.0,0.0,0.0,0.0,0.0,0.0,0.0,0.0,0.0,89.0,0.0,0.0,0.0,1.0,2.0,55.0,1.0,1.0,2.0,1.0,0.0,0.0,1.0,12.0,1.0,1.0,4.0,52.0,1.0,0.0
1.0,10390.0,2.0,2.0,1.0,27.0,6.0,8.0,47.0,12.0,2.0,1.0,0.0,1.0,1.0,49.0,40.0,49040.0,4.0,2009.0,4T1BE46K39U2,4,T,1,B,E,4,6,K,3,9,U,2,0.0,P,TOYT,CBA,4D,9.0,17.0,3263.0,nan,0.0,1090.0,,G,nan,F,4,144,,,16R215,,,,,,0.0,0.0,000000000,00000000000,0.0,0.0,0.0,1.0,0.0,0.0,0.0,0.0,0.0,0.0,0.0,999.0,0.0,0.0,0.0,12.0,6.0,2.0,12.0,0.0,0.0,0.0,1.0,1.0,35120.0,6.0,1.0,0.0,0.0,3.0,1.0,62.0,135.0,0.0,0.0,0.0,0.0,0.0,0.0,0.0,0.0,0.0,0.0,0.0,0.0,0.0,0.0,1.0,2.0,55.0,1.0,1.0,2.0,1.0,0.0,0.0,1.0,62.0,7.0,1.0,4.0,52.0,0.0,0.0
1.0,10391.0,1.0,2.0,1.0,27.0,6.0,15.0,50.0,12.0,6.0,1.0,0.0,1.0,2.0,63.0,31.0,63031.0,4.0,2000.0,KNAFB1216Y59,K,N,A,F,B,1,2,1,6,Y,5,9,0.0,P,KIA,SPL,4D,0.0,17.0,2478.0,nan,0.0,1008.0,,G,nan,F,4,109,,,14R185,,,,,,0.0,0.0,000000000,00000000000,0.0,0.0,0.0,1.0,0.0,0.0,0.0,0.0,0.0,0.0,0.0,46.0,0.0,0.0,0.0,9.0,6.0,2.0,12.0,0.0,0.0,0.0,1.0,1.0,35004.0,6.0,2.0,0.0,0.0,3.0,1.0,72.0,215.0,0.0,0.0,0.0,0.0,0.0,0.0,0.0,0.0,0.0,0.0,39.0,0.0,0.0,0.0,1.0,2.0,55.0,1.0,1.0,2.0,1.0,20.0,3.0,1.0,17.0,1.0,1.0,1.0,89.0,1.0,0.0
1.0,10391.0,2.0,2.0,2.0,27.0,6.0,15.0,50.0,12.0,6.0,1.0,0.0,1.0,1.0,23.0,481.0,23481.0,31.0,2008.0,2GTEK19J4812,2,G,T,E,K,1,9,J,4,8,1,2,0.0,T,GMC,SK1,4C,8.0,17.0,nan,2.0,1575.0,1339.0,SIE,G,nan,,8,323,,,,B,5226,02,4,44,0.0,0.0,000000000,00000000000,0.0,0.0,0.0,1.0,0.0,0.0,0.0,0.0,0.0,0.0,0.0,55.0,0.0,0.0,0.0,12.0,6.0,2.0,12.0,0.0,0.0,0.0,1.0,1.0,35051.0,6.0,1.0,0.0,0.0,3.0,0.0,74.0,160.0,0.0,0.0,0.0,0.0,0.0,0.0,0.0,0.0,0.0,0.0,0.0,0.0,0.0,0.0,1.0,2.0,55.0,1.0,6.0,2.0,1.0,0.0,0.0,1.0,66.0,1.0,1.0,1.0,88.0,0.0,0.0
1.0,10392.0,1.0,1.0,1.0,26.0,6.0,4.0,48.0,8.0,0.0,1.0,1.0,99.0,9.0,37.0,32.0,37032.0,9.0,9999.0,999999999999,9,9,9,9,9,9,9,9,9,9,9,9,0.0,,,,,nan,nan,nan,nan,nan,nan,,,nan,,,,,,,,,,,,0.0,0.0,000000000,00000000000,0.0,0.0,0.0,1.0,0.0,0.0,0.0,0.0,0.0,0.0,0.0,999.0,0.0,0.0,0.0,11.0,9.0,1.0,8.0,0.0,0.0,0.0,1.0,99.0,99999.0,9.0,9.0,99.0,9.0,9.0,9.0,999.0,999.0,99.0,99.0,99.0,99.0,99.0,99.0,9999.0,99.0,9999.0,1.0,99.0,99.0,99.0,99.0,5.0,4.0,45.0,1.0,1.0,2.0,1.0,0.0,0.0,1.0,80.0,1.0,1.0,1.0,13.0,0.0,0.0
1.0,10393.0,1.0,2.0,1.0,27.0,6.0,21.0,15.0,12.0,6.0,1.0,0.0,1.0,1.0,14.0,6.0,14006.0,4.0,1997.0,2MELM75W8VX6,2,M,E,L,M,7,5,W,8,V,X,6,0.0,P,MERC,MGL,4D,97.0,17.0,3796.0,nan,0.0,1144.0,,G,nan,F,8,281,,,15R215,,,,,,0.0,0.0,000000000,00000000000,0.0,0.0,0.0,1.0,0.0,0.0,0.0,0.0,0.0,0.0,0.0,20.0,0.0,0.0,0.0,4.0,4.0,1.0,12.0,0.0,0.0,0.0,1.0,1.0,35205.0,6.0,1.0,0.0,0.0,3.0,0.0,78.0,250.0,1.0,1.0,0.0,0.0,1.0,6.0,2010.0,3.0,2011.0,0.0,0.0,0.0,0.0,0.0,1.0,2.0,40.0,1.0,5.0,2.0,1.0,3.0,3.0,11.0,15.0,1.0,1.0,1.0,68.0,0.0,0.0
1.0,10393.0,2.0,2.0,2.0,27.0,6.0,21.0,15.0,12.0,6.0,1.0,0.0,1.0,1.0,73.0,706.0,73706.0,80.0,2005.0,JKAZXCC115A0,J,K,A,Z,X,C,C,1,1,5,A,0,0.0,M,KAWK,Z1R,RC,5.0,17.0,nan,nan,nan,nan,,,998.0,,4,,4,375,,,,,,,0.0,0.0,000000000,00000000000,0.0,0.0,0.0,1.0,0.0,0.0,0.0,0.0,0.0,0.0,0.0,40.0,0.0,0.0,0.0,12.0,6.0,2.0,12.0,0.0,0.0,1.0,1.0,1.0,35209.0,6.0,1.0,0.0,0.0,3.0,0.0,63.0,118.0,0.0,0.0,0.0,3.0,2.0,10.0,2009.0,10.0,2011.0,0.0,0.0,0.0,0.0,0.0,1.0,2.0,40.0,1.0,5.0,2.0,1.0,3.0,3.0,1.0,66.0,3.0,1.0,1.0,69.0,1.0,0.0
1.0,10394.0,1.0,1.0,2.0,30.0,6.0,18.0,0.0,34.0,0.0,1.0,0.0,1.0,2.0,49.0,40.0,49040.0,4.0,2000.0,4T1BG22K8YU9,4,T,1,B,G,2,2,K,8,Y,U,9,0.0,P,TOYT,UEX,4D,0.0,17.0,2998.0,nan,0.0,1051.0,,G,nan,F,4,132,,,14R195,,,,,,0.0,0.0,000000000,00000000000,0.0,0.0,0.0,1.0,0.0,0.0,0.0,0.0,0.0,0.0,0.0,55.0,0.0,1.0,5.0,12.0,6.0,2.0,34.0,0.0,0.0,0.0,1.0,1.0,35553.0,2.0,1.0,0.0,0.0,2.0,0.0,72.0,160.0,0.0,0.0,0.0,0.0,0.0,0.0,0.0,0.0,0.0,0.0,0.0,0.0,0.0,0.0,1.0,2.0,45.0,1.0,1.0,2.0,1.0,0.0,0.0,1.0,12.0,6.0,1.0,4.0,6.0,1.0,1.0
1.0,10395.0,1.0,1.0,4.0,19.0,6.0,1.0,46.0,32.0,0.0,1.0,0.0,1.0,2.0,2.0,404.0,2404.0,14.0,2000.0,1J4G248S6YC1,1,J,4,G,2,4,8,S,6,Y,C,1,0.0,T,JEEP,LRO,4W,0.0,17.0,nan,1.0,0.0,1059.0,GCK,G,nan,,6,244,,,,,3664,00,E,42,0.0,0.0,000000000,00000000000,0.0,0.0,0.0,1.0,0.0,0.0,0.0,0.0,0.0,0.0,0.0,75.0,0.0,1.0,5.0,12.0,6.0,2.0,32.0,0.0,0.0,0.0,1.0,1.0,35660.0,6.0,1.0,0.0,0.0,3.0,1.0,70.0,135.0,0.0,0.0,0.0,0.0,0.0,0.0,0.0,0.0,0.0,1.0,0.0,0.0,0.0,0.0,1.0,2.0,35.0,2.0,1.0,2.0,1.0,0.0,0.0,14.0,12.0,1.0,1.0,4.0,6.0,1.0,0.0
1.0,10396.0,1.0,4.0,1.0,3.0,7.0,15.0,30.0,12.0,7.0,1.0,0.0,1.0,2.0,49.0,32.0,49032.0,4.0,2009.0,1NXBU40E19Z0,1,N,X,B,U,4,0,E,1,9,Z,0,0.0,P,TOYT,CBL,4D,9.0,17.0,2723.0,nan,0.0,1024.0,,G,nan,F,4,110,,,15R195,,,,,,0.0,0.0,000000000,00000000000,0.0,0.0,0.0,1.0,0.0,0.0,0.0,0.0,0.0,0.0,0.0,70.0,0.0,1.0,1.0,11.0,6.0,2.0,12.0,0.0,0.0,0.0,1.0,1.0,35124.0,6.0,1.0,0.0,0.0,3.0,0.0,66.0,125.0,0.0,0.0,0.0,0.0,0.0,0.0,0.0,0.0,0.0,0.0,0.0,0.0,0.0,0.0,2.0,4.0,70.0,1.0,1.0,2.0,1.0,0.0,0.0,1.0,90.0,6.0,1.0,2.0,45.0,1.0,0.0
1.0,10396.0,2.0,4.0,2.0,3.0,7.0,15.0,30.0,12.0,7.0,1.0,0.0,1.0,1.0,6.0,51.0,6051.0,4.0,2006.0,2C3KA53G06H2,2,C,3,K,A,5,3,G,0,6,H,2,0.0,P,CHRY,3TR,4D,6.0,17.0,3651.0,nan,0.0,1200.0,,G,nan,F,6,214,,,17R215,,,,,,0.0,0.0,000000000,00000000000,0.0,0.0,0.0,1.0,0.0,0.0,0.0,0.0,0.0,0.0,0.0,70.0,0.0,0.0,0.0,3.0,2.0,1.0,12.0,0.0,0.0,0.0,1.0,1.0,36117.0,6.0,1.0,0.0,0.0,3.0,1.0,71.0,220.0,0.0,0.0,0.0,0.0,0.0,0.0,0.0,0.0,0.0,0.0,89.0,0.0,0.0,0.0,2.0,2.0,70.0,1.0,1.0,2.0,1.0,0.0,0.0,1.0,61.0,1.0,1.0,1.0,44.0,0.0,0.0
1.0,10396.0,3.0,4.0,1.0,3.0,7.0,15.0,30.0,12.0,7.0,1.0,0.0,13.0,1.0,20.0,421.0,20421.0,15.0,2004.0,1GNEC13Z44J2,1,G,N,E,C,1,3,Z,4,4,J,2,0.0,P,CHEV,CTA,UT,4.0,17.0,4828.0,nan,0.0,1160.0,,F,nan,F,8,325,,,16R265,,,,,,0.0,0.0,000000000,00000000000,0.0,0.0,0.0,1.0,0.0,0.0,0.0,0.0,0.0,0.0,0.0,70.0,0.0,0.0,0.0,6.0,2.0,1.0,12.0,0.0,0.0,0.0,1.0,13.0,30009.0,6.0,1.0,0.0,0.0,3.0,0.0,70.0,155.0,98.0,0.0,0.0,0.0,1.0,4.0,2011.0,4.0,2011.0,0.0,0.0,0.0,0.0,0.0,2.0,2.0,70.0,1.0,1.0,2.0,1.0,0.0,0.0,1.0,62.0,1.0,1.0,1.0,98.0,0.0,0.0
1.0,10396.0,4.0,4.0,1.0,3.0,7.0,15.0,30.0,12.0,7.0,1.0,0.0,1.0,3.0,49.0,472.0,49472.0,30.0,2009.0,3TMMU52N29M0,3,T,M,M,U,5,2,N,2,9,M,0,0.0,T,TOYT,DBD,CW,9.0,17.0,nan,1.0,0.0,1409.0,TAC,G,nan,,6,244,,,,B,4100,00,W,44,0.0,0.0,000000000,00000000000,0.0,0.0,0.0,1.0,0.0,0.0,0.0,0.0,0.0,0.0,0.0,70.0,0.0,0.0,0.0,12.0,6.0,2.0,12.0,0.0,0.0,0.0,1.0,22.0,70462.0,6.0,1.0,0.0,0.0,3.0,1.0,71.0,205.0,0.0,0.0,0.0,0.0,2.0,8.0,2011.0,12.0,2011.0,0.0,0.0,0.0,0.0,0.0,2.0,2.0,70.0,1.0,1.0,2.0,1.0,0.0,0.0,1.0,62.0,1.0,1.0,1.0,98.0,0.0,0.0
1.0,10397.0,1.0,2.0,1.0,6.0,7.0,21.0,5.0,12.0,6.0,1.0,0.0,1.0,1.0,12.0,3.0,12003.0,3.0,1992.0,1FACP42E4NF1,1,F,A,C,P,4,2,E,4,N,F,1,0.0,P,FORD,MCG,2H,92.0,17.0,3144.0,nan,0.0,1005.0,,G,nan,F,8,302,,,16R225,,,,,,0.0,0.0,000000000,00000000000,0.0,0.0,0.0,1.0,0.0,0.0,0.0,0.0,0.0,0.0,0.0,999.0,0.0,0.0,0.0,3.0,6.0,2.0,12.0,0.0,0.0,0.0,1.0,1.0,36030.0,1.0,1.0,0.0,0.0,2.0,1.0,73.0,270.0,0.0,2.0,0.0,0.0,0.0,8.0,2010.0,8.0,2010.0,1.0,0.0,0.0,0.0,0.0,1.0,2.0,55.0,3.0,1.0,2.0,1.0,0.0,0.0,14.0,6.0,1.0,4.0,2.0,64.0,1.0,1.0
1.0,10397.0,2.0,2.0,2.0,6.0,7.0,21.0,5.0,12.0,6.0,1.0,0.0,1.0,2.0,7.0,403.0,7403.0,14.0,2008.0,1D8GT28K68W2,1,D,8,G,T,2,8,K,6,8,W,2,0.0,P,DODG,NIT,UT,8.0,17.0,3932.0,nan,0.0,1088.0,,G,nan,F,6,225,,,16R225,,,,,,0.0,0.0,000000000,00000000000,0.0,0.0,0.0,1.0,0.0,0.0,0.0,0.0,0.0,0.0,0.0,999.0,0.0,0.0,0.0,12.0,6.0,2.0,12.0,0.0,0.0,0.0,1.0,1.0,36768.0,6.0,1.0,0.0,0.0,3.0,1.0,69.0,200.0,0.0,0.0,0.0,2.0,0.0,7.0,2009.0,8.0,2010.0,0.0,0.0,0.0,0.0,0.0,1.0,2.0,55.0,2.0,1.0,2.0,1.0,0.0,0.0,14.0,62.0,1.0,1.0,1.0,65.0,0.0,0.0
1.0,10398.0,1.0,2.0,1.0,6.0,7.0,11.0,25.0,12.0,2.0,1.0,0.0,1.0,1.0,53.0,706.0,53706.0,80.0,2007.0,JS1VS56A0721,J,S,1,V,S,5,6,A,0,7,2,1,0.0,M,SUZI,VZ8,RS,7.0,17.0,nan,nan,nan,nan,,,819.0,,2,,4,544,,,,,,,0.0,0.0,000000000,00000000000,0.0,0.0,0.0,1.0,0.0,0.0,0.0,0.0,0.0,0.0,0.0,55.0,0.0,0.0,0.0,12.0,6.0,2.0,12.0,0.0,0.0,0.0,1.0,1.0,35989.0,6.0,1.0,0.0,0.0,3.0,0.0,74.0,200.0,0.0,0.0,0.0,0.0,0.0,0.0,0.0,0.0,0.0,0.0,89.0,0.0,0.0,0.0,1.0,2.0,55.0,2.0,1.0,2.0,1.0,0.0,0.0,14.0,10.0,1.0,1.0,2.0,50.0,1.0,0.0
1.0,10398.0,2.0,2.0,2.0,6.0,7.0,11.0,25.0,12.0,2.0,1.0,0.0,1.0,2.0,20.0,481.0,20481.0,31.0,2001.0,1GCEK19T31Z1,1,G,C,E,K,1,9,T,3,1,Z,1,0.0,T,CHEV,SK1,4C,1.0,17.0,nan,2.0,1575.0,1435.0,SIL,G,nan,,8,325,,,,B,4776,00,,44,0.0,0.0,000000000,00000000000,0.0,0.0,0.0,1.0,0.0,0.0,0.0,0.0,0.0,0.0,0.0,35.0,0.0,0.0,0.0,12.0,6.0,2.0,12.0,0.0,0.0,0.0,1.0,6.0,35978.0,6.0,1.0,6.0,0.0,3.0,1.0,71.0,280.0,0.0,0.0,0.0,0.0,0.0,0.0,0.0,0.0,0.0,0.0,0.0,0.0,0.0,0.0,1.0,2.0,55.0,3.0,1.0,2.0,1.0,0.0,0.0,14.0,62.0,1.0,1.0,1.0,51.0,0.0,0.0
1.0,10399.0,1.0,1.0,1.0,7.0,7.0,6.0,3.0,42.0,0.0,1.0,0.0,1.0,1.0,20.0,19.0,20019.0,4.0,1996.0,1G1LD55M0TY1,1,G,1,L,D,5,5,M,0,T,Y,1,0.0,P,CHEV,CSA,4D,96.0,17.0,2745.0,nan,0.0,1034.0,,G,nan,F,6,191,,,14R195,,,,,,0.0,0.0,000000000,00000000000,0.0,0.0,0.0,1.0,0.0,0.0,0.0,0.0,0.0,0.0,0.0,55.0,0.0,0.0,0.0,11.0,6.0,2.0,42.0,0.0,0.0,0.0,1.0,1.0,36862.0,1.0,1.0,0.0,0.0,2.0,1.0,81.0,205.0,0.0,5.0,1.0,2.0,1.0,11.0,2009.0,4.0,2012.0,0.0,89.0,0.0,0.0,0.0,1.0,2.0,55.0,1.0,1.0,2.0,1.0,0.0,0.0,1.0,13.0,6.0,1.0,4.0,1.0,1.0,1.0
1.0,10400.0,1.0,2.0,2.0,7.0,7.0,9.0,35.0,32.0,0.0,1.0,0.0,5.0,2.0,41.0,45.0,41045.0,1.0,1995.0,JM1NA3532S06,J,M,1,N,A,3,5,3,2,S,0,6,0.0,P,MAZD,MIA,CV,95.0,17.0,2293.0,nan,0.0,892.0,,G,nan,F,4,112,,,14R185,,,,,,0.0,0.0,000000000,00000000000,0.0,0.0,0.0,1.0,0.0,0.0,0.0,0.0,0.0,0.0,0.0,70.0,0.0,0.0,0.0,12.0,6.0,2.0,12.0,0.0,0.0,0.0,1.0,5.0,72601.0,6.0,2.0,0.0,0.0,3.0,0.0,72.0,160.0,0.0,0.0,0.0,0.0,0.0,0.0,0.0,0.0,0.0,0.0,0.0,0.0,0.0,0.0,2.0,4.0,70.0,1.0,1.0,2.0,1.0,0.0,0.0,1.0,12.0,1.0,1.0,4.0,6.0,2.0,0.0
1.0,10400.0,2.0,2.0,2.0,7.0,7.0,9.0,35.0,32.0,0.0,1.0,0.0,6.0,3.0,82.0,881.0,82881.0,66.0,2001.0,1FUJAHCG31PJ,1,F,U,J,A,H,C,G,3,1,P,J,1.0,T,FRHT,FLD,TR,1.0,17.0,nan,8.0,0.0,0.0,CON,D,nan,,6,774,,,,,00000,00,,64,1.0,57.0,1891350,571891350,3.0,6.0,1.0,1.0,0.0,0.0,0.0,0.0,0.0,0.0,0.0,70.0,0.0,0.0,0.0,12.0,6.0,2.0,12.0,0.0,0.0,0.0,1.0,6.0,93560.0,6.0,1.0,6.0,0.0,3.0,0.0,72.0,190.0,0.0,0.0,0.0,0.0,0.0,0.0,0.0,0.0,0.0,0.0,0.0,0.0,0.0,0.0,2.0,2.0,70.0,1.0,1.0,2.0,1.0,0.0,0.0,1.0,62.0,9.0,1.0,1.0,98.0,0.0,0.0
1.0,10401.0,1.0,1.0,2.0,8.0,7.0,12.0,30.0,24.0,0.0,1.0,0.0,1.0,1.0,41.0,49.0,41049.0,4.0,2004.0,JM1FE1733401,J,M,1,F,E,1,7,3,3,4,0,1,0.0,P,MAZD,RX8,C4,4.0,17.0,3029.0,nan,0.0,1064.0,,G,nan,F,R,080,,,18R225,,,,,,0.0,0.0,000000000,00000000000,0.0,0.0,0.0,1.0,0.0,0.0,0.0,0.0,0.0,0.0,0.0,65.0,0.0,1.0,5.0,12.0,6.0,2.0,42.0,0.0,0.0,0.0,1.0,1.0,36264.0,6.0,1.0,0.0,0.0,3.0,1.0,73.0,158.0,0.0,2.0,0.0,1.0,2.0,12.0,2009.0,11.0,2011.0,1.0,89.0,58.0,0.0,0.0,1.0,2.0,45.0,3.0,5.0,2.0,1.0,0.0,0.0,14.0,13.0,6.0,4.0,4.0,7.0,1.0,0.0
1.0,10402.0,1.0,1.0,3.0,9.0,7.0,2.0,52.0,8.0,0.0,1.0,0.0,47.0,3.0,93.0,981.0,93981.0,51.0,1998.0,1M8PDMPA2WP0,1,M,8,P,D,M,P,A,2,W,P,0,0.0,T,MCIN,,,98.0,17.0,nan,nan,nan,nan,,,nan,,,,,,,,,,,,0.0,57.0,206347,57206347,3.0,21.0,22.0,1.0,0.0,0.0,0.0,0.0,5.0,0.0,0.0,50.0,0.0,0.0,0.0,12.0,4.0,3.0,8.0,0.0,0.0,0.0,1.0,1.0,35653.0,6.0,1.0,6.0,1.0,3.0,0.0,70.0,180.0,0.0,0.0,0.0,0.0,0.0,0.0,0.0,0.0,0.0,0.0,0.0,0.0,0.0,0.0,2.0,2.0,55.0,1.0,1.0,2.0,1.0,0.0,0.0,1.0,80.0,1.0,1.0,1.0,13.0,0.0,0.0
1.0,10403.0,1.0,1.0,2.0,9.0,7.0,9.0,10.0,1.0,0.0,1.0,0.0,1.0,2.0,20.0,421.0,20421.0,15.0,1997.0,1GNCS13W8V21,1,G,N,C,S,1,3,W,8,V,2,1,0.0,P,CHEV,BZR,UT,97.0,17.0,3686.0,nan,0.0,1070.0,,G,nan,F,6,262,,,15R205,,,,,,0.0,0.0,000000000,00000000000,0.0,0.0,0.0,1.0,0.0,0.0,0.0,0.0,0.0,0.0,0.0,65.0,0.0,1.0,3.0,0.0,6.0,2.0,1.0,0.0,0.0,0.0,1.0,1.0,36312.0,6.0,1.0,0.0,0.0,3.0,0.0,66.0,145.0,0.0,0.0,0.0,0.0,0.0,0.0,0.0,0.0,0.0,0.0,58.0,0.0,0.0,0.0,2.0,2.0,65.0,1.0,6.0,2.0,1.0,0.0,0.0,1.0,12.0,7.0,4.0,4.0,7.0,1.0,0.0
1.0,10404.0,1.0,2.0,1.0,11.0,7.0,17.0,52.0,12.0,6.0,1.0,0.0,1.0,1.0,22.0,22.0,22022.0,4.0,2006.0,1G2ZF55B5641,1,G,2,Z,F,5,5,B,5,6,4,1,0.0,P,PONT,G6E,4D,6.0,17.0,3419.0,nan,0.0,1123.0,,G,nan,F,4,146,,,16R215,,,,,,0.0,0.0,000000000,00000000000,0.0,0.0,0.0,1.0,0.0,0.0,0.0,0.0,0.0,0.0,0.0,55.0,0.0,0.0,0.0,5.0,6.0,2.0,12.0,0.0,0.0,0.0,1.0,1.0,36919.0,6.0,1.0,0.0,0.0,3.0,0.0,62.0,115.0,0.0,0.0,0.0,0.0,0.0,0.0,0.0,0.0,0.0,1.0,87.0,0.0,0.0,0.0,1.0,2.0,55.0,1.0,1.0,2.0,2.0,0.0,0.0,1.0,5.0,1.0,3.0,2.0,64.0,1.0,0.0
1.0,10404.0,2.0,2.0,1.0,11.0,7.0,17.0,52.0,12.0,6.0,1.0,0.0,1.0,1.0,23.0,422.0,23422.0,15.0,2009.0,1GKFC03209R1,1,G,K,F,C,0,3,2,0,9,R,1,0.0,T,GMC,NAL,4W,9.0,17.0,nan,2.0,0.0,1160.0,YUK,F,nan,,8,378,,,,B,5635,00,3,42,0.0,0.0,000000000,00000000000,0.0,0.0,0.0,1.0,0.0,0.0,0.0,0.0,0.0,0.0,0.0,55.0,0.0,0.0,0.0,12.0,6.0,2.0,12.0,0.0,0.0,0.0,1.0,1.0,36919.0,6.0,1.0,0.0,0.0,3.0,0.0,64.0,130.0,1.0,1.0,0.0,0.0,1.0,10.0,2010.0,7.0,2011.0,0.0,0.0,0.0,0.0,0.0,1.0,2.0,55.0,1.0,1.0,2.0,2.0,0.0,0.0,1.0,62.0,1.0,1.0,1.0,65.0,0.0,0.0
1.0,10405.0,1.0,1.0,3.0,15.0,7.0,22.0,45.0,18.0,0.0,1.0,0.0,1.0,2.0,20.0,2.0,20002.0,6.0,1992.0,1G1BL8375NW1,1,G,1,B,L,8,3,7,5,N,W,1,0.0,P,CHEV,CAP,SW,92.0,17.0,4354.0,nan,0.0,1159.0,,G,nan,F,8,350,,,15R225,,,,,,0.0,0.0,000000000,00000000000,0.0,0.0,0.0,1.0,0.0,0.0,0.0,0.0,0.0,0.0,0.0,999.0,0.0,0.0,0.0,12.0,6.0,2.0,18.0,0.0,0.0,0.0,1.0,1.0,35578.0,0.0,0.0,0.0,0.0,0.0,0.0,70.0,150.0,0.0,0.0,0.0,0.0,0.0,0.0,0.0,0.0,0.0,0.0,0.0,0.0,0.0,0.0,1.0,2.0,50.0,1.0,6.0,2.0,1.0,0.0,0.0,1.0,13.0,1.0,1.0,4.0,1.0,1.0,1.0
1.0,10406.0,1.0,2.0,1.0,12.0,7.0,5.0,20.0,12.0,6.0,1.0,0.0,1.0,1.0,41.0,50.0,41050.0,4.0,2010.0,1YVHZ8CH5A5M,1,Y,V,H,Z,8,C,H,5,A,5,M,0.0,P,MAZD,M6I,4D,10.0,17.0,3258.0,nan,0.0,1098.0,,G,nan,F,4,152,,,16R205,,,,,,0.0,0.0,000000000,00000000000,0.0,0.0,0.0,1.0,0.0,0.0,0.0,0.0,0.0,0.0,0.0,10.0,0.0,0.0,0.0,9.0,6.0,2.0,12.0,0.0,0.0,0.0,1.0,1.0,35405.0,6.0,1.0,0.0,0.0,3.0,1.0,66.0,170.0,0.0,1.0,0.0,1.0,1.0,4.0,2010.0,9.0,2011.0,0.0,0.0,0.0,0.0,0.0,1.0,2.0,0.0,1.0,1.0,2.0,1.0,0.0,0.0,11.0,15.0,1.0,1.0,1.0,82.0,1.0,0.0
1.0,10406.0,2.0,2.0,1.0,12.0,7.0,5.0,20.0,12.0,6.0,1.0,0.0,18.0,3.0,84.0,881.0,84881.0,66.0,2007.0,2HSCNAPR87C3,2,H,S,C,N,A,P,R,8,7,C,3,1.0,T,INTL,94I,TR,7.0,17.0,nan,8.0,0.0,0.0,940,D,nan,,6,915,,,,,00000,00,,64,1.0,57.0,247552,57247552,3.0,6.0,1.0,1.0,0.0,0.0,0.0,0.0,0.0,0.0,0.0,40.0,0.0,0.0,0.0,12.0,4.0,1.0,12.0,0.0,0.0,0.0,1.0,1.0,36321.0,6.0,1.0,6.0,0.0,3.0,0.0,70.0,410.0,0.0,3.0,0.0,1.0,0.0,11.0,2011.0,3.0,2012.0,0.0,0.0,0.0,0.0,0.0,1.0,2.0,40.0,1.0,1.0,2.0,1.0,0.0,0.0,1.0,72.0,9.0,1.0,1.0,83.0,0.0,0.0