STATE,ST_CASE,VEH_NO,VE_FORMS,NUMOCCS,DAY,MONTH,HOUR,MINUTE,HARM_EV,MAN_COLL,UNITTYPE,HIT_RUN,REG_STAT,OWNER,MAKE,MODEL,MAK_MOD,BODY_TYP,MOD_YEAR,VIN,VIN_1,VIN_2,VIN_3,VIN_4,VIN_5,VIN_6,VIN_7,VIN_8,VIN_9,VIN_10,VIN_11,VIN_12,TOW_VEH,VINTYPE,VINMAKE,VINA_MOD,VIN_BT,VINMODYR,VIN_LNGT,VIN_WGT,WGTCD_TR,WHLBS_LG,WHLBS_SH,SER_TR,FUELCODE,MCYCL_DS,CARBUR,CYLINDER,DISPLACE,MCYCL_CY,MCYCL_WT,TIRE_SZE,TON_RAT,TRK_WT,TRKWTVAR,VIN_REST,WHLDRWHL,J_KNIFE,MCARR_I1,MCARR_I2,MCARR_ID,GVWR,V_CONFIG,CARGO_BT,HAZ_INV,HAZ_PLAC,HAZ_ID,HAZ_CNO,HAZ_REL,BUS_USE,SPEC_USE,EMER_USE,TRAV_SP,UNDERIDE,ROLLOVER,ROLINLOC,IMPACT1,DEFORMED,TOWED,M_HARM,VEH_SC1,VEH_SC2,FIRE_EXP,DR_PRES,L_STATE,DR_ZIP,L_STATUS,L_TYPE,CDL_STAT,L_ENDORS,L_COMPL,L_RESTRI,DR_HGT,DR_WGT,PREV_ACC,PREV_SUS,PREV_DWI,PREV_SPD,PREV_OTH,FIRST_MO,FIRST_YR,LAST_MO,LAST_YR,SPEEDREL,DR_SF1,DR_SF2,DR_SF3,DR_SF4,VTRAFWAY,VNUM_LAN,VSPD_LIM,VALIGN,VPROFILE,VPAVETYP,VSURCOND,VTRAFCON,VTCONT_F,P_CRASH1,P_CRASH2,P_CRASH3,PCRASH4,PCRASH5,ACC_TYPE,DEATHS,DR_DRINK
1.0,10445.0,1.0,1.0,1.0,28.0,7.0,2.0,0.0,1.0,0.0,1.0,0.0,1.0,1.0,12.0,3.0,12003.0,2.0,2003.0,1FAFP45X43F3,1,F,A,F,P,4,5,X,4,3,F,3,0.0,P,FORD,MGT,CV,3.0,17.0,3254.0,nan,0.0,1013.0,,G,nan,F,8,281,,,17R245,,,,,,0.0,0.0,000000000,00000000000,0.0,0.0,0.0,1.0,0.0,0.0,0.0,0.0,0.0,0.0,0.0,999.0,0.0,1.0,5.0,0.0,6.0,2.0,42.0,0.0,0.0,0.0,1.0,1.0,36605.0,6.0,1.0,0.0,0.0,3.0,0.0,74.0,240.0,0.0,1.0,0.0,3.0,0.0,5.0,2010.0,7.0,2011.0,1.0,0.0,0.0,0.0,0.0,1.0,2.0,45.0,1.0,1.0,2.0,1.0,0.0,0.0,1.0,12.0,1.0,4.0,4.0,7.0,1.0,1.0
1.0,10446.0,1.0,1.0,1.0,28.0,7.0,20.0,35.0,1.0,0.0,1.0,0.0,1.0,2.0,72.0,706.0,72706.0,80.0,2006.0,1HD1FCW126Y6,1,H,D,1,F,C,W,1,2,6,Y,6,0.0,M,HD,FLU,RS,6.0,17.0,nan,nan,nan,nan,,,1450.0,,2,,4,788,,,,,,,0.0,0.0,000000000,00000000000,0.0,0.0,0.0,1.0,0.0,0.0,0.0,0.0,0.0,0.0,0.0,60.0,0.0,0.0,0.0,0.0,6.0,2.0,1.0,0.0,0.0,0.0,1.0,1.0,36093.0,1.0,1.0,0.0,0.0,2.0,0.0,72.0,250.0,3.0,1.0,1.0,1.0,0.0,1.0,2010.0,5.0,2012.0,1.0,0.0,0.0,0.0,0.0,1.0,2.0,35.0,3.0,6.0,2.0,1.0,0.0,0.0,14.0,13.0,6.0,1.0,6.0,98.0,1.0,1.0
1.0,10447.0,1.0,2.0,1.0,30.0,7.0,12.0,5.0,12.0,6.0,1.0,0.0,0.0,0.0,37.0,739.0,37739.0,90.0,9999.0,000000000000,0,0,0,0,0,0,0,0,0,0,0,0,0.0,,,,,nan,nan,nan,nan,nan,nan,,,nan,,,,,,,,,,,,0.0,0.0,000000000,00000000000,0.0,0.0,0.0,1.0,0.0,0.0,0.0,0.0,0.0,0.0,0.0,5.0,0.0,0.0,0.0,12.0,6.0,2.0,12.0,0.0,0.0,0.0,1.0,1.0,36022.0,0.0,0.0,0.0,0.0,1.0,0.0,72.0,170.0,0.0,0.0,0.0,0.0,0.0,0.0,0.0,0.0,0.0,0.0,0.0,0.0,0.0,0.0,0.0,0.0,0.0,0.0,0.0,0.0,0.0,0.0,0.0,1.0,17.0,1.0,1.0,1.0,86.0,1.0,0.0
1.0,10447.0,2.0,2.0,1.0,30.0,7.0,12.0,5.0,12.0,6.0,1.0,0.0,1.0,3.0,85.0,881.0,85881.0,66.0,2012.0,1XKWD49X1CJ2,1,X,K,W,D,4,9,X,1,C,J,2,1.0,T,KW,W90,TR,12.0,17.0,nan,8.0,2850.0,1600.0,CON,D,nan,,6,915,,,,,00000,00,,64,1.0,57.0,533871,57533871,3.0,6.0,4.0,1.0,0.0,0.0,0.0,0.0,0.0,0.0,0.0,50.0,0.0,0.0,0.0,3.0,2.0,1.0,12.0,0.0,0.0,0.0,1.0,1.0,36092.0,6.0,1.0,6.0,0.0,3.0,0.0,68.0,203.0,1.0,0.0,0.0,0.0,3.0,2.0,2010.0,5.0,2012.0,0.0,0.0,0.0,0.0,0.0,1.0,2.0,55.0,3.0,1.0,2.0,1.0,0.0,0.0,14.0,71.0,6.0,1.0,1.0,87.0,0.0,0.0
1.0,10448.0,1.0,1.0,1.0,31.0,7.0,19.0,36.0,1.0,0.0,1.0,0.0,1.0,1.0,12.0,401.0,12401.0,14.0,1996.0,1FMDU32X0TUD,1,F,M,D,U,3,2,X,0,T,U,D,0.0,P,FORD,EPR,UT,96.0,17.0,3952.0,nan,0.0,1115.0,,G,nan,F,6,245,,,15R225,,,,,,0.0,0.0,000000000,00000000000,0.0,0.0,0.0,1.0,0.0,0.0,0.0,0.0,0.0,0.0,0.0,50.0,0.0,1.0,1.0,0.0,6.0,2.0,1.0,0.0,0.0,0.0,1.0,1.0,36280.0,6.0,1.0,0.0,0.0,3.0,0.0,67.0,135.0,0.0,0.0,0.0,0.0,0.0,0.0,0.0,0.0,0.0,0.0,58.0,0.0,0.0,0.0,1.0,2.0,40.0,3.0,6.0,2.0,1.0,0.0,0.0,14.0,13.0,6.0,4.0,6.0,98.0,1.0,0.0
1.0,10449.0,1.0,1.0,1.0,2.0,8.0,4.0,40.0,1.0,0.0,1.0,0.0,1.0,1.0,72.0,706.0,72706.0,80.0,2002.0,1HD1FMW152Y6,1,H,D,1,F,M,W,1,5,2,Y,6,0.0,M,HD,TPI,RS,2.0,17.0,nan,nan,nan,nan,,,1450.0,,2,,4,999,,,,,,,0.0,0.0,000000000,00000000000,0.0,0.0,0.0,1.0,0.0,0.0,0.0,0.0,0.0,0.0,0.0,55.0,0.0,0.0,0.0,0.0,6.0,2.0,1.0,0.0,0.0,0.0,1.0,1.0,35646.0,6.0,1.0,0.0,0.0,3.0,0.0,77.0,280.0,0.0,0.0,0.0,0.0,0.0,0.0,0.0,0.0,0.0,0.0,0.0,0.0,0.0,0.0,1.0,2.0,55.0,1.0,5.0,2.0,1.0,0.0,0.0,1.0,1.0,1.0,1.0,1.0,98.0,1.0,0.0
1.0,10450.0,1.0,1.0,1.0,3.0,8.0,14.0,45.0,42.0,0.0,1.0,0.0,12.0,1.0,20.0,481.0,20481.0,31.0,2006.0,1GCHC23216F1,1,G,C,H,C,2,3,2,1,6,F,1,0.0,T,CHEV,2CH,CW,6.0,17.0,nan,2.0,1670.0,1530.0,SIL,D,nan,,8,403,,,,C,5594,02,,42,0.0,0.0,000000000,00000000000,0.0,0.0,0.0,1.0,0.0,0.0,0.0,0.0,0.0,0.0,0.0,75.0,0.0,0.0,0.0,11.0,6.0,2.0,42.0,0.0,0.0,0.0,1.0,1.0,36426.0,6.0,1.0,6.0,0.0,3.0,1.0,71.0,240.0,0.0,0.0,0.0,1.0,0.0,8.0,2010.0,8.0,2010.0,1.0,0.0,0.0,0.0,0.0,1.0,2.0,40.0,2.0,5.0,2.0,2.0,0.0,0.0,14.0,6.0,7.0,3.0,4.0,7.0,1.0,1.0
1.0,10451.0,1.0,2.0,2.0,4.0,8.0,9.0,10.0,12.0,2.0,1.0,0.0,1.0,1.0,18.0,7.0,18007.0,4.0,1987.0,1G4AH51R5HT4,1,G,4,A,H,5,1,R,5,H,T,4,0.0,P,BUIC,CCU,4D,87.0,17.0,2696.0,nan,0.0,1049.0,,G,nan,F,4,151,,,14R185,,,,,,0.0,0.0,000000000,00000000000,0.0,0.0,0.0,1.0,0.0,0.0,0.0,0.0,0.0,0.0,0.0,65.0,0.0,0.0,0.0,12.0,6.0,2.0,12.0,0.0,0.0,0.0,1.0,1.0,35504.0,6.0,1.0,0.0,0.0,3.0,0.0,69.0,145.0,0.0,0.0,0.0,0.0,0.0,0.0,0.0,0.0,0.0,0.0,0.0,0.0,0.0,0.0,1.0,2.0,55.0,2.0,6.0,2.0,1.0,0.0,0.0,14.0,10.0,1.0,1.0,2.0,50.0,1.0,0.0
1.0,10451.0,2.0,2.0,2.0,4.0,8.0,9.0,10.0,12.0,2.0,1.0,0.0,1.0,1.0,23.0,481.0,23481.0,31.0,2005.0,1GTEC14X95Z2,1,G,T,E,C,1,4,X,9,5,Z,2,0.0,T,GMC,NC1,PK,5.0,17.0,nan,2.0,1330.0,1190.0,SIE,G,nan,,6,262,,,,B,4225,01,4,42,0.0,0.0,000000000,00000000000,0.0,0.0,0.0,1.0,0.0,0.0,0.0,0.0,0.0,0.0,0.0,50.0,0.0,0.0,0.0,12.0,6.0,2.0,12.0,0.0,0.0,0.0,1.0,1.0,35504.0,6.0,1.0,0.0,0.0,3.0,1.0,70.0,180.0,0.0,0.0,0.0,0.0,0.0,0.0,0.0,0.0,0.0,0.0,0.0,0.0,0.0,0.0,1.0,2.0,55.0,3.0,5.0,2.0,1.0,0.0,0.0,14.0,62.0,1.0,1.0,1.0,51.0,0.0,0.0
1.0,10452.0,1.0,1.0,2.0,8.0,8.0,11.0,20.0,42.0,0.0,1.0,0.0,1.0,2.0,12.0,401.0,12401.0,14.0,2002.0,1FMZU73E92UA,1,F,M,Z,U,7,3,E,9,2,U,A,0.0,P,FORD,EPR,UT,2.0,17.0,4378.0,nan,0.0,1137.0,,G,nan,F,6,245,,,16R235,,,,,,0.0,0.0,000000000,00000000000,0.0,0.0,0.0,1.0,0.0,0.0,0.0,0.0,0.0,0.0,0.0,999.0,0.0,1.0,5.0,11.0,6.0,2.0,42.0,0.0,0.0,0.0,1.0,1.0,36801.0,6.0,1.0,0.0,0.0,3.0,0.0,66.0,127.0,0.0,0.0,0.0,0.0,0.0,0.0,0.0,0.0,0.0,0.0,0.0,0.0,0.0,0.0,2.0,2.0,70.0,1.0,1.0,2.0,1.0,0.0,0.0,1.0,9.0,1.0,3.0,4.0,2.0,1.0,0.0
1.0,10453.0,1.0,2.0,2.0,10.0,8.0,10.0,17.0,12.0,6.0,1.0,0.0,12.0,1.0,2.0,404.0,2404.0,14.0,1995.0,1J4GZ58SXSC6,1,J,4,G,Z,5,8,S,X,S,C,6,0.0,T,JEEP,LRO,4W,95.0,17.0,nan,1.0,0.0,1059.0,GCK,G,nan,,6,242,,,,,3552,00,M,44,0.0,0.0,000000000,00000000000,0.0,0.0,0.0,1.0,0.0,0.0,0.0,0.0,0.0,0.0,0.0,20.0,0.0,0.0,0.0,9.0,6.0,2.0,12.0,0.0,0.0,0.0,1.0,12.0,32404.0,6.0,1.0,0.0,0.0,3.0,1.0,65.0,999.0,0.0,0.0,0.0,0.0,0.0,0.0,0.0,0.0,0.0,0.0,0.0,0.0,0.0,0.0,1.0,2.0,55.0,3.0,5.0,2.0,2.0,0.0,0.0,12.0,98.0,1.0,1.0,7.0,98.0,1.0,0.0
1.0,10453.0,2.0,2.0,1.0,10.0,8.0,10.0,17.0,12.0,6.0,1.0,0.0,12.0,3.0,87.0,881.0,87881.0,66.0,2000.0,1XP5DB9X9YN5,1,X,P,5,D,B,9,X,9,Y,N,5,1.0,T,PTRB,379,TR,0.0,17.0,nan,8.0,0.0,0.0,CON,D,nan,,6,893,,,,,00000,00,,64,1.0,57.0,1726156,571726156,3.0,6.0,10.0,1.0,0.0,0.0,0.0,0.0,0.0,0.0,0.0,50.0,0.0,0.0,0.0,12.0,4.0,1.0,12.0,0.0,0.0,0.0,1.0,12.0,32060.0,6.0,1.0,6.0,0.0,3.0,1.0,74.0,999.0,0.0,0.0,0.0,0.0,0.0,0.0,0.0,0.0,0.0,0.0,0.0,0.0,0.0,0.0,1.0,2.0,55.0,3.0,5.0,2.0,2.0,0.0,0.0,14.0,61.0,2.0,1.0,1.0,98.0,0.0,0.0
1.0,10454.0,1.0,1.0,1.0,21.0,7.0,23.0,1.0,8.0,0.0,1.0,1.0,99.0,9.0,99.0,999.0,99999.0,99.0,9999.0,999999999999,9,9,9,9,9,9,9,9,9,9,9,9,0.0,,,,,nan,nan,nan,nan,nan,nan,,,nan,,,,,,,,,,,,0.0,0.0,000000000,00000000000,0.0,0.0,0.0,1.0,0.0,0.0,0.0,0.0,0.0,0.0,0.0,999.0,0.0,0.0,0.0,12.0,2.0,1.0,8.0,0.0,0.0,0.0,1.0,99.0,99999.0,9.0,9.0,99.0,9.0,9.0,9.0,999.0,999.0,99.0,99.0,99.0,99.0,99.0,99.0,9999.0,99.0,9999.0,9.0,99.0,99.0,99.0,99.0,1.0,2.0,35.0,1.0,1.0,2.0,1.0,0.0,0.0,1.0,83.0,99.0,1.0,1.0,13.0,0.0,0.0
1.0,10455.0,1.0,2.0,1.0,21.0,7.0,17.0,30.0,12.0,2.0,1.0,0.0,1.0,1.0,20.0,461.0,20461.0,21.0,1989.0,1GBEG25H7K71,1,G,B,E,G,2,5,H,7,K,7,1,0.0,T,CHEV,SV2,CG,89.0,17.0,nan,2.0,1250.0,1100.0,S/V,G,nan,,8,305,,,,C,3941,16,,42,0.0,0.0,000000000,00000000000,0.0,0.0,0.0,1.0,0.0,0.0,0.0,0.0,0.0,0.0,0.0,55.0,0.0,0.0,0.0,12.0,6.0,2.0,12.0,0.0,0.0,0.0,1.0,1.0,36756.0,6.0,1.0,0.0,0.0,3.0,1.0,67.0,180.0,0.0,0.0,0.0,0.0,0.0,0.0,0.0,0.0,0.0,0.0,51.0,0.0,0.0,0.0,1.0,2.0,45.0,1.0,6.0,2.0,1.0,0.0,0.0,1.0,54.0,1.0,1.0,1.0,52.0,0.0,1.0
1.0,10455.0,2.0,2.0,6.0,21.0,7.0,17.0,30.0,12.0,2.0,1.0,0.0,1.0,1.0,12.0,23.0,12023.0,4.0,2010.0,3FAHP0KC8AR1,3,F,A,H,P,0,K,C,8,A,R,1,0.0,P,FORD,FPF,4D,10.0,17.0,3591.0,nan,0.0,1074.0,,G,nan,F,6,214,,,18R225,,,,,,0.0,0.0,000000000,00000000000,0.0,0.0,0.0,1.0,0.0,0.0,0.0,0.0,0.0,0.0,0.0,35.0,0.0,0.0,0.0,12.0,6.0,2.0,12.0,0.0,0.0,0.0,1.0,1.0,36756.0,6.0,1.0,0.0,0.0,3.0,1.0,65.0,190.0,0.0,0.0,0.0,0.0,0.0,0.0,0.0,0.0,0.0,0.0,0.0,0.0,0.0,0.0,1.0,2.0,45.0,1.0,5.0,2.0,1.0,0.0,0.0,1.0,54.0,6.0,1.0,1.0,52.0,2.0,0.0
1.0,10456.0,1.0,2.0,2.0,26.0,7.0,14.0,0.0,12.0,1.0,1.0,0.0,13.0,1.0,37.0,706.0,37706.0,80.0,2009.0,1HFSC47H59A8,1,H,F,S,C,4,7,H,5,9,A,8,0.0,M,HOND,GL8,RS,9.0,17.0,nan,nan,nan,nan,,,1832.0,,6,,4,895,,,,,,,0.0,0.0,000000000,00000000000,0.0,0.0,0.0,1.0,0.0,0.0,0.0,0.0,0.0,0.0,0.0,55.0,0.0,0.0,0.0,12.0,6.0,2.0,1.0,0.0,0.0,0.0,1.0,13.0,30052.0,6.0,1.0,6.0,0.0,3.0,0.0,73.0,290.0,98.0,0.0,0.0,1.0,0.0,4.0,2011.0,4.0,2011.0,0.0,26.0,0.0,0.0,0.0,3.0,2.0,55.0,1.0,1.0,2.0,1.0,40.0,3.0,1.0,52.0,1.0,1.0,1.0,28.0,2.0,0.0
1.0,10456.0,2.0,2.0,2.0,26.0,7.0,14.0,0.0,12.0,1.0,1.0,0.0,47.0,3.0,20.0,881.0,20881.0,61.0,2011.0,1GB4KZCL4BF1,1,G,B,4,K,Z,C,L,4,B,F,1,0.0,T,CHEV,SK3,CH,11.0,17.0,nan,3.0,0.0,1715.0,SIL,D,nan,,8,403,,,,D,7526,02,,44,0.0,88.0,888888888,88888888888,2.0,1.0,1.0,1.0,0.0,0.0,0.0,0.0,0.0,0.0,0.0,55.0,0.0,0.0,0.0,6.0,2.0,3.0,12.0,0.0,0.0,0.0,1.0,47.0,38053.0,6.0,1.0,0.0,0.0,3.0,1.0,70.0,270.0,0.0,0.0,0.0,0.0,0.0,0.0,0.0,0.0,0.0,0.0,0.0,0.0,0.0,0.0,3.0,2.0,55.0,1.0,1.0,2.0,1.0,40.0,3.0,2.0,53.0,1.0,1.0,1.0,29.0,0.0,0.0
1.0,10457.0,1.0,1.0,5.0,28.0,7.0,18.0,40.0,34.0,0.0,1.0,0.0,1.0,1.0,12.0,442.0,12442.0,20.0,1996.0,2FMDA5145TBB,2,F,M,D,A,5,1,4,5,T,B,B,0.0,T,FORD,WWG,ES,96.0,17.0,nan,1.0,0.0,1207.0,WIN,G,nan,,6,232,,,,B,3733,00,E,42,0.0,0.0,000000000,00000000000,0.0,0.0,0.0,1.0,0.0,0.0,0.0,0.0,0.0,0.0,0.0,65.0,0.0,1.0,5.0,12.0,6.0,2.0,1.0,0.0,0.0,0.0,1.0,1.0,36312.0,6.0,1.0,0.0,0.0,3.0,0.0,67.0,155.0,1.0,0.0,0.0,0.0,0.0,5.0,2012.0,5.0,2012.0,1.0,0.0,0.0,0.0,0.0,1.0,2.0,45.0,1.0,1.0,2.0,1.0,0.0,0.0,1.0,13.0,6.0,1.0,4.0,1.0,1.0,1.0
1.0,10458.0,1.0,1.0,2.0,4.0,8.0,4.0,35.0,33.0,0.0,1.0,0.0,1.0,1.0,20.0,36.0,20036.0,2.0,2000.0,2G1WW12E4Y92,2,G,1,W,W,1,2,E,4,Y,9,2,0.0,P,CHEV,MLS,CP,0.0,17.0,3340.0,nan,0.0,1075.0,,G,nan,F,6,207,,,16R225,,,,,,0.0,0.0,000000000,00000000000,0.0,0.0,0.0,1.0,0.0,0.0,0.0,0.0,0.0,0.0,0.0,998.0,0.0,0.0,0.0,12.0,6.0,2.0,30.0,0.0,0.0,0.0,1.0,1.0,35215.0,6.0,1.0,0.0,0.0,3.0,0.0,64.0,200.0,0.0,1.0,0.0,0.0,1.0,8.0,2009.0,6.0,2010.0,0.0,0.0,0.0,0.0,0.0,5.0,6.0,35.0,1.0,1.0,2.0,1.0,0.0,0.0,1.0,13.0,1.0,1.0,4.0,1.0,1.0,1.0
1.0,10459.0,1.0,2.0,1.0,3.0,8.0,22.0,20.0,12.0,2.0,1.0,0.0,1.0,2.0,20.0,441.0,20441.0,20.0,1991.0,1GNDM15Z4MB1,1,G,N,D,M,1,5,Z,4,M,B,1,0.0,P,CHEV,AST,SV,91.0,17.0,3362.0,nan,0.0,1110.0,,G,nan,F,6,262,,,15R205,,,,,,0.0,0.0,000000000,00000000000,0.0,0.0,0.0,1.0,0.0,0.0,0.0,0.0,0.0,0.0,0.0,55.0,0.0,0.0,0.0,12.0,6.0,2.0,12.0,0.0,0.0,0.0,1.0,1.0,36501.0,6.0,1.0,0.0,0.0,3.0,0.0,66.0,165.0,1.0,1.0,0.0,0.0,1.0,10.0,2010.0,6.0,2012.0,0.0,89.0,28.0,0.0,0.0,1.0,2.0,45.0,1.0,1.0,2.0,2.0,0.0,0.0,1.0,10.0,1.0,1.0,2.0,50.0,1.0,0.0
1.0,10459.0,2.0,2.0,1.0,3.0,8.0,22.0,20.0,12.0,2.0,1.0,0.0,1.0,2.0,12.0,401.0,12401.0,14.0,2002.0,1FMYU60E82UB,1,F,M,Y,U,6,0,E,8,2,U,B,0.0,P,FORD,EPR,UT,2.0,17.0,3860.0,nan,0.0,1018.0,,G,nan,F,6,245,,,16R235,,,,,,0.0,0.0,000000000,00000000000,0.0,0.0,0.0,1.0,0.0,0.0,0.0,0.0,0.0,0.0,0.0,45.0,0.0,1.0,5.0,12.0,6.0,2.0,12.0,0.0,0.0,0.0,1.0,1.0,36502.0,0.0,0.0,0.0,0.0,0.0,0.0,999.0,999.0,0.0,0.0,0.0,0.0,0.0,0.0,0.0,0.0,0.0,0.0,0.0,0.0,0.0,0.0,1.0,2.0,45.0,1.0,1.0,2.0,2.0,0.0,0.0,1.0,62.0,1.0,1.0,1.0,51.0,0.0,0.0
1.0,10460.0,1.0,2.0,2.0,3.0,8.0,9.0,55.0,12.0,6.0,1.0,0.0,1.0,1.0,18.0,7.0,18007.0,4.0,2005.0,2G4WS52J3511,2,G,4,W,S,5,2,J,3,5,1,1,0.0,P,BUIC,CCU,4D,5.0,17.0,3342.0,nan,0.0,1090.0,,G,nan,F,6,189,,,15R205,,,,,,0.0,0.0,000000000,00000000000,0.0,0.0,0.0,1.0,0.0,0.0,0.0,0.0,0.0,0.0,0.0,999.0,0.0,0.0,0.0,9.0,6.0,2.0,12.0,0.0,0.0,0.0,1.0,1.0,36323.0,6.0,1.0,0.0,0.0,3.0,0.0,71.0,185.0,0.0,2.0,0.0,2.0,0.0,6.0,2010.0,1.0,2012.0,0.0,39.0,0.0,0.0,0.0,1.0,2.0,45.0,1.0,1.0,2.0,1.0,20.0,3.0,1.0,17.0,1.0,1.0,1.0,89.0,1.0,1.0
1.0,10460.0,2.0,2.0,1.0,3.0,8.0,9.0,55.0,12.0,6.0,1.0,0.0,1.0,2.0,6.0,43.0,6043.0,4.0,2009.0,1C3LC46B29N5,1,C,3,L,C,4,6,B,2,9,N,5,0.0,P,CHRY,SLX,4D,9.0,17.0,3287.0,nan,0.0,1089.0,,G,nan,F,4,146,,,16R215,,,,,,0.0,0.0,000000000,00000000000,0.0,0.0,0.0,1.0,0.0,0.0,0.0,0.0,0.0,0.0,0.0,60.0,0.0,0.0,0.0,12.0,6.0,2.0,12.0,0.0,0.0,0.0,1.0,1.0,36330.0,6.0,1.0,0.0,0.0,3.0,0.0,69.0,135.0,0.0,2.0,0.0,0.0,1.0,12.0,2010.0,5.0,2011.0,0.0,0.0,0.0,0.0,0.0,1.0,2.0,55.0,1.0,6.0,2.0,1.0,0.0,0.0,1.0,66.0,1.0,1.0,1.0,88.0,0.0,0.0
1.0,10461.0,1.0,2.0,3.0,5.0,8.0,22.0,56.0,8.0,0.0,1.0,0.0,1.0,1.0,49.0,401.0,49401.0,14.0,2003.0,JTEZU17R8300,J,T,E,Z,U,1,7,R,8,3,0,0,0.0,P,TOYT,RUN,UT,3.0,17.0,4035.0,nan,0.0,1098.0,,G,nan,F,6,244,,,17R265,,,,,,0.0,0.0,000000000,00000000000,0.0,0.0,0.0,1.0,0.0,0.0,0.0,0.0,0.0,0.0,0.0,45.0,0.0,0.0,0.0,12.0,6.0,2.0,8.0,0.0,0.0,0.0,1.0,1.0,35806.0,6.0,1.0,0.0,0.0,3.0,0.0,71.0,275.0,0.0,0.0,0.0,1.0,0.0,8.0,2011.0,8.0,2011.0,0.0,0.0,0.0,0.0,0.0,2.0,2.0,50.0,1.0,5.0,2.0,1.0,0.0,0.0,1.0,80.0,1.0,1.0,1.0,13.0,0.0,0.0
1.0,10461.0,2.0,2.0,1.0,5.0,8.0,22.0,56.0,8.0,0.0,1.0,0.0,1.0,1.0,35.0,402.0,35402.0,14.0,2001.0,5N1ED28TX1C5,5,N,1,E,D,2,8,T,X,1,C,5,0.0,P,NISS,XTR,UT,1.0,17.0,3546.0,nan,0.0,1043.0,,G,nan,F,6,201,,,15R235,,,,,,0.0,0.0,000000000,00000000000,0.0,0.0,0.0,1.0,0.0,0.0,0.0,0.0,0.0,0.0,0.0,45.0,0.0,0.0,0.0,14.0,2.0,1.0,8.0,0.0,0.0,0.0,1.0,1.0,35406.0,6.0,1.0,0.0,0.0,3.0,0.0,66.0,250.0,3.0,0.0,0.0,0.0,0.0,2.0,2010.0,10.0,2010.0,0.0,0.0,0.0,0.0,0.0,2.0,2.0,50.0,1.0,1.0,2.0,1.0,0.0,0.0,1.0,80.0,1.0,1.0,1.0,98.0,0.0,0.0
1.0,10462.0,1.0,1.0,2.0,5.0,8.0,19.0,22.0,1.0,0.0,1.0,0.0,92.0,0.0,20.0,403.0,20403.0,14.0,2003.0,1GNDS13S6321,1,G,N,D,S,1,3,S,6,3,2,1,0.0,P,CHEV,TRL,UT,3.0,17.0,4417.0,nan,0.0,1130.0,,G,nan,F,6,256,,,16R245,,,,,,0.0,0.0,000000000,00000000000,0.0,0.0,0.0,1.0,0.0,0.0,0.0,0.0,0.0,0.0,0.0,80.0,0.0,1.0,5.0,0.0,6.0,2.0,1.0,0.0,0.0,0.0,1.0,1.0,36432.0,0.0,0.0,0.0,0.0,0.0,0.0,999.0,999.0,0.0,1.0,0.0,0.0,0.0,7.0,2010.0,7.0,2010.0,1.0,58.0,0.0,0.0,0.0,1.0,2.0,55.0,3.0,6.0,2.0,2.0,0.0,0.0,14.0,13.0,6.0,4.0,4.0,7.0,1.0,1.0
1.0,10463.0,1.0,1.0,1.0,5.0,8.0,0.0,1.0,32.0,0.0,1.0,0.0,1.0,2.0,7.0,482.0,7482.0,31.0,2004.0,1D7HA18N24S6,1,D,7,H,A,1,8,N,2,4,S,6,0.0,T,DODG,SQ1,CW,4.0,17.0,nan,2.0,1605.0,1405.0,RPC,G,nan,,8,287,,,,B,4820,01,E,42,0.0,0.0,000000000,00000000000,0.0,0.0,0.0,1.0,0.0,0.0,0.0,0.0,0.0,0.0,0.0,50.0,0.0,0.0,0.0,12.0,6.0,2.0,42.0,0.0,0.0,0.0,1.0,1.0,36535.0,0.0,0.0,0.0,0.0,0.0,0.0,999.0,999.0,0.0,0.0,0.0,0.0,0.0,0.0,0.0,0.0,0.0,0.0,0.0,0.0,0.0,0.0,1.0,2.0,55.0,1.0,1.0,2.0,1.0,0.0,0.0,1.0,12.0,1.0,1.0,4.0,6.0,1.0,1.0
1.0,10464.0,1.0,3.0,2.0,5.0,8.0,12.0,5.0,12.0,1.0,1.0,0.0,1.0,1.0,13.0,1.0,13001.0,4.0,2001.0,1LNHM82W91Y6,1,L,N,H,M,8,2,W,9,1,Y,6,0.0,P,LINC,SIG,4D,1.0,17.0,4070.0,nan,0.0,1177.0,,G,nan,F,8,281,,,16R225,,,,,,0.0,0.0,000000000,00000000000,0.0,0.0,0.0,1.0,0.0,0.0,0.0,0.0,0.0,0.0,0.0,50.0,0.0,0.0,0.0,12.0,6.0,2.0,12.0,0.0,0.0,0.0,1.0,1.0,36047.0,6.0,1.0,0.0,0.0,3.0,0.0,66.0,155.0,0.0,0.0,0.0,0.0,0.0,0.0,0.0,0.0,0.0,0.0,26.0,0.0,0.0,0.0,1.0,2.0,55.0,1.0,1.0,2.0,1.0,0.0,0.0,1.0,52.0,1.0,1.0,1.0,28.0,1.0,0.0