STATE,ST_CASE,VEH_NO,VE_FORMS,NUMOCCS,DAY,MONTH,HOUR,MINUTE,HARM_EV,MAN_COLL,UNITTYPE,HIT_RUN,REG_STAT,OWNER,MAKE,MODEL,MAK_MOD,BODY_TYP,MOD_YEAR,VIN,VIN_1,VIN_2,VIN_3,VIN_4,VIN_5,VIN_6,VIN_7,VIN_8,VIN_9,VIN_10,VIN_11,VIN_12,TOW_VEH,VINTYPE,VINMAKE,VINA_MOD,VIN_BT,VINMODYR,VIN_LNGT,VIN_WGT,WGTCD_TR,WHLBS_LG,WHLBS_SH,SER_TR,FUELCODE,MCYCL_DS,CARBUR,CYLINDER,DISPLACE,MCYCL_CY,MCYCL_WT,TIRE_SZE,TON_RAT,TRK_WT,TRKWTVAR,VIN_REST,WHLDRWHL,J_KNIFE,MCARR_I1,MCARR_I2,MCARR_ID,GVWR,V_CONFIG,CARGO_BT,HAZ_INV,HAZ_PLAC,HAZ_ID,HAZ_CNO,HAZ_REL,BUS_USE,SPEC_USE,EMER_USE,TRAV_SP,UNDERIDE,ROLLOVER,ROLINLOC,IMPACT1,DEFORMED,TOWED,M_HARM,VEH_SC1,VEH_SC2,FIRE_EXP,DR_PRES,L_STATE,DR_ZIP,L_STATUS,L_TYPE,CDL_STAT,L_ENDORS,L_COMPL,L_RESTRI,DR_HGT,DR_WGT,PREV_ACC,PREV_SUS,PREV_DWI,PREV_SPD,PREV_OTH,FIRST_MO,FIRST_YR,LAST_MO,LAST_YR,SPEEDREL,DR_SF1,DR_SF2,DR_SF3,DR_SF4,VTRAFWAY,VNUM_LAN,VSPD_LIM,VALIGN,VPROFILE,VPAVETYP,VSURCOND,VTRAFCON,VTCONT_F,P_CRASH1,P_CRASH2,P_CRASH3,PCRASH4,PCRASH5,ACC_TYPE,DEATHS,DR_DRINK
1.0,10500.0,1.0,2.0,1.0,28.0,8.0,9.0,50.0,12.0,2.0,1.0,0.0,22.0,1.0,12.0,880.0,12880.0,67.0,2001.0,1FTWW32F51EC,1,F,T,W,W,3,2,F,5,1,E,C,1.0,T,FORD,F3D,CW,1.0,17.0,nan,3.0,1720.0,1560.0,DRW,D,nan,,8,444,,,,D,5952,08,E,42,1.0,57.0,2249991,572249991,2.0,4.0,3.0,1.0,0.0,0.0,0.0,0.0,0.0,0.0,0.0,70.0,0.0,0.0,0.0,12.0,6.0,2.0,12.0,0.0,0.0,0.0,1.0,22.0,70433.0,6.0,1.0,0.0,0.0,3.0,0.0,80.0,250.0,0.0,1.0,0.0,0.0,0.0,11.0,2009.0,11.0,2009.0,1.0,0.0,0.0,0.0,0.0,2.0,4.0,70.0,1.0,1.0,2.0,2.0,0.0,0.0,1.0,6.0,1.0,1.0,6.0,50.0,1.0,0.0
1.0,10500.0,2.0,2.0,1.0,28.0,8.0,9.0,50.0,12.0,2.0,1.0,0.0,47.0,3.0,51.0,881.0,51881.0,66.0,2012.0,4V4NC9EH6CN5,4,V,4,N,C,9,E,H,6,C,N,5,1.0,T,VOLV,VNL,TR,12.0,17.0,nan,8.0,0.0,0.0,VVN,D,nan,,6,793,,,,,00000,00,,64,1.0,57.0,041211,57041211,3.0,6.0,2.0,1.0,0.0,0.0,0.0,0.0,0.0,0.0,0.0,64.0,0.0,1.0,5.0,12.0,6.0,2.0,12.0,0.0,0.0,0.0,1.0,47.0,37327.0,6.0,1.0,6.0,0.0,3.0,1.0,73.0,180.0,0.0,0.0,0.0,0.0,0.0,0.0,0.0,0.0,0.0,0.0,0.0,0.0,0.0,0.0,2.0,2.0,70.0,1.0,1.0,2.0,2.0,0.0,0.0,1.0,62.0,1.0,1.0,1.0,51.0,0.0,0.0
1.0,10501.0,1.0,2.0,1.0,28.0,8.0,7.0,20.0,12.0,2.0,1.0,0.0,1.0,2.0,37.0,32.0,37032.0,4.0,1997.0,1HGCD5639VA2,1,H,G,C,D,5,6,3,9,V,A,2,0.0,P,HOND,ULE,4D,97.0,17.0,2864.0,nan,0.0,1069.0,,G,nan,F,4,132,,,15R185,,,,,,0.0,0.0,000000000,00000000000,0.0,0.0,0.0,1.0,0.0,0.0,0.0,0.0,0.0,0.0,0.0,55.0,0.0,0.0,0.0,12.0,6.0,2.0,12.0,0.0,0.0,0.0,1.0,1.0,36272.0,6.0,1.0,0.0,0.0,3.0,0.0,70.0,164.0,0.0,0.0,0.0,1.0,0.0,2.0,2010.0,2.0,2010.0,0.0,0.0,0.0,0.0,0.0,1.0,2.0,55.0,1.0,1.0,2.0,1.0,0.0,0.0,1.0,10.0,1.0,1.0,2.0,50.0,1.0,0.0
1.0,10501.0,2.0,2.0,1.0,28.0,8.0,7.0,20.0,12.0,2.0,1.0,0.0,1.0,1.0,82.0,881.0,82881.0,66.0,1996.0,1FUYDZYB7TH8,1,F,U,Y,D,Z,Y,B,7,T,H,8,1.0,T,FRHT,FLD,TR,96.0,17.0,nan,8.0,0.0,0.0,CON,D,nan,,6,774,,,,,00000,00,,64,1.0,57.0,2086543,572086543,3.0,6.0,10.0,1.0,0.0,0.0,0.0,0.0,0.0,0.0,0.0,55.0,0.0,0.0,0.0,12.0,6.0,2.0,12.0,0.0,0.0,0.0,1.0,1.0,36272.0,6.0,1.0,6.0,0.0,3.0,0.0,68.0,170.0,0.0,0.0,0.0,0.0,1.0,11.0,2010.0,11.0,2010.0,0.0,0.0,0.0,0.0,0.0,1.0,2.0,55.0,1.0,1.0,2.0,1.0,0.0,0.0,1.0,62.0,1.0,1.0,1.0,51.0,0.0,0.0
1.0,10502.0,1.0,3.0,2.0,30.0,8.0,15.0,50.0,12.0,6.0,1.0,0.0,1.0,1.0,18.0,2.0,18002.0,4.0,1992.0,1G4HP53L4NH4,1,G,4,H,P,5,3,L,4,N,H,4,0.0,P,BUIC,LCF,4D,92.0,17.0,3417.0,nan,0.0,1108.0,,G,nan,F,6,231,,,15R205,,,,,,0.0,0.0,000000000,00000000000,0.0,0.0,0.0,1.0,0.0,0.0,0.0,0.0,0.0,0.0,0.0,10.0,0.0,0.0,0.0,11.0,6.0,2.0,12.0,0.0,0.0,0.0,1.0,1.0,36206.0,6.0,1.0,0.0,0.0,3.0,0.0,70.0,161.0,0.0,0.0,0.0,0.0,0.0,0.0,0.0,0.0,0.0,0.0,38.0,0.0,0.0,0.0,1.0,2.0,30.0,1.0,5.0,2.0,1.0,20.0,3.0,11.0,15.0,1.0,1.0,1.0,82.0,1.0,0.0
1.0,10502.0,2.0,3.0,1.0,30.0,8.0,15.0,50.0,12.0,6.0,1.0,0.0,1.0,1.0,20.0,481.0,20481.0,31.0,1995.0,2GCEC19H9S12,2,G,C,E,C,1,9,H,9,S,1,2,0.0,T,CHEV,GC1,PC,95.0,17.0,nan,2.0,1555.0,1415.0,GM4,G,nan,,8,305,,,,B,4071,02,,42,0.0,0.0,000000000,00000000000,0.0,0.0,0.0,1.0,0.0,0.0,0.0,0.0,0.0,0.0,0.0,65.0,0.0,0.0,0.0,12.0,6.0,2.0,12.0,0.0,0.0,0.0,1.0,1.0,36279.0,6.0,1.0,0.0,0.0,3.0,0.0,74.0,225.0,0.0,0.0,1.0,0.0,0.0,11.0,2009.0,11.0,2009.0,0.0,0.0,0.0,0.0,0.0,2.0,2.0,65.0,1.0,5.0,2.0,1.0,0.0,0.0,1.0,67.0,6.0,1.0,1.0,83.0,0.0,0.0
1.0,10502.0,3.0,3.0,1.0,30.0,8.0,15.0,50.0,12.0,6.0,1.0,0.0,1.0,1.0,24.0,3.0,24003.0,6.0,1998.0,1G8ZK8272WZ3,1,G,8,Z,K,8,2,7,2,W,Z,3,0.0,P,STRN,SW2,SW,98.0,17.0,2482.0,nan,0.0,1024.0,,G,nan,F,4,116,,,15R185,,,,,,0.0,0.0,000000000,00000000000,0.0,0.0,0.0,1.0,0.0,0.0,0.0,0.0,0.0,0.0,0.0,65.0,0.0,0.0,0.0,12.0,6.0,2.0,12.0,0.0,0.0,0.0,1.0,1.0,35905.0,6.0,1.0,0.0,0.0,3.0,1.0,71.0,220.0,0.0,0.0,0.0,0.0,0.0,0.0,0.0,0.0,0.0,0.0,0.0,0.0,0.0,0.0,2.0,2.0,65.0,1.0,5.0,2.0,1.0,0.0,0.0,1.0,67.0,1.0,1.0,1.0,98.0,0.0,0.0
1.0,10503.0,1.0,1.0,3.0,31.0,8.0,16.0,30.0,1.0,0.0,1.0,0.0,1.0,2.0,12.0,3.0,12003.0,1.0,2007.0,1ZVFT84N4752,1,Z,V,F,T,8,4,N,4,7,5,2,0.0,P,FORD,MUS,CV,7.0,17.0,3352.0,nan,0.0,1071.0,,G,nan,F,6,244,,,16R215,,,,,,0.0,0.0,000000000,00000000000,0.0,0.0,0.0,1.0,0.0,0.0,0.0,0.0,0.0,0.0,0.0,50.0,0.0,1.0,1.0,0.0,6.0,2.0,1.0,0.0,0.0,0.0,1.0,1.0,36274.0,6.0,2.0,0.0,0.0,3.0,1.0,72.0,150.0,0.0,0.0,0.0,0.0,0.0,0.0,0.0,0.0,0.0,1.0,58.0,0.0,0.0,0.0,1.0,2.0,35.0,2.0,5.0,5.0,1.0,0.0,0.0,14.0,6.0,6.0,4.0,2.0,98.0,1.0,0.0
1.0,10504.0,1.0,3.0,1.0,31.0,8.0,17.0,25.0,12.0,8.0,1.0,0.0,1.0,1.0,37.0,32.0,37032.0,4.0,1991.0,1HGCB7542MA1,1,H,G,C,B,7,5,4,2,M,A,1,0.0,P,HOND,ADL,4D,91.0,17.0,2392.0,nan,0.0,1071.0,,G,nan,F,4,132,,,14R185,,,,,,0.0,0.0,000000000,00000000000,0.0,0.0,0.0,1.0,0.0,0.0,0.0,0.0,0.0,0.0,0.0,999.0,0.0,0.0,0.0,11.0,6.0,2.0,12.0,0.0,0.0,0.0,1.0,1.0,36116.0,1.0,1.0,1.0,0.0,2.0,0.0,69.0,150.0,0.0,4.0,0.0,0.0,0.0,12.0,2011.0,12.0,2011.0,0.0,51.0,0.0,0.0,0.0,1.0,2.0,55.0,1.0,1.0,2.0,2.0,0.0,0.0,1.0,54.0,1.0,1.0,1.0,66.0,1.0,1.0
1.0,10504.0,2.0,3.0,6.0,31.0,8.0,17.0,25.0,12.0,8.0,1.0,0.0,1.0,1.0,20.0,431.0,20431.0,16.0,2001.0,1GNEC16T81J2,1,G,N,E,C,1,6,T,8,1,J,2,0.0,P,CHEV,C15,UT,1.0,17.0,4914.0,nan,0.0,1300.0,,G,nan,F,8,325,,,16R245,,,,,,0.0,0.0,000000000,00000000000,0.0,0.0,0.0,1.0,0.0,0.0,0.0,0.0,0.0,0.0,0.0,55.0,0.0,0.0,0.0,11.0,6.0,2.0,12.0,0.0,0.0,0.0,1.0,1.0,36054.0,6.0,1.0,6.0,0.0,3.0,0.0,65.0,250.0,0.0,1.0,0.0,1.0,0.0,6.0,2010.0,4.0,2012.0,0.0,0.0,0.0,0.0,0.0,1.0,2.0,55.0,1.0,1.0,2.0,2.0,0.0,0.0,1.0,54.0,7.0,1.0,1.0,66.0,0.0,0.0
1.0,10504.0,3.0,3.0,1.0,31.0,8.0,17.0,25.0,12.0,8.0,1.0,0.0,1.0,1.0,12.0,16.0,12016.0,4.0,1997.0,2FALP73W1VX1,2,F,A,L,P,7,3,W,1,V,X,1,0.0,P,FORD,CVI,4D,97.0,17.0,3776.0,nan,0.0,1144.0,,G,nan,F,8,281,,,15R215,,,,,,0.0,0.0,000000000,00000000000,0.0,0.0,0.0,1.0,0.0,0.0,0.0,0.0,0.0,0.0,0.0,55.0,0.0,0.0,0.0,12.0,6.0,2.0,12.0,0.0,0.0,0.0,1.0,1.0,36481.0,6.0,1.0,0.0,0.0,3.0,0.0,66.0,230.0,0.0,0.0,0.0,0.0,0.0,0.0,0.0,0.0,0.0,0.0,0.0,0.0,0.0,0.0,1.0,2.0,55.0,1.0,1.0,2.0,2.0,0.0,0.0,1.0,54.0,1.0,1.0,1.0,98.0,0.0,0.0
1.0,10505.0,1.0,2.0,2.0,31.0,8.0,23.0,35.0,12.0,2.0,1.0,0.0,13.0,1.0,12.0,481.0,12481.0,31.0,2000.0,1FTRX17W4YNB,1,F,T,R,X,1,7,W,4,Y,N,B,0.0,T,FORD,F15,4C,0.0,17.0,nan,2.0,1571.0,1385.0,COF,G,nan,,8,281,,,,B,4204,05,U,42,0.0,0.0,000000000,00000000000,0.0,0.0,0.0,1.0,0.0,0.0,0.0,0.0,0.0,0.0,0.0,65.0,0.0,0.0,0.0,12.0,6.0,2.0,12.0,0.0,0.0,0.0,1.0,13.0,30062.0,6.0,1.0,0.0,0.0,3.0,1.0,66.0,145.0,98.0,0.0,0.0,0.0,0.0,0.0,0.0,0.0,0.0,0.0,51.0,0.0,0.0,0.0,2.0,2.0,65.0,1.0,5.0,2.0,1.0,0.0,0.0,1.0,54.0,1.0,1.0,1.0,52.0,2.0,1.0
1.0,10505.0,2.0,2.0,1.0,31.0,8.0,23.0,35.0,12.0,2.0,1.0,0.0,1.0,1.0,12.0,481.0,12481.0,31.0,2004.0,1FTPW14554KA,1,F,T,P,W,1,4,5,5,4,K,A,0.0,T,FORD,F1S,CW,4.0,17.0,nan,2.0,1450.0,1260.0,COF,G,nan,,8,330,,,,B,5560,00,U,44,0.0,0.0,000000000,00000000000,0.0,0.0,0.0,1.0,0.0,0.0,0.0,0.0,0.0,0.0,0.0,65.0,0.0,0.0,0.0,12.0,6.0,2.0,12.0,0.0,0.0,0.0,1.0,1.0,35474.0,6.0,1.0,0.0,0.0,3.0,0.0,76.0,265.0,0.0,0.0,0.0,3.0,1.0,10.0,2009.0,8.0,2011.0,0.0,0.0,0.0,0.0,0.0,2.0,2.0,65.0,1.0,6.0,2.0,1.0,0.0,0.0,1.0,54.0,1.0,1.0,1.0,52.0,0.0,0.0
1.0,10506.0,1.0,1.0,2.0,31.0,8.0,23.0,15.0,42.0,0.0,1.0,0.0,1.0,2.0,20.0,401.0,20401.0,14.0,1998.0,1GNCS13W4W22,1,G,N,C,S,1,3,W,4,W,2,2,0.0,P,CHEV,BZR,UT,98.0,17.0,3685.0,nan,0.0,1070.0,,G,nan,F,6,262,,,15R235,,,,,,0.0,0.0,000000000,00000000000,0.0,0.0,0.0,1.0,0.0,0.0,0.0,0.0,0.0,0.0,0.0,70.0,0.0,1.0,5.0,12.0,6.0,2.0,1.0,0.0,0.0,0.0,1.0,1.0,36079.0,0.0,0.0,0.0,0.0,0.0,0.0,72.0,160.0,0.0,0.0,0.0,0.0,0.0,0.0,0.0,0.0,0.0,1.0,0.0,0.0,0.0,0.0,1.0,2.0,45.0,1.0,1.0,2.0,1.0,0.0,0.0,1.0,6.0,6.0,3.0,4.0,7.0,1.0,1.0
1.0,10507.0,1.0,2.0,1.0,17.0,8.0,3.0,17.0,8.0,0.0,1.0,0.0,1.0,1.0,7.0,472.0,7472.0,30.0,2002.0,1B7HL38XX2S7,1,B,7,H,L,3,8,X,X,2,S,7,0.0,T,DODG,DSQ,CW,2.0,17.0,nan,2.0,0.0,1309.0,DAK,G,nan,,6,239,,,,B,4119,00,E,42,0.0,0.0,000000000,00000000000,0.0,0.0,0.0,1.0,0.0,0.0,0.0,0.0,0.0,0.0,0.0,999.0,0.0,0.0,0.0,12.0,6.0,2.0,8.0,0.0,0.0,0.0,1.0,1.0,35215.0,6.0,1.0,0.0,0.0,3.0,0.0,68.0,178.0,0.0,0.0,0.0,2.0,0.0,7.0,2010.0,4.0,2011.0,0.0,0.0,0.0,0.0,0.0,3.0,2.0,60.0,1.0,1.0,2.0,1.0,0.0,0.0,1.0,80.0,1.0,1.0,1.0,13.0,0.0,0.0
1.0,10507.0,2.0,2.0,2.0,17.0,8.0,3.0,17.0,8.0,0.0,1.0,0.0,1.0,6.0,22.0,18.0,22018.0,4.0,2002.0,1G2NF52F32C2,1,G,2,N,F,5,2,F,3,2,C,2,0.0,P,PONT,SE1,4D,2.0,17.0,3116.0,nan,0.0,1070.0,,G,nan,F,4,134,,,15R215,,,,,,0.0,0.0,000000000,00000000000,0.0,0.0,0.0,1.0,0.0,0.0,0.0,0.0,0.0,0.0,0.0,0.0,0.0,0.0,0.0,6.0,4.0,3.0,12.0,0.0,0.0,0.0,0.0,0.0,99997.0,7.0,6.0,97.0,7.0,6.0,7.0,998.0,997.0,998.0,998.0,998.0,998.0,998.0,98.0,9998.0,98.0,9998.0,8.0,0.0,0.0,0.0,0.0,3.0,2.0,60.0,1.0,1.0,2.0,1.0,0.0,0.0,0.0,53.0,0.0,0.0,0.0,98.0,0.0,0.0
1.0,10508.0,1.0,1.0,1.0,1.0,9.0,18.0,37.0,42.0,0.0,1.0,0.0,0.0,0.0,98.0,739.0,98739.0,90.0,1998.0,4XAAC42A5WA0,4,X,A,A,C,4,2,A,5,W,A,0,0.0,M,POLS,GN2,AT,98.0,17.0,nan,nan,nan,nan,,,425.0,,1,,4,999,,,,,,,0.0,0.0,000000000,00000000000,0.0,0.0,0.0,1.0,0.0,0.0,0.0,0.0,0.0,0.0,0.0,40.0,0.0,1.0,5.0,1.0,6.0,9.0,42.0,0.0,0.0,0.0,1.0,13.0,30542.0,6.0,1.0,0.0,0.0,3.0,0.0,70.0,180.0,98.0,0.0,0.0,0.0,0.0,0.0,0.0,0.0,0.0,1.0,0.0,0.0,0.0,0.0,1.0,2.0,35.0,2.0,1.0,5.0,1.0,0.0,0.0,14.0,13.0,1.0,1.0,4.0,1.0,1.0,1.0
1.0,10509.0,1.0,2.0,1.0,3.0,9.0,5.0,0.0,12.0,2.0,1.0,0.0,1.0,2.0,12.0,401.0,12401.0,14.0,2005.0,1FMZU67K15UB,1,F,M,Z,U,6,7,K,1,5,U,B,0.0,P,FORD,EPR,UT,5.0,17.0,4095.0,nan,0.0,1259.0,,F,nan,F,6,245,,,16R235,,,,,,0.0,0.0,000000000,00000000000,0.0,0.0,0.0,1.0,0.0,0.0,0.0,0.0,0.0,0.0,0.0,40.0,0.0,0.0,0.0,12.0,6.0,2.0,12.0,0.0,0.0,0.0,1.0,1.0,35217.0,6.0,1.0,0.0,0.0,3.0,0.0,72.0,170.0,0.0,0.0,0.0,0.0,1.0,8.0,2012.0,8.0,2012.0,1.0,0.0,0.0,0.0,0.0,1.0,2.0,25.0,2.0,3.0,2.0,2.0,0.0,0.0,14.0,62.0,1.0,1.0,1.0,51.0,0.0,0.0
1.0,10509.0,2.0,2.0,1.0,3.0,9.0,5.0,0.0,12.0,2.0,1.0,0.0,1.0,1.0,20.0,481.0,20481.0,31.0,1972.0,CC5142A14750,C,C,5,1,4,2,A,1,4,7,5,0,0.0,T,CHEV,,,72.0,13.0,nan,nan,nan,nan,,,nan,,,,,,,,,,,,0.0,0.0,000000000,00000000000,0.0,0.0,0.0,1.0,0.0,0.0,0.0,0.0,0.0,0.0,0.0,999.0,0.0,0.0,0.0,12.0,6.0,2.0,12.0,0.0,0.0,0.0,1.0,1.0,35071.0,6.0,1.0,0.0,0.0,3.0,0.0,69.0,168.0,0.0,0.0,0.0,0.0,0.0,0.0,0.0,0.0,0.0,0.0,28.0,0.0,0.0,0.0,1.0,2.0,25.0,3.0,3.0,2.0,2.0,0.0,0.0,14.0,10.0,1.0,1.0,2.0,50.0,1.0,0.0
1.0,10510.0,1.0,2.0,1.0,3.0,9.0,9.0,50.0,12.0,6.0,1.0,0.0,1.0,2.0,20.0,431.0,20431.0,16.0,2002.0,3GNEC16Z52G1,3,G,N,E,C,1,6,Z,5,2,G,1,0.0,P,CHEV,C15,UT,2.0,17.0,4914.0,nan,0.0,1300.0,,F,nan,F,8,325,,,16R265,,,,,,0.0,0.0,000000000,00000000000,0.0,0.0,0.0,1.0,0.0,0.0,0.0,0.0,0.0,0.0,0.0,999.0,0.0,1.0,5.0,12.0,6.0,2.0,12.0,0.0,0.0,0.0,1.0,1.0,35049.0,6.0,1.0,6.0,0.0,3.0,1.0,72.0,180.0,0.0,0.0,0.0,0.0,0.0,0.0,0.0,0.0,0.0,0.0,38.0,0.0,0.0,0.0,1.0,2.0,55.0,1.0,5.0,2.0,2.0,20.0,3.0,1.0,17.0,1.0,1.0,1.0,88.0,1.0,0.0
1.0,10510.0,2.0,2.0,2.0,3.0,9.0,9.0,50.0,12.0,6.0,1.0,0.0,1.0,1.0,20.0,471.0,20471.0,30.0,1994.0,1GCCS19Z3R81,1,G,C,C,S,1,9,Z,3,R,8,1,1.0,T,CHEV,S14,PC,94.0,17.0,nan,1.0,1229.0,1083.0,S,G,nan,,6,262,,,,B,3157,00,,42,1.0,0.0,000000000,00000000000,0.0,0.0,0.0,1.0,0.0,0.0,0.0,0.0,0.0,0.0,0.0,55.0,0.0,0.0,0.0,11.0,6.0,2.0,12.0,0.0,0.0,0.0,1.0,1.0,35215.0,6.0,1.0,0.0,0.0,3.0,0.0,71.0,180.0,0.0,0.0,0.0,0.0,0.0,0.0,0.0,0.0,0.0,0.0,0.0,0.0,0.0,0.0,1.0,2.0,55.0,1.0,5.0,2.0,2.0,0.0,0.0,1.0,66.0,1.0,1.0,1.0,89.0,0.0,0.0
1.0,10511.0,1.0,2.0,2.0,3.0,9.0,10.0,52.0,12.0,2.0,1.0,0.0,1.0,1.0,59.0,402.0,59402.0,14.0,2005.0,JTJBT20X0500,J,T,J,B,T,2,0,X,0,5,0,0,0.0,P,LEXS,GX7,UT,5.0,17.0,4740.0,nan,0.0,1098.0,,G,nan,F,8,285,,,17R265,,,,,,0.0,0.0,000000000,00000000000,0.0,0.0,0.0,1.0,0.0,0.0,0.0,0.0,0.0,0.0,0.0,70.0,0.0,0.0,0.0,12.0,6.0,2.0,12.0,0.0,0.0,0.0,1.0,1.0,36116.0,6.0,1.0,0.0,0.0,3.0,0.0,71.0,207.0,1.0,0.0,0.0,0.0,0.0,3.0,2010.0,3.0,2010.0,0.0,0.0,0.0,0.0,0.0,2.0,4.0,70.0,1.0,1.0,2.0,2.0,0.0,0.0,1.0,10.0,1.0,1.0,6.0,50.0,0.0,0.0
1.0,10511.0,2.0,2.0,1.0,3.0,9.0,10.0,52.0,12.0,2.0,1.0,0.0,1.0,1.0,52.0,35.0,52035.0,4.0,1999.0,JA3AY26A9XU0,J,A,3,A,Y,2,6,A,9,X,U,0,0.0,P,MITS,MDE,4D,99.0,17.0,2250.0,nan,0.0,984.0,,G,nan,F,4,090,,,13R175,,,,,,0.0,0.0,000000000,00000000000,0.0,0.0,0.0,1.0,0.0,0.0,0.0,0.0,0.0,0.0,0.0,70.0,0.0,0.0,0.0,12.0,6.0,2.0,12.0,0.0,0.0,0.0,1.0,1.0,35222.0,6.0,1.0,0.0,0.0,3.0,2.0,66.0,145.0,1.0,1.0,0.0,2.0,0.0,11.0,2009.0,12.0,2011.0,0.0,89.0,74.0,0.0,0.0,2.0,2.0,70.0,1.0,1.0,2.0,2.0,0.0,0.0,1.0,62.0,1.0,1.0,1.0,51.0,1.0,0.0
1.0,10512.0,1.0,1.0,1.0,3.0,9.0,18.0,50.0,32.0,0.0,1.0,0.0,28.0,1.0,53.0,706.0,53706.0,80.0,2007.0,JS1GW71A6721,J,S,1,G,W,7,1,A,6,7,2,1,0.0,M,SUZI,GRZ,RC,7.0,17.0,nan,nan,nan,nan,,,1299.0,,4,,4,478,,,,,,,0.0,0.0,000000000,00000000000,0.0,0.0,0.0,1.0,0.0,0.0,0.0,0.0,0.0,0.0,0.0,80.0,0.0,0.0,0.0,12.0,6.0,2.0,32.0,0.0,0.0,0.0,1.0,28.0,39563.0,6.0,1.0,6.0,0.0,3.0,0.0,70.0,175.0,0.0,0.0,0.0,1.0,0.0,4.0,2011.0,4.0,2011.0,1.0,0.0,0.0,0.0,0.0,1.0,2.0,55.0,1.0,1.0,2.0,1.0,0.0,0.0,1.0,12.0,1.0,1.0,4.0,6.0,1.0,0.0
1.0,10513.0,1.0,2.0,1.0,4.0,9.0,7.0,0.0,12.0,6.0,1.0,0.0,1.0,1.0,22.0,18.0,22018.0,2.0,1999.0,1G2NE12T8XM7,1,G,2,N,E,1,2,T,8,X,M,7,0.0,P,PONT,GAS,CP,99.0,17.0,3052.0,nan,0.0,1071.0,,G,nan,F,4,146,,,15R215,,,,,,0.0,0.0,000000000,00000000000,0.0,0.0,0.0,1.0,0.0,0.0,0.0,0.0,0.0,0.0,0.0,55.0,0.0,0.0,0.0,3.0,6.0,2.0,12.0,0.0,0.0,0.0,1.0,1.0,35490.0,6.0,2.0,0.0,0.0,3.0,1.0,66.0,112.0,0.0,0.0,0.0,0.0,0.0,0.0,0.0,0.0,0.0,1.0,0.0,0.0,0.0,0.0,1.0,2.0,55.0,1.0,1.0,2.0,2.0,0.0,0.0,1.0,6.0,1.0,4.0,2.0,64.0,0.0,0.0
1.0,10513.0,2.0,2.0,1.0,4.0,9.0,7.0,0.0,12.0,6.0,1.0,0.0,1.0,2.0,24.0,7.0,24007.0,4.0,2006.0,1G8AK55FX6Z1,1,G,8,A,K,5,5,F,X,6,Z,1,0.0,P,STRN,SI3,4D,6.0,17.0,2772.0,nan,0.0,1035.0,,G,nan,F,4,134,,,16R205,,,,,,0.0,0.0,000000000,00000000000,0.0,0.0,0.0,1.0,0.0,0.0,0.0,0.0,0.0,0.0,0.0,55.0,0.0,0.0,0.0,12.0,6.0,2.0,12.0,0.0,0.0,0.0,1.0,1.0,35490.0,6.0,1.0,0.0,0.0,3.0,0.0,61.0,145.0,0.0,0.0,0.0,0.0,0.0,0.0,0.0,0.0,0.0,0.0,0.0,0.0,0.0,0.0,1.0,2.0,55.0,1.0,1.0,2.0,2.0,0.0,0.0,1.0,62.0,1.0,1.0,1.0,65.0,1.0,0.0
1.0,10514.0,1.0,2.0,1.0,7.0,9.0,16.0,0.0,12.0,6.0,1.0,0.0,1.0,2.0,7.0,442.0,7442.0,20.0,2001.0,1B4GP25B21B2,1,B,4,G,P,2,5,B,2,1,B,2,0.0,P,DODG,CAR,SV,1.0,17.0,3815.0,nan,0.0,1133.0,,G,nan,F,4,148,,,15R215,,,,,,0.0,0.0,000000000,00000000000,0.0,0.0,0.0,1.0,0.0,0.0,0.0,0.0,0.0,0.0,0.0,55.0,0.0,0.0,0.0,12.0,6.0,2.0,12.0,0.0,0.0,0.0,1.0,1.0,36051.0,6.0,1.0,0.0,0.0,3.0,0.0,70.0,210.0,1.0,0.0,0.0,0.0,0.0,5.0,2010.0,5.0,2010.0,0.0,28.0,0.0,0.0,0.0,1.0,2.0,55.0,1.0,6.0,2.0,1.0,0.0,0.0,1.0,10.0,1.0,1.0,2.0,64.0,1.0,0.0
1.0,10514.0,2.0,2.0,1.0,7.0,9.0,16.0,0.0,12.0,6.0,1.0,0.0,1.0,3.0,87.0,881.0,87881.0,66.0,2006.0,1XP5DB9X46D6,1,X,P,5,D,B,9,X,4,6,D,6,1.0,T,PTRB,379,TR,6.0,17.0,nan,8.0,0.0,0.0,CON,D,nan,,6,893,,,,,00000,00,,64,1.0,57.0,523910,57523910,3.0,6.0,4.0,1.0,0.0,0.0,0.0,0.0,0.0,0.0,0.0,55.0,0.0,0.0,0.0,10.0,6.0,2.0,12.0,0.0,0.0,0.0,1.0,1.0,36874.0,6.0,1.0,6.0,0.0,3.0,0.0,74.0,200.0,1.0,0.0,0.0,2.0,1.0,9.0,2010.0,2.0,2012.0,0.0,0.0,0.0,0.0,0.0,1.0,2.0,55.0,1.0,5.0,2.0,1.0,0.0,0.0,1.0,62.0,7.0,1.0,1.0,65.0,0.0,0.0