STATE,ST_CASE,VEH_NO,VE_FORMS,NUMOCCS,DAY,MONTH,HOUR,MINUTE,HARM_EV,MAN_COLL,UNITTYPE,HIT_RUN,REG_STAT,OWNER,MAKE,MODEL,MAK_MOD,BODY_TYP,MOD_YEAR,VIN,VIN_1,VIN_2,VIN_3,VIN_4,VIN_5,VIN_6,VIN_7,VIN_8,VIN_9,VIN_10,VIN_11,VIN_12,TOW_VEH,VINTYPE,VINMAKE,VINA_MOD,VIN_BT,VINMODYR,VIN_LNGT,VIN_WGT,WGTCD_TR,WHLBS_LG,WHLBS_SH,SER_TR,FUELCODE,MCYCL_DS,CARBUR,CYLINDER,DISPLACE,MCYCL_CY,MCYCL_WT,TIRE_SZE,TON_RAT,TRK_WT,TRKWTVAR,VIN_REST,WHLDRWHL,J_KNIFE,MCARR_I1,MCARR_I2,MCARR_ID,GVWR,V_CONFIG,CARGO_BT,HAZ_INV,HAZ_PLAC,HAZ_ID,HAZ_CNO,HAZ_REL,BUS_USE,SPEC_USE,EMER_USE,TRAV_SP,UNDERIDE,ROLLOVER,ROLINLOC,IMPACT1,DEFORMED,TOWED,M_HARM,VEH_SC1,VEH_SC2,FIRE_EXP,DR_PRES,L_STATE,DR_ZIP,L_STATUS,L_TYPE,CDL_STAT,L_ENDORS,L_COMPL,L_RESTRI,DR_HGT,DR_WGT,PREV_ACC,PREV_SUS,PREV_DWI,PREV_SPD,PREV_OTH,FIRST_MO,FIRST_YR,LAST_MO,LAST_YR,SPEEDREL,DR_SF1,DR_SF2,DR_SF3,DR_SF4,VTRAFWAY,VNUM_LAN,VSPD_LIM,VALIGN,VPROFILE,VPAVETYP,VSURCOND,VTRAFCON,VTCONT_F,P_CRASH1,P_CRASH2,P_CRASH3,PCRASH4,PCRASH5,ACC_TYPE,DEATHS,DR_DRINK
1.0,10515.0,1.0,2.0,1.0,10.0,9.0,15.0,6.0,12.0,6.0,1.0,0.0,1.0,1.0,63.0,32.0,63032.0,4.0,2002.0,KNADC1237261,K,N,A,D,C,1,2,3,7,2,6,1,0.0,P,KIA,RIO,4D,2.0,17.0,2242.0,nan,0.0,949.0,,G,nan,F,4,091,,,14R175,,,,,,0.0,0.0,000000000,00000000000,0.0,0.0,0.0,1.0,0.0,0.0,0.0,0.0,0.0,0.0,0.0,998.0,0.0,0.0,0.0,9.0,6.0,2.0,12.0,0.0,0.0,0.0,1.0,1.0,35546.0,6.0,1.0,0.0,0.0,3.0,0.0,66.0,185.0,0.0,0.0,0.0,0.0,0.0,0.0,0.0,0.0,0.0,0.0,38.0,0.0,0.0,0.0,1.0,2.0,45.0,1.0,1.0,2.0,1.0,20.0,3.0,11.0,15.0,1.0,1.0,1.0,82.0,1.0,0.0
1.0,10515.0,2.0,2.0,3.0,10.0,9.0,15.0,6.0,12.0,6.0,1.0,0.0,1.0,1.0,49.0,40.0,49040.0,4.0,2007.0,4T1BE46K77U1,4,T,1,B,E,4,6,K,7,7,U,1,0.0,P,TOYT,CMB,4D,7.0,17.0,3108.0,nan,0.0,1093.0,,G,nan,F,4,146,,,15R205,,,,,,0.0,0.0,000000000,00000000000,0.0,0.0,0.0,1.0,0.0,0.0,0.0,0.0,0.0,0.0,0.0,998.0,0.0,0.0,0.0,12.0,6.0,2.0,12.0,0.0,0.0,0.0,1.0,1.0,35580.0,6.0,1.0,0.0,0.0,3.0,1.0,69.0,130.0,1.0,0.0,0.0,0.0,0.0,2.0,2012.0,2.0,2012.0,0.0,0.0,0.0,0.0,0.0,1.0,2.0,45.0,1.0,1.0,2.0,1.0,0.0,0.0,1.0,67.0,1.0,1.0,1.0,83.0,0.0,0.0
1.0,10516.0,1.0,2.0,1.0,10.0,9.0,20.0,47.0,12.0,2.0,1.0,0.0,1.0,1.0,37.0,441.0,37441.0,20.0,2008.0,5FNRL38748B0,5,F,N,R,L,3,8,7,4,8,B,0,0.0,P,HOND,UDY,SV,8.0,17.0,4550.0,nan,0.0,1181.0,,G,nan,F,6,214,,,16R235,,,,,,0.0,0.0,000000000,00000000000,0.0,0.0,0.0,1.0,0.0,0.0,0.0,0.0,0.0,0.0,0.0,60.0,0.0,0.0,0.0,12.0,6.0,2.0,12.0,0.0,0.0,0.0,1.0,1.0,36853.0,6.0,1.0,0.0,0.0,3.0,0.0,62.0,135.0,2.0,0.0,0.0,0.0,0.0,12.0,2010.0,3.0,2012.0,0.0,51.0,0.0,0.0,0.0,2.0,2.0,65.0,1.0,3.0,2.0,1.0,0.0,0.0,1.0,54.0,7.0,1.0,1.0,52.0,1.0,0.0
1.0,10516.0,2.0,2.0,3.0,10.0,9.0,20.0,47.0,12.0,2.0,1.0,0.0,1.0,3.0,12.0,881.0,12881.0,61.0,2011.0,1FD0W5GT5BEB,1,F,D,0,W,5,G,T,5,B,E,B,0.0,T,FORD,F5D,CH,11.0,17.0,nan,5.0,2000.0,1760.0,DRW,D,nan,,8,409,,,,D,7135,02,7,42,0.0,57.0,1531337,571531337,2.0,1.0,28.0,1.0,0.0,0.0,0.0,0.0,0.0,0.0,0.0,65.0,0.0,0.0,0.0,12.0,6.0,2.0,12.0,0.0,0.0,0.0,1.0,1.0,35242.0,6.0,1.0,0.0,0.0,3.0,0.0,67.0,170.0,0.0,0.0,0.0,1.0,0.0,7.0,2012.0,7.0,2012.0,0.0,0.0,0.0,0.0,0.0,2.0,2.0,65.0,1.0,3.0,2.0,1.0,0.0,0.0,1.0,54.0,7.0,1.0,1.0,52.0,0.0,0.0
1.0,10517.0,1.0,2.0,1.0,28.0,6.0,12.0,40.0,52.0,0.0,1.0,0.0,13.0,1.0,7.0,21.0,7021.0,6.0,2007.0,2D4FV47V27H6,2,D,4,F,V,4,7,V,2,7,H,6,0.0,P,DODG,MGN,UT,7.0,17.0,3795.0,nan,0.0,1200.0,,G,nan,F,6,214,,,17R215,,,,,,0.0,0.0,000000000,00000000000,0.0,0.0,0.0,1.0,0.0,0.0,0.0,0.0,0.0,0.0,0.0,70.0,0.0,0.0,0.0,12.0,6.0,2.0,52.0,0.0,0.0,0.0,1.0,13.0,39823.0,6.0,1.0,0.0,0.0,3.0,1.0,64.0,182.0,98.0,0.0,0.0,0.0,0.0,0.0,0.0,0.0,0.0,0.0,0.0,0.0,0.0,0.0,2.0,2.0,70.0,1.0,1.0,2.0,1.0,0.0,0.0,1.0,13.0,1.0,1.0,4.0,1.0,1.0,0.0
1.0,10517.0,2.0,2.0,2.0,28.0,6.0,12.0,40.0,52.0,0.0,1.0,0.0,1.0,1.0,55.0,402.0,55402.0,14.0,2011.0,KM8JU3AC8BU1,K,M,8,J,U,3,A,C,8,B,U,1,0.0,P,HYUN,TUC,UT,11.0,17.0,3197.0,nan,0.0,1039.0,,G,nan,F,4,144,,,18R225,,,,,,0.0,0.0,000000000,00000000000,0.0,0.0,0.0,1.0,0.0,0.0,0.0,0.0,0.0,0.0,0.0,70.0,0.0,0.0,0.0,12.0,2.0,1.0,12.0,0.0,0.0,0.0,1.0,1.0,36083.0,6.0,1.0,0.0,0.0,3.0,1.0,65.0,115.0,0.0,0.0,0.0,0.0,0.0,0.0,0.0,0.0,0.0,0.0,0.0,0.0,0.0,0.0,2.0,2.0,70.0,1.0,1.0,2.0,1.0,0.0,0.0,1.0,98.0,1.0,1.0,1.0,98.0,0.0,0.0
1.0,10518.0,1.0,1.0,1.0,25.0,8.0,2.0,10.0,8.0,0.0,1.0,1.0,1.0,2.0,49.0,32.0,49032.0,4.0,2010.0,1NXBU4EE5AZ2,1,N,X,B,U,4,E,E,5,A,Z,2,0.0,P,TOYT,CBL,4D,10.0,17.0,2723.0,nan,0.0,1024.0,,G,nan,F,4,110,,,15R195,,,,,,0.0,0.0,000000000,00000000000,0.0,0.0,0.0,1.0,0.0,0.0,0.0,0.0,0.0,0.0,0.0,55.0,0.0,0.0,0.0,12.0,2.0,1.0,8.0,0.0,0.0,0.0,1.0,1.0,36083.0,6.0,1.0,0.0,0.0,3.0,0.0,66.0,136.0,0.0,0.0,0.0,0.0,0.0,0.0,0.0,0.0,0.0,0.0,0.0,0.0,0.0,0.0,1.0,2.0,55.0,3.0,5.0,2.0,1.0,0.0,0.0,14.0,80.0,1.0,1.0,1.0,13.0,0.0,0.0
1.0,10519.0,1.0,1.0,1.0,25.0,8.0,7.0,20.0,32.0,0.0,1.0,0.0,1.0,2.0,35.0,47.0,35047.0,4.0,2008.0,1N4AL21E48N5,1,N,4,A,L,2,1,E,4,8,N,5,0.0,P,NISS,ATS,4D,8.0,17.0,3028.0,nan,0.0,1093.0,,G,nan,F,4,153,,,16R215,,,,,,0.0,0.0,000000000,00000000000,0.0,0.0,0.0,1.0,0.0,0.0,0.0,0.0,0.0,0.0,0.0,70.0,0.0,0.0,0.0,12.0,6.0,2.0,8.0,0.0,0.0,0.0,1.0,1.0,35758.0,6.0,1.0,0.0,0.0,3.0,1.0,72.0,170.0,1.0,0.0,0.0,1.0,1.0,9.0,2011.0,3.0,2012.0,1.0,0.0,0.0,0.0,0.0,1.0,2.0,45.0,3.0,1.0,2.0,1.0,0.0,0.0,14.0,13.0,1.0,1.0,4.0,1.0,0.0,0.0
1.0,10520.0,1.0,1.0,4.0,1.0,9.0,22.0,55.0,34.0,0.0,1.0,0.0,13.0,2.0,49.0,482.0,49482.0,31.0,2000.0,5TBRT3413YS0,5,T,B,R,T,3,4,1,3,Y,S,0,0.0,T,TOYT,TRS,4C,0.0,17.0,nan,2.0,0.0,1283.0,TUN,G,nan,,8,285,,,,C,4088,00,U,42,0.0,0.0,000000000,00000000000,0.0,0.0,0.0,1.0,0.0,0.0,0.0,0.0,0.0,0.0,0.0,30.0,0.0,1.0,5.0,12.0,6.0,2.0,1.0,0.0,0.0,0.0,1.0,13.0,30173.0,6.0,1.0,0.0,0.0,3.0,0.0,70.0,159.0,98.0,1.0,0.0,1.0,3.0,12.0,2009.0,7.0,2012.0,0.0,0.0,0.0,0.0,0.0,1.0,2.0,45.0,3.0,1.0,2.0,1.0,0.0,0.0,14.0,13.0,1.0,1.0,4.0,1.0,1.0,1.0
1.0,10521.0,1.0,1.0,2.0,7.0,9.0,23.0,17.0,34.0,0.0,1.0,0.0,1.0,2.0,20.0,2.0,20002.0,4.0,2002.0,2G1WF52E3292,2,G,1,W,F,5,2,E,3,2,9,2,0.0,P,CHEV,IMP,4D,2.0,17.0,3389.0,nan,0.0,1105.0,,G,nan,F,6,207,,,16R225,,,,,,0.0,0.0,000000000,00000000000,0.0,0.0,0.0,1.0,0.0,0.0,0.0,0.0,0.0,0.0,0.0,110.0,0.0,0.0,0.0,3.0,6.0,2.0,42.0,0.0,0.0,0.0,1.0,1.0,35462.0,1.0,1.0,1.0,0.0,2.0,0.0,73.0,116.0,0.0,2.0,1.0,0.0,0.0,10.0,2009.0,11.0,2010.0,1.0,0.0,0.0,0.0,0.0,1.0,2.0,55.0,2.0,6.0,2.0,1.0,0.0,0.0,14.0,12.0,1.0,1.0,4.0,6.0,1.0,1.0
1.0,10522.0,1.0,1.0,2.0,8.0,9.0,15.0,30.0,34.0,0.0,1.0,0.0,1.0,1.0,41.0,34.0,41034.0,2.0,1993.0,JM1FD3319P02,J,M,1,F,D,3,3,1,9,P,0,2,0.0,P,MAZD,RX7,CP,93.0,17.0,2789.0,nan,0.0,955.0,,G,nan,T,R,080,,,16R225,,,,,,0.0,0.0,000000000,00000000000,0.0,0.0,0.0,1.0,0.0,0.0,0.0,0.0,0.0,0.0,0.0,75.0,0.0,1.0,5.0,11.0,6.0,2.0,1.0,0.0,0.0,0.0,1.0,1.0,35674.0,6.0,1.0,0.0,0.0,3.0,0.0,70.0,150.0,0.0,1.0,0.0,1.0,0.0,10.0,2009.0,9.0,2011.0,1.0,0.0,0.0,0.0,0.0,2.0,2.0,65.0,2.0,6.0,2.0,1.0,0.0,0.0,14.0,6.0,1.0,1.0,4.0,1.0,1.0,0.0
1.0,10523.0,1.0,1.0,2.0,9.0,9.0,18.0,5.0,1.0,0.0,1.0,0.0,1.0,2.0,49.0,422.0,49422.0,15.0,2004.0,5TDZT38A74S2,5,T,D,Z,T,3,8,A,7,4,S,2,0.0,P,TOYT,SEQ,UT,4.0,17.0,5100.0,nan,0.0,1181.0,,G,nan,F,8,285,,,17R265,,,,,,0.0,0.0,000000000,00000000000,0.0,0.0,0.0,1.0,0.0,0.0,0.0,0.0,0.0,0.0,0.0,999.0,0.0,1.0,1.0,0.0,6.0,2.0,1.0,0.0,0.0,0.0,1.0,1.0,36526.0,6.0,1.0,0.0,0.0,3.0,0.0,63.0,123.0,0.0,0.0,0.0,0.0,0.0,0.0,0.0,0.0,0.0,0.0,58.0,0.0,0.0,0.0,1.0,2.0,55.0,1.0,1.0,2.0,1.0,0.0,0.0,1.0,8.0,7.0,3.0,6.0,98.0,1.0,0.0
1.0,10524.0,1.0,1.0,1.0,9.0,9.0,21.0,0.0,42.0,0.0,1.0,0.0,1.0,2.0,20.0,37.0,20037.0,4.0,2001.0,1G1ND52J9161,1,G,1,N,D,5,2,J,9,1,6,1,0.0,P,CHEV,MAL,4D,1.0,17.0,3051.0,nan,0.0,1070.0,,G,nan,F,6,191,,,15R215,,,,,,0.0,0.0,000000000,00000000000,0.0,0.0,0.0,1.0,0.0,0.0,0.0,0.0,0.0,0.0,0.0,65.0,0.0,0.0,0.0,3.0,6.0,2.0,42.0,0.0,0.0,0.0,1.0,1.0,35014.0,0.0,0.0,0.0,0.0,0.0,0.0,65.0,180.0,0.0,0.0,0.0,0.0,0.0,0.0,0.0,0.0,0.0,1.0,0.0,0.0,0.0,0.0,1.0,2.0,45.0,2.0,6.0,2.0,1.0,0.0,0.0,14.0,6.0,1.0,4.0,4.0,7.0,1.0,1.0
1.0,10525.0,1.0,2.0,1.0,9.0,9.0,16.0,25.0,12.0,2.0,1.0,0.0,1.0,1.0,20.0,481.0,20481.0,31.0,2003.0,2GCEC19V6313,2,G,C,E,C,1,9,V,6,3,1,3,0.0,T,CHEV,SC1,4C,3.0,17.0,nan,2.0,1575.0,1435.0,SIL,G,nan,,8,293,,,,B,4534,03,,42,0.0,0.0,000000000,00000000000,0.0,0.0,0.0,1.0,0.0,0.0,0.0,0.0,0.0,0.0,0.0,55.0,0.0,0.0,0.0,12.0,6.0,2.0,12.0,0.0,0.0,0.0,1.0,1.0,35064.0,6.0,1.0,0.0,0.0,3.0,0.0,70.0,275.0,0.0,0.0,0.0,0.0,0.0,0.0,0.0,0.0,0.0,0.0,0.0,0.0,0.0,0.0,1.0,2.0,55.0,1.0,1.0,2.0,1.0,0.0,0.0,1.0,10.0,1.0,1.0,2.0,50.0,1.0,0.0
1.0,10525.0,2.0,2.0,2.0,9.0,9.0,16.0,25.0,12.0,2.0,1.0,0.0,47.0,4.0,20.0,37.0,20037.0,4.0,2012.0,1G1ZA5EU2CF3,1,G,1,Z,A,5,E,U,2,C,F,3,0.0,P,CHEV,M/L,4D,12.0,17.0,3415.0,nan,0.0,1123.0,,F,nan,F,4,146,,,17R215,,,,,,0.0,0.0,000000000,00000000000,0.0,0.0,0.0,1.0,0.0,0.0,0.0,0.0,0.0,0.0,0.0,55.0,0.0,0.0,0.0,12.0,6.0,2.0,12.0,0.0,0.0,0.0,1.0,21.0,40245.0,6.0,1.0,0.0,0.0,3.0,0.0,64.0,140.0,0.0,0.0,0.0,0.0,0.0,0.0,0.0,0.0,0.0,0.0,0.0,0.0,0.0,0.0,1.0,2.0,55.0,1.0,1.0,2.0,1.0,0.0,0.0,1.0,62.0,1.0,1.0,1.0,51.0,0.0,0.0
1.0,10526.0,1.0,1.0,1.0,9.0,9.0,1.0,5.0,42.0,0.0,1.0,0.0,1.0,1.0,37.0,441.0,37441.0,20.0,2004.0,5FNRL18964B1,5,F,N,R,L,1,8,9,6,4,B,1,0.0,P,HOND,UDY,SV,4.0,17.0,4365.0,nan,0.0,1181.0,,G,nan,F,6,212,,,16R225,,,,,,0.0,0.0,000000000,00000000000,0.0,0.0,0.0,1.0,0.0,0.0,0.0,0.0,0.0,0.0,0.0,70.0,0.0,0.0,0.0,12.0,6.0,2.0,42.0,0.0,0.0,0.0,1.0,1.0,35173.0,6.0,1.0,0.0,0.0,3.0,0.0,63.0,105.0,0.0,0.0,0.0,0.0,0.0,0.0,0.0,0.0,0.0,0.0,89.0,0.0,0.0,0.0,1.0,2.0,55.0,1.0,1.0,2.0,1.0,0.0,0.0,98.0,13.0,1.0,1.0,4.0,4.0,1.0,1.0
1.0,10527.0,1.0,1.0,1.0,10.0,9.0,22.0,30.0,42.0,0.0,1.0,0.0,1.0,1.0,23.0,481.0,23481.0,31.0,2008.0,1GTHK23678F1,1,G,T,H,K,2,3,6,7,8,F,1,0.0,T,GMC,2KH,CW,8.0,17.0,nan,2.0,1670.0,1530.0,SIE,D,nan,,8,403,,,,C,5983,00,4,44,0.0,0.0,000000000,00000000000,0.0,0.0,0.0,1.0,0.0,0.0,0.0,0.0,0.0,0.0,0.0,97.0,0.0,0.0,0.0,12.0,6.0,2.0,42.0,0.0,0.0,0.0,1.0,1.0,36071.0,6.0,1.0,0.0,0.0,3.0,0.0,72.0,250.0,2.0,1.0,0.0,0.0,1.0,8.0,2010.0,9.0,2012.0,1.0,0.0,0.0,0.0,0.0,1.0,2.0,50.0,2.0,1.0,2.0,1.0,0.0,0.0,14.0,12.0,1.0,1.0,4.0,6.0,1.0,1.0
1.0,10528.0,1.0,1.0,1.0,10.0,9.0,21.0,0.0,8.0,0.0,1.0,0.0,1.0,1.0,37.0,31.0,37031.0,4.0,1997.0,2HGEJ6628VH5,2,H,G,E,J,6,6,2,8,V,H,5,0.0,P,HOND,UCD,4D,97.0,17.0,2307.0,nan,0.0,1032.0,,G,nan,F,4,097,,,14R185,,,,,,0.0,0.0,000000000,00000000000,0.0,0.0,0.0,1.0,0.0,0.0,0.0,0.0,0.0,0.0,0.0,45.0,0.0,0.0,0.0,12.0,4.0,3.0,8.0,0.0,0.0,0.0,1.0,1.0,36619.0,6.0,1.0,0.0,0.0,3.0,1.0,76.0,190.0,0.0,0.0,0.0,0.0,0.0,0.0,0.0,0.0,0.0,0.0,0.0,0.0,0.0,0.0,1.0,2.0,50.0,1.0,1.0,2.0,1.0,0.0,0.0,1.0,80.0,1.0,1.0,1.0,13.0,0.0,1.0
1.0,10529.0,1.0,4.0,1.0,13.0,9.0,14.0,17.0,12.0,6.0,1.0,0.0,1.0,1.0,59.0,32.0,59032.0,4.0,2003.0,JTHBN30F0301,J,T,H,B,N,3,0,F,0,3,0,1,0.0,P,LEXS,L43,4D,3.0,17.0,3955.0,nan,0.0,1152.0,,G,nan,F,8,262,,,17R225,,,,,,0.0,0.0,000000000,00000000000,0.0,0.0,0.0,1.0,0.0,0.0,0.0,0.0,0.0,0.0,0.0,999.0,0.0,0.0,0.0,12.0,2.0,3.0,12.0,0.0,0.0,0.0,1.0,1.0,35810.0,6.0,1.0,0.0,0.0,3.0,0.0,63.0,163.0,0.0,0.0,0.0,1.0,0.0,3.0,2011.0,3.0,2011.0,0.0,38.0,0.0,0.0,0.0,2.0,4.0,55.0,1.0,1.0,2.0,1.0,20.0,3.0,11.0,15.0,1.0,1.0,1.0,68.0,0.0,0.0
1.0,10529.0,2.0,4.0,2.0,13.0,9.0,14.0,17.0,12.0,6.0,1.0,0.0,1.0,1.0,12.0,17.0,12017.0,4.0,1999.0,1FAFP53U9XA2,1,F,A,F,P,5,3,U,9,X,A,2,0.0,P,FORD,TSE,4D,99.0,17.0,3353.0,nan,0.0,1085.0,,G,nan,F,6,182,,,15R205,,,,,,0.0,0.0,000000000,00000000000,0.0,0.0,0.0,1.0,0.0,0.0,0.0,0.0,0.0,0.0,0.0,999.0,0.0,0.0,0.0,8.0,6.0,2.0,12.0,0.0,0.0,0.0,1.0,1.0,35763.0,6.0,1.0,0.0,0.0,3.0,0.0,64.0,170.0,0.0,0.0,0.0,3.0,1.0,3.0,2010.0,5.0,2012.0,0.0,0.0,0.0,0.0,0.0,2.0,2.0,55.0,1.0,1.0,2.0,1.0,20.0,3.0,1.0,62.0,1.0,1.0,1.0,69.0,1.0,0.0
1.0,10529.0,3.0,4.0,1.0,13.0,9.0,14.0,17.0,12.0,6.0,1.0,0.0,1.0,1.0,35.0,43.0,35043.0,2.0,1990.0,1N4GB22B6LC7,1,N,4,G,B,2,2,B,6,L,C,7,0.0,P,NISS,SEN,2D,90.0,17.0,0.0,nan,0.0,957.0,,G,nan,F,4,097,,,000000,,,,,,0.0,0.0,000000000,00000000000,0.0,0.0,0.0,1.0,0.0,0.0,0.0,0.0,0.0,0.0,0.0,999.0,0.0,0.0,0.0,12.0,6.0,2.0,12.0,0.0,0.0,0.0,1.0,1.0,35759.0,6.0,1.0,0.0,0.0,3.0,3.0,71.0,192.0,0.0,0.0,0.0,0.0,0.0,0.0,0.0,0.0,0.0,0.0,0.0,0.0,0.0,0.0,2.0,2.0,55.0,1.0,1.0,2.0,1.0,0.0,0.0,1.0,62.0,1.0,1.0,1.0,98.0,1.0,0.0
1.0,10529.0,4.0,4.0,1.0,13.0,9.0,14.0,17.0,12.0,6.0,1.0,0.0,47.0,1.0,20.0,37.0,20037.0,4.0,2011.0,1G1ZC5E11BF1,1,G,1,Z,C,5,E,1,1,B,F,1,0.0,P,CHEV,ML1,4D,11.0,17.0,3436.0,nan,0.0,1123.0,,G,nan,F,4,146,,,17R215,,,,,,0.0,0.0,000000000,00000000000,0.0,0.0,0.0,1.0,0.0,0.0,0.0,0.0,0.0,0.0,0.0,999.0,0.0,0.0,0.0,12.0,2.0,1.0,12.0,0.0,0.0,0.0,1.0,47.0,37334.0,6.0,1.0,0.0,0.0,3.0,0.0,61.0,110.0,0.0,0.0,0.0,1.0,0.0,5.0,2010.0,5.0,2010.0,0.0,0.0,0.0,0.0,0.0,2.0,2.0,55.0,1.0,1.0,2.0,1.0,0.0,0.0,1.0,98.0,1.0,1.0,1.0,98.0,0.0,0.0
1.0,10530.0,1.0,1.0,1.0,14.0,9.0,4.0,30.0,43.0,0.0,1.0,0.0,1.0,1.0,53.0,40.0,53040.0,5.0,2007.0,JS2YB4133751,J,S,2,Y,B,4,1,3,3,7,5,1,0.0,P,SUZI,SXA,4H,7.0,17.0,2800.0,nan,0.0,984.0,,G,nan,F,4,122,,,16R205,,,,,,0.0,0.0,000000000,00000000000,0.0,0.0,0.0,1.0,0.0,0.0,0.0,0.0,0.0,0.0,0.0,45.0,0.0,0.0,0.0,9.0,6.0,2.0,2.0,0.0,0.0,1.0,1.0,1.0,35594.0,6.0,1.0,0.0,0.0,3.0,1.0,66.0,300.0,0.0,0.0,0.0,0.0,0.0,0.0,0.0,0.0,0.0,0.0,89.0,0.0,0.0,0.0,1.0,2.0,45.0,2.0,5.0,2.0,1.0,0.0,0.0,14.0,12.0,7.0,1.0,4.0,6.0,1.0,0.0
1.0,10531.0,1.0,1.0,2.0,14.0,9.0,18.0,35.0,8.0,0.0,1.0,0.0,1.0,2.0,59.0,31.0,59031.0,4.0,2002.0,JTHBF30G3200,J,T,H,B,F,3,0,G,3,2,0,0,0.0,P,LEXS,ES3,4D,2.0,17.0,3439.0,nan,0.0,1071.0,,G,nan,F,6,183,,,16R215,,,,,,0.0,0.0,000000000,00000000000,0.0,0.0,0.0,1.0,0.0,0.0,0.0,0.0,0.0,0.0,0.0,40.0,0.0,0.0,0.0,12.0,2.0,1.0,8.0,0.0,0.0,0.0,1.0,47.0,35401.0,0.0,0.0,0.0,0.0,0.0,0.0,63.0,130.0,0.0,0.0,0.0,0.0,0.0,0.0,0.0,0.0,0.0,0.0,0.0,0.0,0.0,0.0,2.0,2.0,45.0,1.0,6.0,2.0,1.0,0.0,0.0,1.0,80.0,6.0,1.0,1.0,13.0,0.0,0.0
1.0,10532.0,1.0,1.0,1.0,14.0,4.0,18.0,30.0,32.0,0.0,1.0,0.0,1.0,2.0,41.0,402.0,41402.0,14.0,2004.0,4F2YZ04164KM,4,F,2,Y,Z,0,4,1,6,4,K,M,0.0,P,MAZD,TRI,UT,4.0,17.0,3321.0,nan,0.0,1031.0,,G,nan,F,6,181,,,16R235,,,,,,0.0,0.0,000000000,00000000000,0.0,0.0,0.0,1.0,0.0,0.0,0.0,0.0,0.0,0.0,0.0,999.0,0.0,1.0,5.0,12.0,6.0,2.0,32.0,0.0,0.0,0.0,1.0,1.0,35565.0,6.0,1.0,0.0,0.0,3.0,0.0,69.0,197.0,1.0,0.0,0.0,1.0,1.0,12.0,2011.0,2.0,2012.0,1.0,0.0,0.0,0.0,0.0,1.0,2.0,40.0,3.0,1.0,2.0,1.0,0.0,0.0,14.0,13.0,6.0,1.0,4.0,6.0,1.0,1.0
1.0,10533.0,1.0,1.0,1.0,8.0,5.0,11.0,19.0,42.0,0.0,1.0,0.0,1.0,1.0,20.0,421.0,20421.0,15.0,2000.0,1GNDT13WXY21,1,G,N,D,T,1,3,W,X,Y,2,1,0.0,P,CHEV,BZR,UT,0.0,17.0,4049.0,nan,0.0,1070.0,,G,nan,F,6,262,,,15R205,,,,,,0.0,0.0,000000000,00000000000,0.0,0.0,0.0,1.0,0.0,0.0,0.0,0.0,0.0,0.0,0.0,45.0,0.0,0.0,0.0,12.0,6.0,2.0,42.0,0.0,0.0,1.0,1.0,1.0,35550.0,6.0,1.0,0.0,0.0,3.0,0.0,73.0,210.0,0.0,0.0,0.0,0.0,0.0,0.0,0.0,0.0,0.0,0.0,0.0,0.0,0.0,0.0,1.0,2.0,45.0,1.0,5.0,2.0,1.0,0.0,0.0,1.0,13.0,1.0,1.0,4.0,1.0,1.0,0.0
1.0,10534.0,1.0,2.0,1.0,23.0,7.0,21.0,0.0,12.0,2.0,1.0,0.0,1.0,1.0,20.0,421.0,20421.0,15.0,2002.0,1GNEC13Z62J2,1,G,N,E,C,1,3,Z,6,2,J,2,0.0,P,CHEV,CTA,UT,2.0,17.0,4828.0,nan,0.0,1160.0,,F,nan,F,8,325,,,16R265,,,,,,0.0,0.0,000000000,00000000000,0.0,0.0,0.0,1.0,0.0,0.0,0.0,0.0,0.0,0.0,0.0,999.0,0.0,0.0,0.0,12.0,6.0,2.0,12.0,0.0,0.0,0.0,1.0,1.0,35466.0,6.0,1.0,0.0,0.0,3.0,0.0,69.0,150.0,0.0,0.0,0.0,0.0,0.0,0.0,0.0,0.0,0.0,0.0,89.0,28.0,0.0,0.0,1.0,2.0,55.0,1.0,6.0,2.0,1.0,0.0,0.0,1.0,10.0,1.0,1.0,2.0,50.0,1.0,1.0
1.0,10534.0,2.0,2.0,1.0,23.0,7.0,21.0,0.0,12.0,2.0,1.0,0.0,45.0,4.0,51.0,881.0,51881.0,66.0,2007.0,4V4NC9TG17N4,4,V,4,N,C,9,T,G,1,7,N,4,1.0,T,VOLV,VNL,TR,7.0,17.0,nan,8.0,0.0,0.0,VVN,D,nan,,6,915,,,,,00000,00,,64,1.0,57.0,688143,57688143,3.0,6.0,1.0,1.0,0.0,0.0,0.0,0.0,0.0,0.0,0.0,55.0,0.0,0.0,0.0,12.0,6.0,2.0,12.0,0.0,0.0,1.0,1.0,45.0,29073.0,6.0,1.0,6.0,0.0,3.0,0.0,73.0,295.0,1.0,0.0,0.0,0.0,2.0,9.0,2009.0,10.0,2011.0,0.0,0.0,0.0,0.0,0.0,1.0,2.0,55.0,1.0,5.0,2.0,1.0,0.0,0.0,1.0,62.0,1.0,1.0,1.0,51.0,0.0,0.0