STATE,ST_CASE,VEH_NO,VE_FORMS,NUMOCCS,DAY,MONTH,HOUR,MINUTE,HARM_EV,MAN_COLL,UNITTYPE,HIT_RUN,REG_STAT,OWNER,MAKE,MODEL,MAK_MOD,BODY_TYP,MOD_YEAR,VIN,VIN_1,VIN_2,VIN_3,VIN_4,VIN_5,VIN_6,VIN_7,VIN_8,VIN_9,VIN_10,VIN_11,VIN_12,TOW_VEH,VINTYPE,VINMAKE,VINA_MOD,VIN_BT,VINMODYR,VIN_LNGT,VIN_WGT,WGTCD_TR,WHLBS_LG,WHLBS_SH,SER_TR,FUELCODE,MCYCL_DS,CARBUR,CYLINDER,DISPLACE,MCYCL_CY,MCYCL_WT,TIRE_SZE,TON_RAT,TRK_WT,TRKWTVAR,VIN_REST,WHLDRWHL,J_KNIFE,MCARR_I1,MCARR_I2,MCARR_ID,GVWR,V_CONFIG,CARGO_BT,HAZ_INV,HAZ_PLAC,HAZ_ID,HAZ_CNO,HAZ_REL,BUS_USE,SPEC_USE,EMER_USE,TRAV_SP,UNDERIDE,ROLLOVER,ROLINLOC,IMPACT1,DEFORMED,TOWED,M_HARM,VEH_SC1,VEH_SC2,FIRE_EXP,DR_PRES,L_STATE,DR_ZIP,L_STATUS,L_TYPE,CDL_STAT,L_ENDORS,L_COMPL,L_RESTRI,DR_HGT,DR_WGT,PREV_ACC,PREV_SUS,PREV_DWI,PREV_SPD,PREV_OTH,FIRST_MO,FIRST_YR,LAST_MO,LAST_YR,SPEEDREL,DR_SF1,DR_SF2,DR_SF3,DR_SF4,VTRAFWAY,VNUM_LAN,VSPD_LIM,VALIGN,VPROFILE,VPAVETYP,VSURCOND,VTRAFCON,VTCONT_F,P_CRASH1,P_CRASH2,P_CRASH3,PCRASH4,PCRASH5,ACC_TYPE,DEATHS,DR_DRINK
1.0,10535.0,1.0,1.0,2.0,24.0,8.0,23.0,53.0,8.0,0.0,1.0,0.0,1.0,1.0,35.0,47.0,35047.0,4.0,2003.0,1N4BL11D43C1,1,N,4,B,L,1,1,D,4,3,C,1,0.0,P,NISS,ABE,4D,3.0,17.0,3071.0,nan,0.0,1102.0,,G,nan,F,6,214,,,17R215,,,,,,0.0,0.0,000000000,00000000000,0.0,0.0,0.0,1.0,0.0,0.0,0.0,0.0,0.0,0.0,0.0,55.0,0.0,0.0,0.0,12.0,6.0,2.0,8.0,0.0,0.0,0.0,1.0,1.0,36027.0,6.0,1.0,0.0,0.0,3.0,1.0,64.0,120.0,0.0,0.0,0.0,2.0,2.0,12.0,2009.0,11.0,2011.0,0.0,0.0,0.0,0.0,0.0,2.0,2.0,50.0,1.0,1.0,2.0,1.0,0.0,0.0,1.0,80.0,3.0,1.0,1.0,13.0,0.0,0.0
1.0,10536.0,1.0,1.0,2.0,15.0,9.0,17.0,42.0,34.0,0.0,1.0,0.0,1.0,2.0,22.0,20.0,22020.0,2.0,1992.0,1G2WJ14TXNF2,1,G,2,W,J,1,4,T,X,N,F,2,0.0,P,PONT,GFS,CP,92.0,17.0,3214.0,nan,0.0,1075.0,,G,nan,F,6,191,,,15R205,,,,,,0.0,0.0,000000000,00000000000,0.0,0.0,0.0,1.0,0.0,0.0,0.0,0.0,0.0,0.0,0.0,999.0,0.0,1.0,5.0,5.0,6.0,2.0,1.0,0.0,0.0,0.0,1.0,1.0,35976.0,1.0,1.0,1.0,0.0,2.0,2.0,62.0,120.0,0.0,0.0,0.0,0.0,1.0,7.0,2012.0,7.0,2012.0,0.0,58.0,74.0,0.0,0.0,1.0,2.0,35.0,1.0,1.0,2.0,1.0,0.0,0.0,1.0,13.0,6.0,4.0,4.0,7.0,1.0,0.0
1.0,10537.0,1.0,2.0,2.0,15.0,9.0,11.0,15.0,12.0,6.0,1.0,0.0,1.0,1.0,20.0,23.0,20023.0,6.0,2006.0,3GNDA23P96S6,3,G,N,D,A,2,3,P,9,6,S,6,0.0,P,CHEV,HHR,SV,6.0,17.0,3155.0,nan,0.0,1035.0,,G,nan,F,4,146,,,16R215,,,,,,0.0,0.0,000000000,00000000000,0.0,0.0,0.0,1.0,0.0,0.0,0.0,0.0,0.0,0.0,0.0,15.0,0.0,1.0,1.0,9.0,6.0,2.0,12.0,0.0,0.0,0.0,1.0,53.0,35630.0,6.0,1.0,0.0,0.0,3.0,0.0,64.0,169.0,0.0,0.0,0.0,2.0,0.0,11.0,2010.0,1.0,2012.0,0.0,38.0,12.0,0.0,0.0,1.0,2.0,45.0,1.0,5.0,2.0,1.0,20.0,3.0,1.0,17.0,1.0,1.0,1.0,89.0,0.0,0.0
1.0,10537.0,2.0,2.0,1.0,15.0,9.0,11.0,15.0,12.0,6.0,1.0,0.0,1.0,1.0,72.0,706.0,72706.0,80.0,2012.0,1HD1PR818CB9,1,H,D,1,P,R,8,1,8,C,B,9,0.0,M,HD,SE7,RS,12.0,17.0,nan,nan,nan,nan,,,1800.0,,2,,4,889,,,,,,,0.0,0.0,000000000,00000000000,0.0,0.0,0.0,1.0,0.0,0.0,0.0,0.0,0.0,0.0,0.0,65.0,0.0,0.0,0.0,12.0,6.0,2.0,12.0,0.0,0.0,0.0,1.0,1.0,35550.0,6.0,1.0,0.0,0.0,3.0,0.0,73.0,180.0,0.0,0.0,0.0,0.0,0.0,0.0,0.0,0.0,0.0,1.0,0.0,0.0,0.0,0.0,2.0,2.0,45.0,1.0,6.0,2.0,1.0,0.0,0.0,1.0,66.0,1.0,1.0,1.0,88.0,1.0,0.0
1.0,10538.0,1.0,1.0,1.0,15.0,9.0,14.0,24.0,42.0,0.0,1.0,0.0,1.0,1.0,7.0,422.0,7422.0,15.0,2011.0,1D4RD2GG0BC6,1,D,4,R,D,2,G,G,0,B,C,6,0.0,P,DODG,DUR,UT,11.0,17.0,4756.0,nan,0.0,1198.0,,F,nan,F,6,220,,,18R265,,,,,,0.0,0.0,000000000,00000000000,0.0,0.0,0.0,1.0,0.0,0.0,0.0,0.0,0.0,0.0,0.0,80.0,0.0,1.0,5.0,10.0,6.0,2.0,1.0,0.0,0.0,1.0,1.0,1.0,36867.0,6.0,1.0,0.0,0.0,3.0,1.0,76.0,255.0,0.0,0.0,0.0,0.0,0.0,0.0,0.0,0.0,0.0,1.0,89.0,0.0,0.0,0.0,1.0,2.0,55.0,1.0,6.0,2.0,1.0,0.0,0.0,1.0,12.0,1.0,1.0,4.0,6.0,1.0,0.0
1.0,10539.0,1.0,2.0,1.0,16.0,9.0,10.0,20.0,12.0,2.0,1.0,0.0,1.0,3.0,12.0,401.0,12401.0,14.0,1998.0,1FMYU22X0WUC,1,F,M,Y,U,2,2,X,0,W,U,C,0.0,P,FORD,EPR,UT,98.0,17.0,3692.0,nan,0.0,1017.0,,G,nan,F,6,245,,,15R225,,,,,,0.0,0.0,000000000,00000000000,0.0,0.0,0.0,1.0,0.0,0.0,0.0,0.0,0.0,0.0,0.0,999.0,0.0,1.0,1.0,12.0,6.0,2.0,12.0,0.0,0.0,0.0,1.0,1.0,36535.0,6.0,1.0,0.0,0.0,3.0,0.0,73.0,190.0,0.0,0.0,0.0,0.0,0.0,0.0,0.0,0.0,0.0,0.0,38.0,0.0,0.0,0.0,1.0,2.0,55.0,1.0,1.0,2.0,1.0,0.0,0.0,11.0,15.0,1.0,1.0,1.0,68.0,0.0,1.0
1.0,10539.0,2.0,2.0,3.0,16.0,9.0,10.0,20.0,12.0,2.0,1.0,0.0,1.0,1.0,7.0,24.0,7024.0,4.0,2007.0,2B3KA53H17H8,2,B,3,K,A,5,3,H,1,7,H,8,0.0,P,DODG,CHR,4D,7.0,17.0,3976.0,nan,0.0,1200.0,,G,nan,F,8,348,,,18R225,,,,,,0.0,0.0,000000000,00000000000,0.0,0.0,0.0,1.0,0.0,0.0,0.0,0.0,0.0,0.0,0.0,999.0,0.0,0.0,0.0,12.0,6.0,2.0,12.0,0.0,0.0,0.0,1.0,1.0,36567.0,6.0,1.0,0.0,0.0,3.0,0.0,65.0,165.0,0.0,0.0,0.0,0.0,1.0,9.0,2009.0,9.0,2009.0,0.0,0.0,0.0,0.0,0.0,1.0,2.0,55.0,1.0,1.0,2.0,1.0,0.0,0.0,1.0,62.0,1.0,1.0,1.0,69.0,1.0,0.0
1.0,10540.0,1.0,1.0,1.0,16.0,9.0,2.0,40.0,32.0,0.0,1.0,0.0,1.0,2.0,49.0,40.0,49040.0,4.0,1999.0,4T1BG22KXXU5,4,T,1,B,G,2,2,K,X,X,U,5,0.0,P,TOYT,UEX,4D,99.0,17.0,2998.0,nan,0.0,1051.0,,G,nan,F,4,132,,,14R195,,,,,,0.0,0.0,000000000,00000000000,0.0,0.0,0.0,1.0,0.0,0.0,0.0,0.0,0.0,0.0,0.0,55.0,0.0,1.0,5.0,14.0,6.0,2.0,1.0,0.0,0.0,0.0,1.0,1.0,36535.0,6.0,1.0,0.0,0.0,3.0,0.0,70.0,225.0,0.0,1.0,0.0,0.0,1.0,3.0,2010.0,1.0,2011.0,0.0,0.0,0.0,0.0,0.0,1.0,2.0,55.0,1.0,1.0,2.0,1.0,0.0,0.0,1.0,13.0,1.0,1.0,4.0,1.0,1.0,1.0
1.0,10541.0,1.0,1.0,1.0,16.0,9.0,3.0,21.0,8.0,0.0,1.0,0.0,1.0,1.0,37.0,32.0,37032.0,4.0,2003.0,1HGCM56313A0,1,H,G,C,M,5,6,3,1,3,A,0,0.0,P,HOND,ULX,4D,3.0,17.0,3053.0,nan,0.0,1079.0,,G,nan,F,4,146,,,15R205,,,,,,0.0,0.0,000000000,00000000000,0.0,0.0,0.0,1.0,0.0,0.0,0.0,0.0,0.0,0.0,0.0,999.0,0.0,0.0,0.0,12.0,6.0,2.0,8.0,0.0,0.0,0.0,1.0,1.0,36109.0,6.0,1.0,0.0,0.0,3.0,0.0,62.0,131.0,0.0,0.0,0.0,1.0,0.0,12.0,2011.0,12.0,2011.0,0.0,0.0,0.0,0.0,0.0,2.0,2.0,55.0,1.0,1.0,2.0,1.0,0.0,0.0,1.0,80.0,1.0,1.0,1.0,13.0,0.0,1.0
1.0,10542.0,1.0,1.0,3.0,17.0,9.0,16.0,5.0,52.0,0.0,1.0,0.0,1.0,2.0,37.0,31.0,37031.0,4.0,2004.0,1HGEM22174L0,1,H,G,E,M,2,2,1,7,4,L,0,0.0,P,HOND,CVP,CP,4.0,17.0,2456.0,nan,0.0,1031.0,,G,nan,F,4,102,,,14R185,,,,,,0.0,0.0,000000000,00000000000,0.0,0.0,0.0,1.0,0.0,0.0,0.0,0.0,0.0,0.0,0.0,45.0,0.0,1.0,5.0,6.0,6.0,2.0,1.0,0.0,0.0,0.0,1.0,1.0,35023.0,6.0,1.0,0.0,0.0,3.0,1.0,64.0,150.0,0.0,0.0,0.0,1.0,0.0,7.0,2010.0,7.0,2010.0,1.0,0.0,0.0,0.0,0.0,1.0,2.0,35.0,3.0,6.0,2.0,2.0,0.0,0.0,14.0,6.0,1.0,3.0,4.0,2.0,1.0,0.0
1.0,10543.0,1.0,3.0,1.0,18.0,9.0,10.0,15.0,12.0,1.0,1.0,0.0,1.0,3.0,12.0,881.0,12881.0,62.0,1999.0,3FENF80Z2XMA,3,F,E,N,F,8,0,Z,2,X,M,A,0.0,T,FORD,F80,CC,99.0,17.0,nan,6.0,2550.0,1530.0,MHV,C,nan,,8,330,,,,,00000,00,A,42,0.0,57.0,2198708,572198708,2.0,1.0,1.0,1.0,0.0,0.0,0.0,0.0,0.0,0.0,0.0,35.0,0.0,0.0,0.0,12.0,6.0,2.0,12.0,0.0,0.0,0.0,1.0,1.0,36067.0,6.0,1.0,0.0,0.0,3.0,1.0,73.0,170.0,0.0,0.0,0.0,0.0,0.0,0.0,0.0,0.0,0.0,0.0,0.0,0.0,0.0,0.0,1.0,2.0,55.0,1.0,1.0,2.0,2.0,0.0,0.0,1.0,50.0,9.0,1.0,1.0,20.0,0.0,0.0
1.0,10543.0,2.0,3.0,1.0,18.0,9.0,10.0,15.0,12.0,1.0,1.0,0.0,1.0,3.0,23.0,481.0,23481.0,31.0,2003.0,1GTCS19H5382,1,G,T,C,S,1,9,H,5,3,8,2,0.0,T,GMC,SON,3C,3.0,17.0,nan,1.0,0.0,1229.0,SON,G,nan,,4,133,,,,B,3198,00,U,42,0.0,0.0,000000000,00000000000,0.0,0.0,0.0,1.0,0.0,0.0,0.0,0.0,0.0,0.0,0.0,0.0,0.0,0.0,0.0,6.0,6.0,2.0,12.0,0.0,0.0,0.0,1.0,1.0,35023.0,6.0,1.0,0.0,0.0,3.0,1.0,73.0,210.0,0.0,0.0,0.0,0.0,0.0,0.0,0.0,0.0,0.0,0.0,54.0,0.0,0.0,0.0,1.0,2.0,55.0,1.0,1.0,2.0,2.0,0.0,0.0,5.0,53.0,1.0,1.0,1.0,21.0,1.0,0.0
1.0,10543.0,3.0,3.0,1.0,18.0,9.0,10.0,15.0,12.0,1.0,1.0,0.0,1.0,2.0,12.0,401.0,12401.0,14.0,2003.0,1FMYU60E53UC,1,F,M,Y,U,6,0,E,5,3,U,C,0.0,P,FORD,EPR,UT,3.0,17.0,3828.0,nan,0.0,1018.0,,G,nan,F,6,245,,,16R235,,,,,,0.0,0.0,000000000,00000000000,0.0,0.0,0.0,1.0,0.0,0.0,0.0,0.0,0.0,0.0,0.0,55.0,0.0,0.0,0.0,12.0,6.0,2.0,12.0,0.0,0.0,0.0,1.0,13.0,30907.0,6.0,1.0,0.0,0.0,3.0,1.0,63.0,133.0,98.0,0.0,0.0,0.0,0.0,0.0,0.0,0.0,0.0,0.0,0.0,0.0,0.0,0.0,1.0,2.0,55.0,1.0,1.0,2.0,2.0,0.0,0.0,1.0,62.0,1.0,1.0,1.0,98.0,0.0,0.0
1.0,10544.0,1.0,2.0,1.0,19.0,9.0,7.0,25.0,12.0,2.0,1.0,0.0,1.0,2.0,12.0,481.0,12481.0,31.0,1997.0,1FTDX1863VNA,1,F,T,D,X,1,8,6,3,V,N,A,0.0,T,FORD,F15,3C,97.0,17.0,nan,1.0,1570.0,1390.0,COF,G,nan,,8,281,,,,B,4480,01,E,44,0.0,0.0,000000000,00000000000,0.0,0.0,0.0,1.0,0.0,0.0,0.0,0.0,0.0,0.0,0.0,35.0,0.0,0.0,0.0,12.0,6.0,2.0,12.0,0.0,0.0,0.0,1.0,1.0,35952.0,6.0,1.0,0.0,0.0,3.0,0.0,58.0,95.0,0.0,0.0,0.0,0.0,0.0,0.0,0.0,0.0,0.0,0.0,28.0,0.0,0.0,0.0,1.0,2.0,55.0,1.0,1.0,2.0,1.0,0.0,0.0,1.0,10.0,1.0,1.0,2.0,50.0,1.0,0.0
1.0,10544.0,2.0,2.0,2.0,19.0,9.0,7.0,25.0,12.0,2.0,1.0,0.0,1.0,1.0,12.0,481.0,12481.0,31.0,1989.0,1FTHF25H6KNB,1,F,T,H,F,2,5,H,6,K,N,B,0.0,T,FORD,F25,PK,89.0,17.0,nan,2.0,0.0,1330.0,COF,G,nan,,8,351,,,,C,3840,02,A,42,0.0,0.0,000000000,00000000000,0.0,0.0,0.0,1.0,0.0,0.0,0.0,0.0,0.0,0.0,0.0,35.0,0.0,0.0,0.0,12.0,6.0,2.0,12.0,0.0,0.0,0.0,1.0,1.0,35121.0,6.0,1.0,0.0,0.0,3.0,0.0,73.0,170.0,0.0,0.0,0.0,0.0,0.0,0.0,0.0,0.0,0.0,0.0,0.0,0.0,0.0,0.0,1.0,2.0,35.0,1.0,1.0,2.0,1.0,0.0,0.0,1.0,62.0,8.0,1.0,1.0,51.0,2.0,0.0
1.0,10545.0,1.0,1.0,1.0,20.0,9.0,19.0,45.0,1.0,0.0,1.0,0.0,1.0,1.0,12.0,498.0,12498.0,30.0,1978.0,1FTBR10T70U8,1,F,T,B,R,1,0,T,7,0,U,8,0.0,T,FORD,,,78.0,17.0,nan,nan,nan,nan,,G,nan,,6,300,,,,,,,,,0.0,0.0,000000000,00000000000,0.0,0.0,0.0,1.0,0.0,0.0,0.0,0.0,0.0,0.0,0.0,55.0,0.0,1.0,5.0,0.0,6.0,2.0,1.0,0.0,0.0,0.0,1.0,1.0,36545.0,1.0,1.0,0.0,0.0,2.0,2.0,71.0,135.0,0.0,2.0,2.0,0.0,0.0,5.0,2010.0,11.0,2010.0,0.0,74.0,58.0,0.0,0.0,1.0,2.0,45.0,2.0,6.0,2.0,1.0,0.0,0.0,14.0,13.0,6.0,4.0,4.0,7.0,1.0,1.0
1.0,10546.0,1.0,2.0,2.0,21.0,9.0,16.0,46.0,12.0,2.0,1.0,0.0,92.0,0.0,98.0,709.0,98709.0,88.0,9999.0,999999999999,9,9,9,9,9,9,9,9,9,9,9,9,0.0,,,,,nan,nan,nan,nan,nan,nan,,,nan,,,,,,,,,,,,0.0,0.0,000000000,00000000000,0.0,0.0,0.0,1.0,0.0,0.0,0.0,0.0,0.0,0.0,0.0,999.0,0.0,0.0,0.0,12.0,6.0,2.0,12.0,0.0,0.0,0.0,1.0,1.0,35611.0,6.0,7.0,0.0,0.0,1.0,0.0,70.0,155.0,0.0,0.0,0.0,0.0,0.0,0.0,0.0,0.0,0.0,0.0,28.0,0.0,0.0,0.0,1.0,2.0,25.0,1.0,1.0,2.0,1.0,0.0,0.0,10.0,10.0,1.0,1.0,2.0,80.0,1.0,0.0
1.0,10546.0,2.0,2.0,1.0,21.0,9.0,16.0,46.0,12.0,2.0,1.0,0.0,1.0,1.0,49.0,32.0,49032.0,4.0,2009.0,JTDBL40E99J0,J,T,D,B,L,4,0,E,9,9,J,0,0.0,P,TOYT,CLB,4D,9.0,17.0,2723.0,nan,0.0,1024.0,,G,nan,F,4,110,,,15R195,,,,,,0.0,0.0,000000000,00000000000,0.0,0.0,0.0,1.0,0.0,0.0,0.0,0.0,0.0,0.0,0.0,999.0,0.0,0.0,0.0,12.0,6.0,2.0,12.0,0.0,0.0,0.0,1.0,1.0,35810.0,6.0,1.0,0.0,0.0,3.0,0.0,66.0,130.0,1.0,0.0,0.0,0.0,0.0,3.0,2012.0,3.0,2012.0,0.0,0.0,0.0,0.0,0.0,1.0,2.0,25.0,1.0,1.0,2.0,1.0,0.0,0.0,1.0,62.0,7.0,1.0,1.0,81.0,0.0,0.0
1.0,10547.0,1.0,1.0,1.0,21.0,9.0,2.0,40.0,23.0,0.0,1.0,0.0,1.0,1.0,20.0,481.0,20481.0,31.0,2005.0,2GCEK13TX512,2,G,C,E,K,1,3,T,X,5,1,2,0.0,T,CHEV,SK1,CW,5.0,17.0,nan,2.0,0.0,1435.0,SIL,G,nan,,8,323,,,,B,5299,00,,44,0.0,0.0,000000000,00000000000,0.0,0.0,0.0,1.0,0.0,0.0,0.0,0.0,0.0,0.0,0.0,999.0,0.0,1.0,1.0,11.0,6.0,2.0,1.0,0.0,0.0,0.0,1.0,1.0,36701.0,1.0,1.0,0.0,0.0,2.0,0.0,66.0,200.0,0.0,1.0,0.0,0.0,0.0,1.0,2010.0,1.0,2010.0,0.0,0.0,0.0,0.0,0.0,2.0,2.0,55.0,1.0,1.0,2.0,1.0,0.0,0.0,1.0,12.0,1.0,1.0,4.0,6.0,1.0,1.0
1.0,10548.0,1.0,2.0,1.0,10.0,8.0,7.0,48.0,12.0,6.0,1.0,0.0,1.0,1.0,35.0,43.0,35043.0,4.0,2006.0,3N1CB51A76L5,3,N,1,C,B,5,1,A,7,6,L,5,0.0,P,NISS,S1S,4D,6.0,17.0,2546.0,nan,0.0,998.0,,G,nan,F,4,108,,,15R195,,,,,,0.0,0.0,000000000,00000000000,0.0,0.0,0.0,1.0,0.0,0.0,0.0,0.0,0.0,0.0,0.0,999.0,0.0,0.0,0.0,3.0,6.0,2.0,12.0,0.0,0.0,0.0,1.0,1.0,35971.0,6.0,1.0,0.0,0.0,3.0,1.0,70.0,275.0,0.0,0.0,0.0,2.0,0.0,1.0,2011.0,2.0,2012.0,0.0,0.0,0.0,0.0,0.0,2.0,4.0,65.0,1.0,1.0,2.0,2.0,0.0,0.0,1.0,12.0,1.0,4.0,6.0,66.0,1.0,0.0
1.0,10548.0,2.0,2.0,1.0,10.0,8.0,7.0,48.0,12.0,6.0,1.0,0.0,1.0,1.0,23.0,481.0,23481.0,31.0,1993.0,1GTEC14K8PE5,1,G,T,E,C,1,4,K,8,P,E,5,0.0,T,GMC,SC1,PK,93.0,17.0,nan,2.0,1315.0,1175.0,SIE,G,nan,,8,350,,,,B,00000,00,A,42,0.0,0.0,000000000,00000000000,0.0,0.0,0.0,1.0,0.0,0.0,0.0,0.0,0.0,0.0,0.0,65.0,0.0,0.0,0.0,12.0,6.0,2.0,12.0,0.0,0.0,0.0,1.0,1.0,35801.0,6.0,1.0,0.0,0.0,3.0,0.0,75.0,255.0,0.0,0.0,0.0,0.0,0.0,0.0,0.0,0.0,0.0,0.0,0.0,0.0,0.0,0.0,2.0,2.0,65.0,1.0,1.0,2.0,2.0,0.0,0.0,1.0,62.0,1.0,1.0,1.0,66.0,0.0,0.0
1.0,10549.0,1.0,3.0,1.0,7.0,9.0,14.0,50.0,12.0,6.0,1.0,0.0,1.0,1.0,12.0,881.0,12881.0,61.0,2012.0,1FT8W3DT9CEB,1,F,T,8,W,3,D,T,9,C,E,B,0.0,T,FORD,F3D,CW,12.0,17.0,nan,3.0,0.0,1724.0,DRW,D,nan,,8,409,,,,D,7459,00,7,44,0.0,88.0,888888888,88888888888,2.0,1.0,96.0,1.0,0.0,0.0,0.0,0.0,0.0,0.0,0.0,999.0,0.0,0.0,0.0,12.0,6.0,2.0,12.0,0.0,0.0,0.0,1.0,1.0,36582.0,6.0,1.0,0.0,0.0,3.0,0.0,66.0,150.0,0.0,0.0,0.0,0.0,0.0,0.0,0.0,0.0,0.0,0.0,38.0,0.0,0.0,0.0,2.0,4.0,50.0,1.0,1.0,2.0,1.0,0.0,0.0,11.0,15.0,1.0,1.0,1.0,68.0,0.0,0.0
1.0,10549.0,2.0,3.0,1.0,7.0,9.0,14.0,50.0,12.0,6.0,1.0,0.0,1.0,2.0,49.0,32.0,49032.0,4.0,1998.0,2T1BR18E2WC0,2,T,1,B,R,1,8,E,2,W,C,0,0.0,P,TOYT,UVL,4D,98.0,17.0,2414.0,nan,0.0,970.0,,G,nan,F,4,109,,,14R175,,,,,,0.0,0.0,000000000,00000000000,0.0,0.0,0.0,1.0,0.0,0.0,0.0,0.0,0.0,0.0,0.0,999.0,0.0,0.0,0.0,10.0,6.0,2.0,12.0,0.0,0.0,0.0,1.0,1.0,36582.0,6.0,1.0,0.0,0.0,3.0,1.0,70.0,140.0,0.0,0.0,0.0,0.0,0.0,0.0,0.0,0.0,0.0,0.0,0.0,0.0,0.0,0.0,2.0,2.0,50.0,1.0,1.0,2.0,1.0,0.0,0.0,1.0,62.0,7.0,1.0,1.0,69.0,1.0,0.0
1.0,10549.0,3.0,3.0,1.0,7.0,9.0,14.0,50.0,12.0,6.0,1.0,0.0,1.0,2.0,7.0,482.0,7482.0,31.0,1998.0,1B7HF16Y7WS7,1,B,7,H,F,1,6,Y,7,W,S,7,0.0,T,DODG,150,PK,98.0,17.0,nan,2.0,1347.0,1187.0,RPC,G,nan,,8,318,,,,B,4552,01,U,44,0.0,0.0,000000000,00000000000,0.0,0.0,0.0,1.0,0.0,0.0,0.0,0.0,0.0,0.0,0.0,0.0,0.0,0.0,0.0,9.0,4.0,3.0,12.0,0.0,0.0,0.0,1.0,1.0,36587.0,6.0,1.0,0.0,0.0,3.0,0.0,73.0,300.0,0.0,0.0,0.0,0.0,0.0,0.0,0.0,0.0,0.0,0.0,0.0,0.0,0.0,0.0,1.0,2.0,30.0,1.0,6.0,2.0,1.0,20.0,3.0,5.0,66.0,1.0,1.0,1.0,98.0,0.0,0.0
1.0,10550.0,1.0,1.0,1.0,25.0,9.0,19.0,4.0,1.0,0.0,1.0,0.0,1.0,1.0,55.0,401.0,55401.0,14.0,2003.0,KM8SC13D63U4,K,M,8,S,C,1,3,D,6,3,U,4,0.0,P,HYUN,SAN,UT,3.0,17.0,3549.0,nan,0.0,1031.0,,G,nan,F,6,162,,,16R225,,,,,,0.0,0.0,000000000,00000000000,0.0,0.0,0.0,1.0,0.0,0.0,0.0,0.0,0.0,0.0,0.0,999.0,0.0,1.0,5.0,0.0,6.0,2.0,1.0,0.0,0.0,0.0,1.0,1.0,36863.0,6.0,1.0,0.0,0.0,3.0,0.0,66.0,122.0,1.0,1.0,0.0,1.0,0.0,10.0,2009.0,7.0,2012.0,0.0,0.0,0.0,0.0,0.0,1.0,2.0,25.0,3.0,1.0,2.0,1.0,0.0,0.0,14.0,13.0,1.0,1.0,4.0,1.0,1.0,0.0
1.0,10551.0,1.0,1.0,1.0,2.0,10.0,14.0,52.0,42.0,0.0,1.0,0.0,1.0,1.0,20.0,481.0,20481.0,31.0,1992.0,2GCEK19K7N11,2,G,C,E,K,1,9,K,7,N,1,1,0.0,T,CHEV,GK1,PC,92.0,17.0,nan,2.0,1555.0,1415.0,GM4,G,nan,,8,350,,,,B,4303,02,,44,0.0,0.0,000000000,00000000000,0.0,0.0,0.0,1.0,0.0,0.0,0.0,0.0,0.0,0.0,0.0,999.0,0.0,0.0,0.0,9.0,6.0,2.0,42.0,0.0,0.0,0.0,1.0,1.0,35901.0,6.0,1.0,0.0,0.0,3.0,0.0,72.0,220.0,0.0,1.0,0.0,0.0,0.0,9.0,2012.0,9.0,2012.0,1.0,0.0,0.0,0.0,0.0,1.0,2.0,35.0,2.0,6.0,2.0,1.0,0.0,0.0,14.0,12.0,1.0,1.0,4.0,6.0,1.0,0.0
1.0,10552.0,1.0,1.0,1.0,3.0,10.0,4.0,50.0,8.0,0.0,1.0,0.0,1.0,1.0,12.0,471.0,12471.0,30.0,1996.0,1FTCR10A5TTA,1,F,T,C,R,1,0,A,5,T,T,A,0.0,T,FORD,RNG,PK,96.0,17.0,nan,1.0,1140.0,1080.0,RNG,G,nan,,4,140,,,,B,2961,00,B,42,0.0,0.0,000000000,00000000000,0.0,0.0,0.0,1.0,0.0,0.0,0.0,0.0,0.0,0.0,0.0,38.0,0.0,0.0,0.0,12.0,2.0,1.0,8.0,0.0,0.0,0.0,1.0,1.0,35565.0,6.0,1.0,0.0,0.0,3.0,0.0,67.0,180.0,0.0,0.0,0.0,2.0,0.0,3.0,2011.0,4.0,2011.0,0.0,0.0,0.0,0.0,0.0,1.0,2.0,45.0,1.0,1.0,2.0,1.0,0.0,0.0,1.0,80.0,3.0,1.0,1.0,13.0,0.0,0.0
1.0,10553.0,1.0,2.0,1.0,6.0,10.0,15.0,9.0,12.0,6.0,1.0,0.0,1.0,2.0,37.0,401.0,37401.0,14.0,1994.0,4S6CY58V5R44,4,S,6,C,Y,5,8,V,5,R,4,4,0.0,P,HOND,PAS,UT,94.0,17.0,3907.0,nan,0.0,1085.0,,G,nan,F,6,193,,,15R225,,,,,,0.0,0.0,000000000,00000000000,0.0,0.0,0.0,1.0,0.0,0.0,0.0,0.0,0.0,0.0,0.0,999.0,0.0,0.0,0.0,12.0,2.0,3.0,12.0,0.0,0.0,0.0,1.0,1.0,35905.0,6.0,1.0,0.0,0.0,3.0,0.0,71.0,200.0,1.0,0.0,0.0,2.0,0.0,10.0,2010.0,5.0,2012.0,0.0,89.0,38.0,0.0,0.0,1.0,2.0,25.0,1.0,1.0,2.0,1.0,0.0,0.0,1.0,17.0,1.0,1.0,1.0,88.0,0.0,0.0