STATE,ST_CASE,VEH_NO,VE_FORMS,NUMOCCS,DAY,MONTH,HOUR,MINUTE,HARM_EV,MAN_COLL,UNITTYPE,HIT_RUN,REG_STAT,OWNER,MAKE,MODEL,MAK_MOD,BODY_TYP,MOD_YEAR,VIN,VIN_1,VIN_2,VIN_3,VIN_4,VIN_5,VIN_6,VIN_7,VIN_8,VIN_9,VIN_10,VIN_11,VIN_12,TOW_VEH,VINTYPE,VINMAKE,VINA_MOD,VIN_BT,VINMODYR,VIN_LNGT,VIN_WGT,WGTCD_TR,WHLBS_LG,WHLBS_SH,SER_TR,FUELCODE,MCYCL_DS,CARBUR,CYLINDER,DISPLACE,MCYCL_CY,MCYCL_WT,TIRE_SZE,TON_RAT,TRK_WT,TRKWTVAR,VIN_REST,WHLDRWHL,J_KNIFE,MCARR_I1,MCARR_I2,MCARR_ID,GVWR,V_CONFIG,CARGO_BT,HAZ_INV,HAZ_PLAC,HAZ_ID,HAZ_CNO,HAZ_REL,BUS_USE,SPEC_USE,EMER_USE,TRAV_SP,UNDERIDE,ROLLOVER,ROLINLOC,IMPACT1,DEFORMED,TOWED,M_HARM,VEH_SC1,VEH_SC2,FIRE_EXP,DR_PRES,L_STATE,DR_ZIP,L_STATUS,L_TYPE,CDL_STAT,L_ENDORS,L_COMPL,L_RESTRI,DR_HGT,DR_WGT,PREV_ACC,PREV_SUS,PREV_DWI,PREV_SPD,PREV_OTH,FIRST_MO,FIRST_YR,LAST_MO,LAST_YR,SPEEDREL,DR_SF1,DR_SF2,DR_SF3,DR_SF4,VTRAFWAY,VNUM_LAN,VSPD_LIM,VALIGN,VPROFILE,VPAVETYP,VSURCOND,VTRAFCON,VTCONT_F,P_CRASH1,P_CRASH2,P_CRASH3,PCRASH4,PCRASH5,ACC_TYPE,DEATHS,DR_DRINK
1.0,10570.0,2.0,2.0,3.0,25.0,9.0,17.0,40.0,52.0,0.0,1.0,0.0,1.0,2.0,54.0,421.0,54421.0,15.0,2003.0,2HNYD18263H5,2,H,N,Y,D,1,8,2,6,3,H,5,0.0,P,ACUR,MDX,UT,3.0,17.0,4420.0,nan,0.0,1063.0,,G,nan,F,6,212,,,17R235,,,,,,0.0,0.0,000000000,00000000000,0.0,0.0,0.0,1.0,0.0,0.0,0.0,0.0,0.0,0.0,0.0,55.0,0.0,0.0,0.0,12.0,2.0,1.0,12.0,0.0,0.0,0.0,1.0,1.0,35621.0,6.0,1.0,6.0,0.0,3.0,0.0,69.0,181.0,0.0,0.0,0.0,0.0,0.0,0.0,0.0,0.0,0.0,0.0,0.0,0.0,0.0,0.0,3.0,3.0,55.0,1.0,1.0,2.0,1.0,0.0,0.0,1.0,90.0,1.0,1.0,1.0,98.0,0.0,0.0
1.0,10571.0,1.0,1.0,2.0,26.0,9.0,18.0,35.0,32.0,0.0,1.0,0.0,1.0,1.0,49.0,472.0,49472.0,30.0,2000.0,4TANL42N0YZ6,4,T,A,N,L,4,2,N,0,Y,Z,6,0.0,T,TOYT,REG,PK,0.0,17.0,nan,1.0,0.0,1033.0,TAC,G,nan,,4,149,,,,B,2580,00,U,42,0.0,0.0,000000000,00000000000,0.0,0.0,0.0,1.0,0.0,0.0,0.0,0.0,0.0,0.0,0.0,50.0,0.0,0.0,0.0,12.0,6.0,2.0,32.0,0.0,0.0,0.0,1.0,1.0,35954.0,6.0,1.0,0.0,0.0,3.0,0.0,69.0,250.0,0.0,0.0,0.0,0.0,0.0,0.0,0.0,0.0,0.0,0.0,89.0,58.0,0.0,0.0,1.0,2.0,50.0,1.0,6.0,2.0,1.0,0.0,0.0,1.0,13.0,6.0,1.0,4.0,6.0,1.0,0.0
1.0,10572.0,1.0,1.0,1.0,26.0,9.0,4.0,0.0,34.0,0.0,1.0,0.0,1.0,1.0,49.0,472.0,49472.0,30.0,2000.0,4TANL42N0YZ6,4,T,A,N,L,4,2,N,0,Y,Z,6,0.0,T,TOYT,REG,PK,0.0,17.0,nan,1.0,0.0,1033.0,TAC,G,nan,,4,149,,,,B,2580,00,U,42,0.0,0.0,000000000,00000000000,0.0,0.0,0.0,1.0,0.0,0.0,0.0,0.0,0.0,0.0,0.0,999.0,0.0,0.0,0.0,12.0,6.0,2.0,34.0,0.0,0.0,0.0,1.0,1.0,35143.0,6.0,1.0,0.0,0.0,3.0,0.0,66.0,115.0,0.0,0.0,0.0,0.0,0.0,0.0,0.0,0.0,0.0,0.0,0.0,0.0,0.0,0.0,1.0,2.0,55.0,3.0,1.0,2.0,1.0,0.0,0.0,14.0,13.0,1.0,1.0,4.0,1.0,1.0,1.0
1.0,10573.0,1.0,1.0,1.0,28.0,9.0,0.0,4.0,33.0,0.0,1.0,0.0,1.0,1.0,53.0,704.0,53704.0,80.0,2001.0,JS1SK43A1121,J,S,1,S,K,4,3,A,1,1,2,1,0.0,M,SUZI,DRS,EN,1.0,17.0,nan,nan,nan,nan,,,398.0,,1,,4,291,,,,,,,0.0,0.0,000000000,00000000000,0.0,0.0,0.0,1.0,0.0,0.0,0.0,0.0,0.0,0.0,0.0,999.0,0.0,0.0,0.0,3.0,6.0,2.0,42.0,0.0,0.0,0.0,1.0,1.0,36111.0,6.0,1.0,0.0,0.0,3.0,1.0,70.0,140.0,0.0,0.0,0.0,0.0,0.0,0.0,0.0,0.0,0.0,0.0,0.0,0.0,0.0,0.0,1.0,2.0,25.0,1.0,1.0,2.0,1.0,0.0,0.0,1.0,13.0,1.0,1.0,4.0,1.0,1.0,1.0
1.0,10574.0,1.0,1.0,1.0,28.0,9.0,3.0,0.0,34.0,0.0,1.0,0.0,1.0,1.0,52.0,34.0,52034.0,4.0,1999.0,4A3AA46L5XE0,4,A,3,A,A,4,6,L,5,X,E,0,0.0,P,MITS,EGT,4D,99.0,17.0,3140.0,nan,0.0,1037.0,,G,nan,F,6,181,,,16R205,,,,,,0.0,0.0,000000000,00000000000,0.0,0.0,0.0,1.0,0.0,0.0,0.0,0.0,0.0,0.0,0.0,90.0,0.0,1.0,5.0,12.0,6.0,2.0,34.0,0.0,0.0,0.0,1.0,1.0,36116.0,0.0,0.0,0.0,0.0,0.0,0.0,65.0,155.0,0.0,0.0,0.0,0.0,0.0,0.0,0.0,0.0,0.0,1.0,0.0,0.0,0.0,0.0,2.0,2.0,70.0,1.0,1.0,2.0,1.0,0.0,0.0,1.0,13.0,1.0,1.0,4.0,1.0,1.0,0.0
1.0,10575.0,1.0,1.0,1.0,28.0,9.0,11.0,30.0,38.0,0.0,1.0,0.0,92.0,0.0,72.0,706.0,72706.0,80.0,2009.0,1HD4CP2179K4,1,H,D,4,C,P,2,1,7,9,K,4,0.0,M,HD,L8C,RS,9.0,17.0,nan,nan,nan,nan,,,883.0,,2,,4,591,,,,,,,0.0,0.0,000000000,00000000000,0.0,0.0,0.0,1.0,0.0,0.0,0.0,0.0,0.0,0.0,0.0,70.0,0.0,0.0,0.0,12.0,6.0,2.0,38.0,0.0,0.0,0.0,1.0,1.0,35087.0,6.0,1.0,0.0,0.0,3.0,0.0,74.0,190.0,0.0,0.0,0.0,0.0,0.0,0.0,0.0,0.0,0.0,1.0,0.0,0.0,0.0,0.0,1.0,2.0,55.0,1.0,1.0,2.0,1.0,0.0,0.0,6.0,9.0,1.0,1.0,4.0,1.0,1.0,0.0
1.0,10576.0,1.0,1.0,2.0,29.0,9.0,23.0,0.0,42.0,0.0,1.0,0.0,1.0,2.0,20.0,482.0,20482.0,31.0,2002.0,3GNEC13TX2G1,3,G,N,E,C,1,3,T,X,2,G,1,0.0,T,CHEV,CAV,CW,2.0,17.0,nan,2.0,0.0,1300.0,AVL,G,nan,,8,325,,,,B,5400,00,,42,0.0,0.0,000000000,00000000000,0.0,0.0,0.0,1.0,0.0,0.0,0.0,0.0,0.0,0.0,0.0,75.0,0.0,1.0,5.0,12.0,6.0,2.0,42.0,0.0,0.0,0.0,1.0,1.0,36720.0,1.0,1.0,0.0,0.0,2.0,0.0,66.0,208.0,0.0,1.0,0.0,2.0,0.0,1.0,2011.0,11.0,2011.0,1.0,0.0,0.0,0.0,0.0,1.0,2.0,55.0,3.0,6.0,2.0,2.0,0.0,0.0,14.0,6.0,1.0,1.0,4.0,6.0,2.0,1.0
1.0,10577.0,1.0,2.0,2.0,29.0,9.0,10.0,20.0,12.0,2.0,1.0,0.0,92.0,0.0,35.0,481.0,35481.0,31.0,2008.0,1N6AA06C68N3,1,N,6,A,A,0,6,C,6,8,N,3,0.0,T,NISS,TXP,PC,8.0,17.0,nan,2.0,0.0,1398.0,TTN,G,nan,,8,342,,,,B,5086,00,4,44,0.0,0.0,000000000,00000000000,0.0,0.0,0.0,1.0,0.0,0.0,0.0,0.0,0.0,0.0,0.0,65.0,0.0,1.0,5.0,12.0,6.0,2.0,12.0,0.0,0.0,0.0,1.0,1.0,36518.0,1.0,1.0,0.0,0.0,2.0,0.0,66.0,205.0,1.0,1.0,0.0,0.0,0.0,5.0,2010.0,12.0,2011.0,0.0,0.0,0.0,0.0,0.0,1.0,2.0,45.0,1.0,1.0,2.0,1.0,0.0,0.0,1.0,10.0,1.0,1.0,2.0,50.0,0.0,0.0
1.0,10577.0,2.0,2.0,1.0,29.0,9.0,10.0,20.0,12.0,2.0,1.0,0.0,1.0,1.0,38.0,471.0,38471.0,30.0,1990.0,JAACL16E5L72,J,A,A,C,L,1,6,E,5,L,7,2,0.0,T,ISU,SSC,PK,90.0,17.0,nan,1.0,0.0,1192.0,CON,G,nan,,4,156,,,,B,2915,01,A,42,0.0,0.0,000000000,00000000000,0.0,0.0,0.0,1.0,0.0,0.0,0.0,0.0,0.0,0.0,0.0,30.0,0.0,0.0,0.0,12.0,6.0,2.0,12.0,0.0,0.0,0.0,1.0,1.0,36556.0,6.0,1.0,0.0,0.0,3.0,0.0,72.0,230.0,0.0,0.0,0.0,0.0,0.0,0.0,0.0,0.0,0.0,0.0,0.0,0.0,0.0,0.0,1.0,2.0,45.0,1.0,1.0,2.0,1.0,0.0,0.0,1.0,62.0,1.0,1.0,1.0,51.0,1.0,0.0
1.0,10578.0,1.0,1.0,1.0,30.0,9.0,17.0,28.0,42.0,0.0,1.0,0.0,1.0,1.0,35.0,401.0,35401.0,14.0,2004.0,JN8DR09X54W8,J,N,8,D,R,0,9,X,5,4,W,8,0.0,P,NISS,PFI,UT,4.0,17.0,3737.0,nan,0.0,1063.0,,G,nan,F,6,213,,,16R255,,,,,,0.0,0.0,000000000,00000000000,0.0,0.0,0.0,1.0,0.0,0.0,0.0,0.0,0.0,0.0,0.0,45.0,0.0,0.0,0.0,12.0,6.0,2.0,42.0,0.0,0.0,0.0,1.0,1.0,35186.0,6.0,1.0,0.0,0.0,3.0,1.0,62.0,170.0,0.0,0.0,0.0,0.0,0.0,0.0,0.0,0.0,0.0,1.0,58.0,87.0,0.0,0.0,1.0,2.0,45.0,1.0,1.0,2.0,2.0,0.0,0.0,1.0,13.0,6.0,4.0,4.0,7.0,1.0,0.0
1.0,10579.0,1.0,1.0,1.0,1.0,10.0,12.0,50.0,34.0,0.0,1.0,0.0,1.0,1.0,49.0,43.0,49043.0,4.0,2011.0,4T1BK3DBXBU4,4,T,1,B,K,3,D,B,X,B,U,4,0.0,P,TOYT,ABL,4D,11.0,17.0,3572.0,nan,0.0,1110.0,,G,nan,F,6,214,,,17R215,,,,,,0.0,0.0,000000000,00000000000,0.0,0.0,0.0,1.0,0.0,0.0,0.0,0.0,0.0,0.0,0.0,50.0,0.0,1.0,5.0,12.0,6.0,2.0,1.0,0.0,0.0,0.0,1.0,1.0,36266.0,6.0,1.0,0.0,0.0,3.0,0.0,70.0,136.0,0.0,0.0,0.0,0.0,0.0,0.0,0.0,0.0,0.0,0.0,0.0,0.0,0.0,0.0,1.0,2.0,55.0,1.0,1.0,2.0,2.0,0.0,0.0,1.0,12.0,1.0,1.0,4.0,6.0,1.0,0.0
1.0,10580.0,1.0,1.0,1.0,28.0,9.0,14.0,10.0,21.0,0.0,1.0,0.0,48.0,1.0,12.0,23.0,12023.0,4.0,2012.0,3FAHP0HA3CR2,3,F,A,H,P,0,H,A,3,C,R,2,0.0,P,FORD,F/E,4D,12.0,17.0,3285.0,nan,0.0,1074.0,,G,nan,F,4,152,,,17R225,,,,,,0.0,0.0,000000000,00000000000,0.0,0.0,0.0,1.0,0.0,0.0,0.0,0.0,0.0,0.0,0.0,85.0,0.0,0.0,0.0,12.0,6.0,2.0,21.0,0.0,0.0,0.0,1.0,48.0,76549.0,6.0,1.0,0.0,0.0,3.0,1.0,999.0,999.0,0.0,1.0,0.0,0.0,1.0,4.0,2011.0,2.0,2012.0,0.0,99.0,99.0,99.0,99.0,2.0,2.0,55.0,1.0,6.0,1.0,1.0,0.0,0.0,1.0,13.0,1.0,1.0,4.0,1.0,1.0,0.0
1.0,10581.0,1.0,2.0,2.0,1.0,10.0,20.0,8.0,12.0,6.0,1.0,0.0,1.0,4.0,20.0,421.0,20421.0,15.0,2004.0,1GNEK13T34J2,1,G,N,E,K,1,3,T,3,4,J,2,0.0,P,CHEV,KTA,UT,4.0,17.0,5050.0,nan,0.0,1160.0,,G,nan,F,8,325,,,16R265,,,,,,0.0,0.0,000000000,00000000000,0.0,0.0,0.0,1.0,0.0,0.0,0.0,0.0,0.0,0.0,0.0,78.0,0.0,0.0,0.0,12.0,6.0,2.0,12.0,0.0,0.0,0.0,1.0,1.0,35118.0,1.0,1.0,0.0,0.0,2.0,0.0,72.0,155.0,0.0,1.0,0.0,0.0,1.0,11.0,2011.0,12.0,2011.0,1.0,39.0,37.0,0.0,0.0,2.0,2.0,40.0,1.0,1.0,2.0,1.0,3.0,3.0,1.0,17.0,1.0,1.0,1.0,86.0,0.0,0.0
1.0,10581.0,2.0,2.0,3.0,1.0,10.0,20.0,8.0,12.0,6.0,1.0,0.0,1.0,1.0,21.0,3.0,21003.0,4.0,1993.0,1G3CW53L5P43,1,G,3,C,W,5,3,L,5,P,4,3,0.0,P,OLDS,9RE,4D,93.0,17.0,3491.0,nan,0.0,1108.0,,G,nan,F,6,231,,,15R205,,,,,,0.0,0.0,000000000,00000000000,0.0,0.0,0.0,1.0,0.0,0.0,0.0,0.0,0.0,0.0,0.0,999.0,0.0,0.0,0.0,3.0,6.0,2.0,12.0,0.0,0.0,0.0,1.0,1.0,35077.0,6.0,1.0,0.0,0.0,3.0,0.0,69.0,135.0,1.0,0.0,0.0,1.0,0.0,12.0,2009.0,3.0,2012.0,0.0,0.0,0.0,0.0,0.0,2.0,2.0,40.0,1.0,1.0,2.0,1.0,3.0,3.0,1.0,66.0,1.0,1.0,1.0,87.0,3.0,0.0
1.0,10582.0,1.0,2.0,1.0,10.0,10.0,20.0,0.0,12.0,2.0,1.0,0.0,1.0,1.0,20.0,481.0,20481.0,31.0,1994.0,1GCDC14K1RZ1,1,G,C,D,C,1,4,K,1,R,Z,1,0.0,T,CHEV,GC1,PK,94.0,17.0,nan,1.0,1315.0,1175.0,GM4,G,nan,,8,350,,,,B,3675,02,,42,0.0,0.0,000000000,00000000000,0.0,0.0,0.0,1.0,0.0,0.0,0.0,0.0,0.0,0.0,0.0,50.0,0.0,0.0,0.0,12.0,6.0,2.0,12.0,0.0,0.0,0.0,1.0,1.0,35117.0,2.0,1.0,0.0,0.0,2.0,0.0,66.0,200.0,0.0,2.0,1.0,0.0,1.0,4.0,2010.0,10.0,2011.0,0.0,0.0,0.0,0.0,0.0,1.0,2.0,35.0,1.0,1.0,2.0,1.0,0.0,0.0,1.0,99.0,1.0,1.0,9.0,53.0,1.0,1.0
1.0,10582.0,2.0,2.0,1.0,10.0,10.0,20.0,0.0,12.0,2.0,1.0,0.0,1.0,3.0,7.0,402.0,7402.0,14.0,2001.0,1B4HS28N51F5,1,B,4,H,S,2,8,N,5,1,F,5,0.0,P,DODG,DUR,UT,1.0,17.0,4512.0,nan,0.0,1159.0,,G,nan,F,8,287,,,15R235,,,,,,0.0,0.0,000000000,00000000000,0.0,0.0,0.0,1.0,0.0,0.0,0.0,0.0,0.0,0.0,0.0,35.0,0.0,0.0,0.0,12.0,6.0,2.0,12.0,0.0,0.0,0.0,1.0,1.0,35214.0,6.0,1.0,0.0,0.0,3.0,0.0,71.0,165.0,0.0,0.0,0.0,0.0,0.0,0.0,0.0,0.0,0.0,0.0,0.0,0.0,0.0,0.0,1.0,2.0,35.0,1.0,1.0,2.0,1.0,0.0,0.0,1.0,99.0,1.0,1.0,1.0,53.0,0.0,0.0
1.0,10583.0,1.0,1.0,1.0,30.0,8.0,20.0,26.0,24.0,0.0,1.0,0.0,26.0,2.0,53.0,706.0,53706.0,80.0,2005.0,JS1VS55A0521,J,S,1,V,S,5,5,A,0,5,2,1,0.0,M,SUZI,C50,RS,5.0,17.0,nan,nan,nan,nan,,,805.0,,2,,4,542,,,,,,,0.0,0.0,000000000,00000000000,0.0,0.0,0.0,1.0,0.0,0.0,0.0,0.0,0.0,0.0,0.0,999.0,0.0,0.0,0.0,12.0,6.0,2.0,24.0,0.0,0.0,0.0,1.0,1.0,35023.0,6.0,1.0,6.0,0.0,3.0,1.0,67.0,151.0,0.0,0.0,0.0,0.0,0.0,0.0,0.0,0.0,0.0,0.0,8.0,0.0,0.0,0.0,1.0,2.0,50.0,3.0,5.0,2.0,1.0,0.0,0.0,14.0,13.0,1.0,1.0,4.0,1.0,1.0,0.0
1.0,10584.0,1.0,1.0,3.0,8.0,10.0,21.0,59.0,1.0,0.0,1.0,0.0,1.0,2.0,20.0,421.0,20421.0,15.0,1996.0,1GNCS13W8T21,1,G,N,C,S,1,3,W,8,T,2,1,0.0,P,CHEV,BZR,UT,96.0,17.0,3691.0,nan,0.0,1070.0,,G,nan,F,6,262,,,15R235,,,,,,0.0,0.0,000000000,00000000000,0.0,0.0,0.0,1.0,0.0,0.0,0.0,0.0,0.0,0.0,0.0,45.0,0.0,1.0,5.0,0.0,6.0,2.0,1.0,0.0,0.0,0.0,1.0,1.0,35987.0,6.0,1.0,0.0,0.0,3.0,0.0,64.0,130.0,0.0,0.0,0.0,0.0,0.0,0.0,0.0,0.0,0.0,0.0,0.0,0.0,0.0,0.0,1.0,2.0,45.0,1.0,1.0,2.0,1.0,0.0,0.0,1.0,13.0,6.0,1.0,4.0,1.0,1.0,0.0
1.0,10585.0,1.0,2.0,1.0,10.0,10.0,13.0,47.0,12.0,1.0,1.0,0.0,1.0,1.0,49.0,38.0,49038.0,3.0,1990.0,JT2EL36M4L05,J,T,2,E,L,3,6,M,4,L,0,5,0.0,P,TOYT,TEZ,2H,90.0,17.0,1970.0,nan,0.0,937.0,,G,nan,1,4,089,,,13R145,,,,,,0.0,0.0,000000000,00000000000,0.0,0.0,0.0,1.0,0.0,0.0,0.0,0.0,0.0,0.0,0.0,45.0,0.0,0.0,0.0,12.0,6.0,2.0,12.0,0.0,0.0,0.0,1.0,1.0,36580.0,6.0,1.0,0.0,0.0,3.0,1.0,66.0,193.0,0.0,0.0,0.0,0.0,0.0,0.0,0.0,0.0,0.0,0.0,89.0,0.0,0.0,0.0,1.0,2.0,55.0,1.0,1.0,2.0,1.0,3.0,3.0,1.0,50.0,1.0,1.0,1.0,20.0,1.0,0.0
1.0,10585.0,2.0,2.0,1.0,10.0,10.0,13.0,47.0,12.0,1.0,1.0,0.0,4.0,4.0,12.0,881.0,12881.0,60.0,2012.0,1FDXE4FS3CDA,1,F,D,X,E,4,F,S,3,C,D,A,0.0,T,FORD,4DC,YY,12.0,17.0,nan,4.0,1760.0,1580.0,CTV,G,nan,,10,415,,,,D,5354,00,E,42,0.0,88.0,888888888,88888888888,2.0,1.0,1.0,1.0,0.0,0.0,0.0,0.0,0.0,0.0,0.0,0.0,0.0,0.0,0.0,6.0,4.0,1.0,12.0,0.0,0.0,0.0,1.0,1.0,36535.0,6.0,1.0,0.0,0.0,3.0,0.0,71.0,251.0,1.0,0.0,0.0,0.0,0.0,11.0,2011.0,11.0,2011.0,0.0,0.0,0.0,0.0,0.0,1.0,2.0,55.0,1.0,1.0,2.0,1.0,3.0,3.0,5.0,53.0,1.0,1.0,1.0,21.0,0.0,0.0
1.0,10586.0,1.0,1.0,6.0,14.0,10.0,15.0,30.0,32.0,0.0,1.0,0.0,1.0,1.0,20.0,421.0,20421.0,15.0,1997.0,1GNEK13R0VJ3,1,G,N,E,K,1,3,R,0,V,J,3,0.0,P,CHEV,KTA,UT,97.0,17.0,5225.0,nan,0.0,1175.0,,G,nan,F,8,350,,,15R235,,,,,,0.0,0.0,000000000,00000000000,0.0,0.0,0.0,1.0,0.0,0.0,0.0,0.0,0.0,0.0,0.0,999.0,0.0,1.0,3.0,10.0,6.0,2.0,1.0,0.0,0.0,0.0,1.0,96.0,35115.0,9.0,9.0,99.0,9.0,9.0,9.0,999.0,999.0,99.0,99.0,99.0,99.0,99.0,99.0,9999.0,99.0,9999.0,0.0,58.0,0.0,0.0,0.0,2.0,2.0,70.0,1.0,1.0,2.0,1.0,0.0,0.0,1.0,1.0,99.0,9.0,4.0,7.0,1.0,0.0
1.0,10587.0,1.0,2.0,3.0,21.0,10.0,12.0,8.0,12.0,6.0,1.0,0.0,1.0,2.0,23.0,402.0,23402.0,14.0,2011.0,2CTALMEC7B63,2,C,T,A,L,M,E,C,7,B,6,3,0.0,T,GMC,TEL,4W,11.0,17.0,nan,1.0,0.0,1125.0,TER,G,nan,,4,146,,,,,3853,00,S,42,0.0,0.0,000000000,00000000000,0.0,0.0,0.0,1.0,0.0,0.0,0.0,0.0,0.0,0.0,0.0,45.0,0.0,0.0,0.0,12.0,6.0,2.0,12.0,0.0,0.0,0.0,1.0,1.0,35601.0,6.0,1.0,0.0,0.0,3.0,0.0,63.0,115.0,1.0,0.0,0.0,1.0,0.0,6.0,2010.0,9.0,2010.0,0.0,39.0,0.0,0.0,0.0,2.0,2.0,45.0,1.0,1.0,2.0,1.0,3.0,3.0,1.0,17.0,1.0,1.0,1.0,88.0,0.0,0.0
1.0,10587.0,2.0,2.0,1.0,21.0,10.0,12.0,8.0,12.0,6.0,1.0,0.0,1.0,1.0,49.0,40.0,49040.0,4.0,1998.0,4T1BG22KXWU8,4,T,1,B,G,2,2,K,X,W,U,8,0.0,P,TOYT,CXL,4D,98.0,17.0,2998.0,nan,0.0,1051.0,,G,nan,F,4,132,,,14R195,,,,,,0.0,0.0,000000000,00000000000,0.0,0.0,0.0,1.0,0.0,0.0,0.0,0.0,0.0,0.0,0.0,15.0,0.0,0.0,0.0,9.0,6.0,2.0,12.0,0.0,0.0,0.0,1.0,1.0,35904.0,6.0,1.0,0.0,0.0,3.0,0.0,62.0,115.0,0.0,0.0,0.0,0.0,0.0,0.0,0.0,0.0,0.0,0.0,0.0,0.0,0.0,0.0,1.0,2.0,25.0,1.0,1.0,2.0,1.0,3.0,3.0,1.0,66.0,1.0,1.0,1.0,89.0,1.0,0.0
1.0,10588.0,1.0,2.0,1.0,22.0,10.0,15.0,29.0,12.0,7.0,1.0,0.0,1.0,1.0,6.0,441.0,6441.0,20.0,2005.0,2C4GP64LX5R4,2,C,4,G,P,6,4,L,X,5,R,4,0.0,T,CHRY,LMT,ES,5.0,17.0,nan,1.0,0.0,1193.0,TWC,G,nan,,6,230,,,,,4344,00,,42,0.0,0.0,000000000,00000000000,0.0,0.0,0.0,1.0,0.0,0.0,0.0,0.0,0.0,0.0,0.0,20.0,0.0,0.0,0.0,4.0,2.0,1.0,12.0,0.0,0.0,0.0,1.0,1.0,35405.0,6.0,1.0,0.0,0.0,3.0,0.0,64.0,144.0,0.0,0.0,0.0,0.0,0.0,0.0,0.0,0.0,0.0,0.0,38.0,0.0,0.0,0.0,2.0,2.0,55.0,1.0,1.0,2.0,1.0,0.0,0.0,11.0,15.0,1.0,1.0,1.0,76.0,0.0,0.0
1.0,10588.0,2.0,2.0,1.0,22.0,10.0,15.0,29.0,12.0,7.0,1.0,0.0,1.0,1.0,35.0,43.0,35043.0,4.0,1995.0,1N4AB41D6SC7,1,N,4,A,B,4,1,D,6,S,C,7,0.0,P,NISS,XGU,4D,95.0,17.0,2324.0,nan,0.0,998.0,,G,nan,F,4,097,,,13R155,,,,,,0.0,0.0,000000000,00000000000,0.0,0.0,0.0,1.0,0.0,0.0,0.0,0.0,0.0,0.0,0.0,999.0,0.0,1.0,5.0,11.0,6.0,2.0,12.0,0.0,0.0,0.0,1.0,1.0,35405.0,6.0,1.0,0.0,0.0,3.0,1.0,60.0,135.0,0.0,0.0,0.0,0.0,0.0,0.0,0.0,0.0,0.0,0.0,0.0,0.0,0.0,0.0,2.0,2.0,55.0,1.0,1.0,2.0,1.0,0.0,0.0,1.0,65.0,3.0,1.0,1.0,77.0,1.0,0.0
1.0,10589.0,1.0,2.0,1.0,25.0,10.0,17.0,0.0,12.0,6.0,1.0,0.0,1.0,1.0,49.0,403.0,49403.0,14.0,2005.0,JTEDP21A7500,J,T,E,D,P,2,1,A,7,5,0,0,0.0,P,TOYT,HIG,UT,5.0,17.0,3520.0,nan,0.0,1069.0,,G,nan,F,6,202,,,16R225,,,,,,0.0,0.0,000000000,00000000000,0.0,0.0,0.0,1.0,0.0,0.0,0.0,0.0,0.0,0.0,0.0,999.0,0.0,0.0,0.0,9.0,6.0,2.0,12.0,0.0,0.0,0.0,1.0,1.0,36693.0,6.0,1.0,0.0,0.0,3.0,0.0,66.0,145.0,0.0,0.0,0.0,0.0,0.0,0.0,0.0,0.0,0.0,0.0,38.0,0.0,0.0,0.0,2.0,2.0,45.0,3.0,5.0,2.0,1.0,0.0,0.0,11.0,15.0,1.0,1.0,1.0,82.0,1.0,0.0
1.0,10589.0,2.0,2.0,1.0,25.0,10.0,17.0,0.0,12.0,6.0,1.0,0.0,1.0,1.0,12.0,481.0,12481.0,31.0,1991.0,1FTEF14H3MLA,1,F,T,E,F,1,4,H,3,M,L,A,0.0,T,FORD,F15,PK,91.0,17.0,nan,2.0,1330.0,1170.0,COF,G,nan,,8,351,,,,B,3800,01,A,44,0.0,0.0,000000000,00000000000,0.0,0.0,0.0,1.0,0.0,0.0,0.0,0.0,0.0,0.0,0.0,40.0,0.0,0.0,0.0,12.0,6.0,2.0,12.0,0.0,0.0,0.0,1.0,1.0,36582.0,6.0,1.0,0.0,0.0,3.0,0.0,67.0,200.0,0.0,1.0,0.0,2.0,0.0,3.0,2010.0,9.0,2012.0,0.0,0.0,0.0,0.0,0.0,2.0,2.0,45.0,3.0,5.0,2.0,1.0,0.0,0.0,14.0,72.0,1.0,1.0,1.0,83.0,0.0,0.0
1.0,10590.0,1.0,1.0,2.0,28.0,10.0,16.0,15.0,32.0,0.0,1.0,0.0,1.0,2.0,35.0,47.0,35047.0,4.0,2005.0,1N4AL11D05C3,1,N,4,A,L,1,1,D,0,5,C,3,0.0,P,NISS,ASL,4D,5.0,17.0,2915.0,nan,0.0,1102.0,,G,nan,F,4,153,,,16R215,,,,,,0.0,0.0,000000000,00000000000,0.0,0.0,0.0,1.0,0.0,0.0,0.0,0.0,0.0,0.0,0.0,999.0,0.0,1.0,5.0,12.0,6.0,2.0,1.0,0.0,0.0,0.0,1.0,1.0,35206.0,6.0,1.0,0.0,0.0,3.0,1.0,70.0,210.0,0.0,0.0,0.0,1.0,1.0,5.0,2010.0,9.0,2011.0,0.0,0.0,0.0,0.0,0.0,2.0,2.0,50.0,2.0,6.0,2.0,1.0,0.0,0.0,14.0,13.0,1.0,1.0,4.0,1.0,1.0,0.0