STATE,ST_CASE,VEH_NO,VE_FORMS,NUMOCCS,DAY,MONTH,HOUR,MINUTE,HARM_EV,MAN_COLL,UNITTYPE,HIT_RUN,REG_STAT,OWNER,MAKE,MODEL,MAK_MOD,BODY_TYP,MOD_YEAR,VIN,VIN_1,VIN_2,VIN_3,VIN_4,VIN_5,VIN_6,VIN_7,VIN_8,VIN_9,VIN_10,VIN_11,VIN_12,TOW_VEH,VINTYPE,VINMAKE,VINA_MOD,VIN_BT,VINMODYR,VIN_LNGT,VIN_WGT,WGTCD_TR,WHLBS_LG,WHLBS_SH,SER_TR,FUELCODE,MCYCL_DS,CARBUR,CYLINDER,DISPLACE,MCYCL_CY,MCYCL_WT,TIRE_SZE,TON_RAT,TRK_WT,TRKWTVAR,VIN_REST,WHLDRWHL,J_KNIFE,MCARR_I1,MCARR_I2,MCARR_ID,GVWR,V_CONFIG,CARGO_BT,HAZ_INV,HAZ_PLAC,HAZ_ID,HAZ_CNO,HAZ_REL,BUS_USE,SPEC_USE,EMER_USE,TRAV_SP,UNDERIDE,ROLLOVER,ROLINLOC,IMPACT1,DEFORMED,TOWED,M_HARM,VEH_SC1,VEH_SC2,FIRE_EXP,DR_PRES,L_STATE,DR_ZIP,L_STATUS,L_TYPE,CDL_STAT,L_ENDORS,L_COMPL,L_RESTRI,DR_HGT,DR_WGT,PREV_ACC,PREV_SUS,PREV_DWI,PREV_SPD,PREV_OTH,FIRST_MO,FIRST_YR,LAST_MO,LAST_YR,SPEEDREL,DR_SF1,DR_SF2,DR_SF3,DR_SF4,VTRAFWAY,VNUM_LAN,VSPD_LIM,VALIGN,VPROFILE,VPAVETYP,VSURCOND,VTRAFCON,VTCONT_F,P_CRASH1,P_CRASH2,P_CRASH3,PCRASH4,PCRASH5,ACC_TYPE,DEATHS,DR_DRINK
1.0,10591.0,1.0,1.0,1.0,20.0,9.0,6.0,3.0,8.0,0.0,1.0,0.0,1.0,1.0,22.0,18.0,22018.0,4.0,2005.0,1G2NE52E75M1,1,G,2,N,E,5,2,E,7,5,M,1,0.0,P,PONT,GAS,4D,5.0,17.0,3066.0,nan,0.0,1070.0,,G,nan,F,6,207,,,15R215,,,,,,0.0,0.0,000000000,00000000000,0.0,0.0,0.0,1.0,0.0,0.0,0.0,0.0,0.0,0.0,0.0,40.0,0.0,0.0,0.0,12.0,2.0,3.0,8.0,0.0,0.0,0.0,1.0,1.0,35748.0,6.0,1.0,0.0,0.0,3.0,1.0,66.0,210.0,0.0,0.0,0.0,1.0,0.0,6.0,2012.0,6.0,2012.0,0.0,0.0,0.0,0.0,0.0,1.0,2.0,45.0,1.0,6.0,2.0,1.0,0.0,0.0,1.0,80.0,1.0,1.0,1.0,13.0,0.0,0.0
1.0,10592.0,1.0,2.0,1.0,21.0,9.0,18.0,59.0,12.0,8.0,1.0,0.0,1.0,1.0,76.0,705.0,76705.0,80.0,2005.0,JYARJ06E15A0,J,Y,A,R,J,0,6,E,1,5,A,0,0.0,M,YAMA,R6L,RC,5.0,17.0,nan,nan,nan,nan,,,599.0,,4,,4,357,,,,,,,0.0,0.0,000000000,00000000000,0.0,0.0,0.0,1.0,0.0,0.0,0.0,0.0,0.0,0.0,0.0,999.0,0.0,0.0,0.0,3.0,6.0,2.0,12.0,0.0,0.0,0.0,1.0,1.0,35601.0,6.0,1.0,0.0,0.0,3.0,0.0,68.0,180.0,0.0,0.0,0.0,0.0,2.0,5.0,2012.0,8.0,2012.0,1.0,33.0,0.0,0.0,0.0,1.0,2.0,30.0,1.0,5.0,2.0,1.0,0.0,0.0,6.0,62.0,3.0,2.0,1.0,69.0,1.0,0.0
1.0,10592.0,2.0,2.0,1.0,21.0,9.0,18.0,59.0,12.0,8.0,1.0,0.0,1.0,2.0,49.0,40.0,49040.0,4.0,2007.0,JTNBE46K6731,J,T,N,B,E,4,6,K,6,7,3,1,0.0,P,TOYT,CMB,4D,7.0,17.0,3108.0,nan,0.0,1093.0,,G,nan,F,4,146,,,15R205,,,,,,0.0,0.0,000000000,00000000000,0.0,0.0,0.0,1.0,0.0,0.0,0.0,0.0,0.0,0.0,0.0,999.0,0.0,0.0,0.0,1.0,6.0,2.0,12.0,0.0,0.0,0.0,1.0,1.0,35601.0,6.0,1.0,0.0,0.0,3.0,1.0,66.0,280.0,0.0,0.0,0.0,0.0,0.0,0.0,0.0,0.0,0.0,0.0,0.0,0.0,0.0,0.0,1.0,2.0,30.0,1.0,5.0,2.0,1.0,0.0,0.0,11.0,15.0,1.0,1.0,1.0,68.0,0.0,0.0
1.0,10593.0,1.0,3.0,2.0,26.0,9.0,20.0,10.0,12.0,2.0,1.0,0.0,1.0,1.0,12.0,471.0,12471.0,30.0,2002.0,1FTYR44V42PB,1,F,T,Y,R,4,4,V,4,2,P,B,0.0,T,FORD,RNS,4C,2.0,17.0,nan,1.0,0.0,1257.0,RNG,F,nan,,6,182,,,,B,3394,04,E,42,0.0,0.0,000000000,00000000000,0.0,0.0,0.0,1.0,0.0,0.0,0.0,0.0,0.0,0.0,0.0,70.0,0.0,0.0,0.0,12.0,6.0,2.0,12.0,0.0,0.0,0.0,1.0,1.0,35952.0,6.0,1.0,0.0,0.0,3.0,1.0,72.0,230.0,0.0,0.0,0.0,1.0,0.0,10.0,2010.0,10.0,2010.0,1.0,33.0,0.0,0.0,0.0,1.0,2.0,50.0,1.0,6.0,2.0,1.0,0.0,0.0,6.0,10.0,1.0,1.0,1.0,52.0,0.0,0.0
1.0,10593.0,2.0,3.0,2.0,26.0,9.0,20.0,10.0,12.0,2.0,1.0,0.0,1.0,1.0,12.0,17.0,12017.0,4.0,2007.0,1FAFP53U17A1,1,F,A,F,P,5,3,U,1,7,A,1,0.0,P,FORD,TSE,4D,7.0,17.0,3307.0,nan,0.0,1085.0,,G,nan,F,6,183,,,16R215,,,,,,0.0,0.0,000000000,00000000000,0.0,0.0,0.0,1.0,0.0,0.0,0.0,0.0,0.0,0.0,0.0,50.0,0.0,0.0,0.0,12.0,6.0,2.0,12.0,0.0,0.0,0.0,1.0,1.0,35906.0,6.0,1.0,0.0,0.0,3.0,1.0,71.0,130.0,0.0,0.0,0.0,0.0,0.0,0.0,0.0,0.0,0.0,0.0,0.0,0.0,0.0,0.0,1.0,2.0,50.0,1.0,5.0,2.0,1.0,0.0,0.0,1.0,62.0,1.0,1.0,1.0,52.0,1.0,0.0
1.0,10593.0,3.0,3.0,1.0,26.0,9.0,20.0,10.0,12.0,2.0,1.0,0.0,17.0,2.0,84.0,881.0,84881.0,66.0,2005.0,2HSCNAPR05C1,2,H,S,C,N,A,P,R,0,5,C,1,1.0,T,INTL,94I,TR,5.0,17.0,nan,8.0,0.0,0.0,940,D,nan,,6,915,,,,,00000,00,,64,1.0,57.0,141258,57141258,3.0,6.0,1.0,1.0,0.0,0.0,0.0,0.0,0.0,0.0,0.0,50.0,0.0,0.0,0.0,8.0,2.0,1.0,12.0,0.0,0.0,0.0,1.0,17.0,61238.0,6.0,1.0,6.0,0.0,3.0,1.0,72.0,168.0,0.0,0.0,0.0,0.0,0.0,0.0,0.0,0.0,0.0,0.0,0.0,0.0,0.0,0.0,1.0,2.0,50.0,1.0,6.0,2.0,1.0,0.0,0.0,1.0,60.0,1.0,1.0,1.0,98.0,0.0,0.0
1.0,10594.0,1.0,1.0,5.0,30.0,9.0,1.0,0.0,1.0,0.0,1.0,0.0,1.0,1.0,35.0,47.0,35047.0,4.0,2005.0,1N4BL11D95C3,1,N,4,B,L,1,1,D,9,5,C,3,0.0,P,NISS,ASR,4D,5.0,17.0,3101.0,nan,0.0,1102.0,,G,nan,F,6,214,,,17R215,,,,,,0.0,0.0,000000000,00000000000,0.0,0.0,0.0,1.0,0.0,0.0,0.0,0.0,0.0,0.0,0.0,70.0,0.0,1.0,5.0,0.0,6.0,2.0,1.0,0.0,0.0,0.0,1.0,1.0,35474.0,1.0,1.0,0.0,0.0,2.0,1.0,65.0,125.0,3.0,2.0,0.0,1.0,0.0,2.0,2010.0,8.0,2012.0,1.0,0.0,0.0,0.0,0.0,1.0,2.0,45.0,1.0,1.0,2.0,1.0,0.0,0.0,1.0,6.0,1.0,4.0,4.0,7.0,1.0,1.0
1.0,10595.0,1.0,2.0,1.0,1.0,10.0,21.0,0.0,12.0,1.0,1.0,0.0,1.0,2.0,18.0,2.0,18002.0,4.0,2004.0,1G4HP52K4441,1,G,4,H,P,5,2,K,4,4,4,1,0.0,P,BUIC,LCF,4D,4.0,17.0,3567.0,nan,0.0,1122.0,,G,nan,F,6,231,,,15R215,,,,,,0.0,0.0,000000000,00000000000,0.0,0.0,0.0,1.0,0.0,0.0,0.0,0.0,0.0,0.0,0.0,50.0,0.0,0.0,0.0,12.0,6.0,2.0,12.0,0.0,0.0,0.0,1.0,1.0,35959.0,6.0,1.0,0.0,0.0,3.0,0.0,64.0,175.0,0.0,0.0,0.0,2.0,0.0,9.0,2011.0,10.0,2011.0,0.0,0.0,0.0,0.0,0.0,1.0,2.0,55.0,1.0,1.0,2.0,2.0,0.0,0.0,1.0,51.0,1.0,1.0,1.0,24.0,0.0,0.0
1.0,10595.0,2.0,2.0,1.0,1.0,10.0,21.0,0.0,12.0,1.0,1.0,0.0,92.0,0.0,98.0,998.0,98998.0,92.0,1999.0,999999999999,9,9,9,9,9,9,9,9,9,9,9,9,1.0,,,,,nan,nan,nan,nan,nan,nan,,,nan,,,,,,,,,,,,1.0,0.0,000000000,00000000000,0.0,0.0,0.0,1.0,0.0,0.0,0.0,0.0,0.0,0.0,0.0,15.0,0.0,1.0,5.0,6.0,6.0,2.0,12.0,0.0,0.0,0.0,1.0,1.0,35983.0,6.0,1.0,0.0,0.0,1.0,0.0,62.0,140.0,0.0,0.0,0.0,0.0,0.0,0.0,0.0,0.0,0.0,0.0,0.0,0.0,0.0,0.0,1.0,2.0,55.0,1.0,1.0,2.0,2.0,0.0,0.0,1.0,53.0,1.0,1.0,1.0,25.0,1.0,0.0
1.0,10596.0,1.0,2.0,2.0,4.0,10.0,13.0,0.0,12.0,6.0,1.0,0.0,1.0,2.0,53.0,706.0,53706.0,80.0,2007.0,JS1GW71A4721,J,S,1,G,W,7,1,A,4,7,2,1,0.0,M,SUZI,GRZ,RC,7.0,17.0,nan,nan,nan,nan,,,1299.0,,4,,4,478,,,,,,,0.0,0.0,000000000,00000000000,0.0,0.0,0.0,1.0,0.0,0.0,0.0,0.0,0.0,0.0,0.0,60.0,0.0,0.0,0.0,12.0,6.0,2.0,12.0,0.0,0.0,0.0,1.0,1.0,36260.0,6.0,1.0,0.0,0.0,3.0,0.0,74.0,170.0,0.0,0.0,0.0,0.0,1.0,6.0,2011.0,6.0,2011.0,1.0,33.0,0.0,0.0,0.0,1.0,2.0,40.0,1.0,1.0,2.0,1.0,0.0,0.0,6.0,61.0,3.0,1.0,1.0,73.0,2.0,0.0
1.0,10596.0,2.0,2.0,1.0,4.0,10.0,13.0,0.0,12.0,6.0,1.0,0.0,92.0,0.0,98.0,998.0,98998.0,92.0,2005.0,999999999999,9,9,9,9,9,9,9,9,9,9,9,9,0.0,,,,,nan,nan,nan,nan,nan,nan,,,nan,,,,,,,,,,,,0.0,0.0,000000000,00000000000,0.0,0.0,0.0,1.0,0.0,0.0,0.0,0.0,0.0,0.0,0.0,5.0,0.0,0.0,0.0,10.0,6.0,2.0,12.0,0.0,0.0,0.0,1.0,1.0,36203.0,6.0,1.0,0.0,0.0,1.0,0.0,68.0,200.0,0.0,0.0,0.0,0.0,0.0,0.0,0.0,0.0,0.0,0.0,0.0,0.0,0.0,0.0,1.0,2.0,40.0,1.0,1.0,2.0,1.0,0.0,0.0,11.0,53.0,1.0,1.0,1.0,72.0,0.0,0.0
1.0,10597.0,1.0,1.0,1.0,5.0,10.0,0.0,1.0,33.0,0.0,1.0,0.0,1.0,1.0,24.0,2.0,24002.0,2.0,1993.0,1G8ZG157XPZ2,1,G,8,Z,G,1,5,7,X,P,Z,2,0.0,P,STRN,SC2,CP,93.0,17.0,0.0,nan,0.0,992.0,,G,nan,F,4,116,,,15R195,,,,,,0.0,0.0,000000000,00000000000,0.0,0.0,0.0,1.0,0.0,0.0,0.0,0.0,0.0,0.0,0.0,999.0,0.0,1.0,5.0,14.0,6.0,2.0,1.0,0.0,0.0,0.0,1.0,1.0,36360.0,6.0,1.0,0.0,0.0,3.0,0.0,65.0,190.0,0.0,0.0,0.0,1.0,0.0,11.0,2010.0,11.0,2010.0,0.0,58.0,0.0,0.0,0.0,1.0,2.0,45.0,2.0,1.0,2.0,1.0,0.0,0.0,14.0,12.0,1.0,2.0,4.0,7.0,1.0,1.0
1.0,10598.0,1.0,1.0,1.0,5.0,10.0,11.0,53.0,1.0,0.0,1.0,0.0,1.0,2.0,20.0,401.0,20401.0,14.0,2002.0,1GNDS13S9221,1,G,N,D,S,1,3,S,9,2,2,1,0.0,P,CHEV,TRL,UT,2.0,17.0,4442.0,nan,0.0,1130.0,,G,nan,F,6,256,,,16R245,,,,,,0.0,0.0,000000000,00000000000,0.0,0.0,0.0,1.0,0.0,0.0,0.0,0.0,0.0,0.0,0.0,75.0,0.0,1.0,3.0,0.0,6.0,2.0,1.0,0.0,0.0,0.0,1.0,1.0,36301.0,6.0,1.0,0.0,0.0,3.0,0.0,71.0,185.0,0.0,0.0,0.0,0.0,0.0,0.0,0.0,0.0,0.0,0.0,89.0,0.0,0.0,0.0,2.0,2.0,65.0,1.0,5.0,2.0,1.0,0.0,0.0,15.0,9.0,6.0,4.0,4.0,7.0,1.0,0.0
1.0,10599.0,1.0,1.0,1.0,6.0,10.0,23.0,45.0,42.0,0.0,1.0,0.0,1.0,1.0,12.0,17.0,12017.0,4.0,2005.0,1FAFP53U55A3,1,F,A,F,P,5,3,U,5,5,A,3,0.0,P,FORD,TSE,4D,5.0,17.0,3306.0,nan,0.0,1085.0,,G,nan,F,6,182,,,16R215,,,,,,0.0,0.0,000000000,00000000000,0.0,0.0,0.0,1.0,0.0,0.0,0.0,0.0,0.0,0.0,0.0,65.0,0.0,0.0,0.0,9.0,6.0,2.0,42.0,0.0,0.0,0.0,1.0,1.0,36744.0,6.0,1.0,0.0,0.0,3.0,0.0,67.0,170.0,0.0,2.0,0.0,0.0,1.0,10.0,2009.0,3.0,2011.0,1.0,0.0,0.0,0.0,0.0,1.0,2.0,55.0,1.0,1.0,2.0,1.0,0.0,0.0,1.0,13.0,3.0,1.0,4.0,1.0,1.0,0.0
1.0,10600.0,1.0,1.0,1.0,7.0,10.0,9.0,5.0,32.0,0.0,1.0,0.0,13.0,3.0,20.0,421.0,20421.0,15.0,2002.0,1GNDT13W52K2,1,G,N,D,T,1,3,W,5,2,K,2,0.0,P,CHEV,BZR,UT,2.0,17.0,4114.0,nan,0.0,1070.0,,G,nan,F,6,262,,,000000,,,,,,0.0,0.0,000000000,00000000000,0.0,0.0,0.0,1.0,0.0,0.0,0.0,0.0,0.0,0.0,0.0,60.0,0.0,1.0,5.0,1.0,6.0,2.0,1.0,0.0,0.0,0.0,1.0,13.0,30281.0,6.0,2.0,0.0,0.0,3.0,0.0,69.0,299.0,98.0,0.0,0.0,0.0,0.0,0.0,0.0,0.0,0.0,0.0,0.0,0.0,0.0,0.0,1.0,2.0,55.0,1.0,1.0,2.0,1.0,0.0,0.0,1.0,13.0,1.0,1.0,4.0,1.0,1.0,0.0
1.0,10601.0,1.0,1.0,5.0,7.0,10.0,1.0,27.0,14.0,0.0,1.0,0.0,1.0,2.0,41.0,37.0,41037.0,4.0,1998.0,1YVGF22D8W57,1,Y,V,G,F,2,2,D,8,W,5,7,0.0,P,MAZD,U6X,4D,98.0,17.0,2994.0,nan,0.0,1051.0,,G,nan,F,6,152,,,15R205,,,,,,0.0,0.0,000000000,00000000000,0.0,0.0,0.0,1.0,0.0,0.0,0.0,0.0,0.0,0.0,0.0,81.0,0.0,0.0,0.0,5.0,6.0,2.0,14.0,0.0,0.0,0.0,1.0,1.0,36016.0,6.0,1.0,0.0,0.0,3.0,0.0,62.0,125.0,0.0,0.0,0.0,0.0,0.0,0.0,0.0,0.0,0.0,1.0,58.0,0.0,0.0,0.0,1.0,2.0,45.0,3.0,1.0,2.0,1.0,0.0,0.0,14.0,13.0,6.0,4.0,4.0,7.0,1.0,0.0
1.0,10602.0,1.0,1.0,2.0,7.0,10.0,5.0,0.0,42.0,0.0,1.0,0.0,1.0,2.0,37.0,32.0,37032.0,4.0,2001.0,JHMCG564X1C0,J,H,M,C,G,5,6,4,X,1,C,0,0.0,P,HOND,ULX,4D,1.0,17.0,3031.0,nan,0.0,1069.0,,G,nan,F,4,138,,,15R195,,,,,,0.0,0.0,000000000,00000000000,0.0,0.0,0.0,1.0,0.0,0.0,0.0,0.0,0.0,0.0,0.0,70.0,0.0,0.0,0.0,2.0,6.0,2.0,42.0,0.0,0.0,0.0,1.0,1.0,36116.0,2.0,1.0,0.0,0.0,2.0,0.0,69.0,200.0,0.0,4.0,0.0,0.0,0.0,8.0,2010.0,6.0,2011.0,1.0,0.0,0.0,0.0,0.0,1.0,2.0,55.0,3.0,1.0,2.0,1.0,0.0,0.0,14.0,13.0,1.0,1.0,4.0,1.0,1.0,1.0
1.0,10603.0,1.0,1.0,2.0,8.0,10.0,2.0,47.0,41.0,0.0,1.0,0.0,1.0,2.0,35.0,47.0,35047.0,4.0,2004.0,1N4AL11D84C1,1,N,4,A,L,1,1,D,8,4,C,1,0.0,P,NISS,ABS,4D,4.0,17.0,2913.0,nan,0.0,1102.0,,G,nan,F,4,153,,,16R205,,,,,,0.0,0.0,000000000,00000000000,0.0,0.0,0.0,1.0,0.0,0.0,0.0,0.0,0.0,0.0,0.0,999.0,0.0,1.0,1.0,12.0,6.0,2.0,30.0,0.0,0.0,0.0,1.0,1.0,36109.0,1.0,1.0,1.0,0.0,2.0,0.0,67.0,155.0,1.0,3.0,1.0,0.0,0.0,3.0,2012.0,6.0,2012.0,0.0,0.0,0.0,0.0,0.0,2.0,2.0,45.0,1.0,1.0,2.0,1.0,0.0,0.0,1.0,12.0,1.0,1.0,4.0,6.0,1.0,1.0
1.0,10604.0,1.0,1.0,1.0,8.0,10.0,19.0,30.0,18.0,0.0,1.0,1.0,1.0,1.0,20.0,481.0,20481.0,31.0,1984.0,1GCDC14H6EF3,1,G,C,D,C,1,4,H,6,E,F,3,0.0,T,CHEV,C10,PK,84.0,17.0,nan,1.0,1315.0,1175.0,C10,G,nan,,8,305,,,,B,3314,08,,42,0.0,0.0,000000000,00000000000,0.0,0.0,0.0,1.0,0.0,0.0,0.0,0.0,0.0,0.0,0.0,45.0,0.0,0.0,0.0,12.0,4.0,3.0,8.0,0.0,0.0,0.0,1.0,1.0,35630.0,6.0,1.0,0.0,0.0,3.0,0.0,70.0,160.0,2.0,2.0,1.0,0.0,0.0,6.0,2010.0,8.0,2010.0,0.0,0.0,0.0,0.0,0.0,1.0,2.0,45.0,1.0,6.0,2.0,1.0,0.0,0.0,1.0,13.0,1.0,1.0,4.0,1.0,0.0,1.0
1.0,10605.0,1.0,1.0,1.0,10.0,10.0,2.0,15.0,32.0,0.0,1.0,0.0,1.0,2.0,24.0,7.0,24007.0,4.0,2006.0,1G8AJ55F46Z1,1,G,8,A,J,5,5,F,4,6,Z,1,0.0,P,STRN,SI2,4D,6.0,17.0,2802.0,nan,0.0,1035.0,,G,nan,F,4,134,,,15R195,,,,,,0.0,0.0,000000000,00000000000,0.0,0.0,0.0,1.0,0.0,0.0,0.0,0.0,0.0,0.0,0.0,60.0,0.0,1.0,5.0,12.0,6.0,2.0,1.0,0.0,0.0,0.0,1.0,1.0,35750.0,6.0,1.0,0.0,0.0,3.0,0.0,72.0,200.0,0.0,1.0,0.0,2.0,1.0,12.0,2009.0,9.0,2011.0,1.0,58.0,0.0,0.0,0.0,1.0,2.0,45.0,1.0,6.0,2.0,1.0,0.0,0.0,1.0,12.0,7.0,1.0,4.0,1.0,1.0,0.0
1.0,10606.0,1.0,1.0,1.0,11.0,10.0,11.0,15.0,34.0,0.0,1.0,0.0,1.0,1.0,53.0,706.0,53706.0,80.0,2005.0,JS1VY52A9521,J,S,1,V,Y,5,2,A,9,5,2,1,0.0,M,SUZI,C90,RS,5.0,17.0,nan,nan,nan,nan,,,1462.0,,2,,4,665,,,,,,,0.0,0.0,000000000,00000000000,0.0,0.0,0.0,1.0,0.0,0.0,0.0,0.0,0.0,0.0,0.0,65.0,0.0,0.0,0.0,12.0,6.0,2.0,34.0,0.0,0.0,0.0,1.0,1.0,35016.0,6.0,1.0,6.0,0.0,3.0,0.0,70.0,160.0,0.0,0.0,0.0,0.0,0.0,0.0,0.0,0.0,0.0,0.0,89.0,0.0,0.0,0.0,2.0,2.0,65.0,1.0,1.0,2.0,1.0,0.0,0.0,1.0,13.0,1.0,1.0,4.0,1.0,1.0,0.0
1.0,10607.0,1.0,1.0,2.0,12.0,10.0,22.0,33.0,42.0,0.0,1.0,0.0,1.0,2.0,12.0,13.0,12013.0,4.0,1997.0,1FALP13P9VW3,1,F,A,L,P,1,3,P,9,V,W,3,0.0,P,FORD,EST,4D,97.0,17.0,2503.0,nan,0.0,984.0,,G,nan,F,4,122,,,14R185,,,,,,0.0,0.0,000000000,00000000000,0.0,0.0,0.0,1.0,0.0,0.0,0.0,0.0,0.0,0.0,0.0,55.0,0.0,0.0,0.0,12.0,6.0,2.0,42.0,0.0,0.0,1.0,1.0,1.0,35761.0,6.0,1.0,0.0,0.0,3.0,0.0,67.0,160.0,0.0,0.0,0.0,1.0,0.0,2.0,2010.0,2.0,2010.0,1.0,0.0,0.0,0.0,0.0,1.0,2.0,25.0,1.0,1.0,2.0,1.0,0.0,0.0,1.0,14.0,1.0,1.0,4.0,14.0,1.0,0.0
1.0,10608.0,1.0,1.0,1.0,13.0,10.0,10.0,20.0,32.0,0.0,1.0,0.0,1.0,2.0,53.0,705.0,53705.0,80.0,2011.0,JS1GR7MA5B21,J,S,1,G,R,7,M,A,5,B,2,1,0.0,M,SUZI,SX7,RC,11.0,17.0,nan,nan,nan,nan,,,750.0,,4,,4,437,,,,,,,0.0,0.0,000000000,00000000000,0.0,0.0,0.0,1.0,0.0,0.0,0.0,0.0,0.0,0.0,0.0,100.0,0.0,0.0,0.0,12.0,6.0,2.0,32.0,0.0,0.0,0.0,1.0,1.0,36360.0,6.0,1.0,0.0,0.0,3.0,1.0,76.0,245.0,1.0,1.0,0.0,2.0,3.0,11.0,2009.0,2.0,2012.0,1.0,0.0,0.0,0.0,0.0,1.0,2.0,45.0,2.0,1.0,2.0,1.0,0.0,0.0,14.0,12.0,1.0,1.0,4.0,6.0,1.0,0.0
1.0,10609.0,1.0,2.0,2.0,14.0,10.0,16.0,15.0,12.0,6.0,1.0,0.0,92.0,0.0,37.0,733.0,37733.0,90.0,1997.0,478TE210XVA0,4,7,8,T,E,2,1,0,X,V,A,0,0.0,M,HOND,TX5,AT,97.0,17.0,nan,nan,nan,nan,,,249.0,,1,,4,465,,,,,,,0.0,0.0,000000000,00000000000,0.0,0.0,0.0,1.0,0.0,0.0,0.0,0.0,0.0,0.0,0.0,999.0,0.0,0.0,0.0,11.0,6.0,2.0,12.0,0.0,0.0,0.0,1.0,99.0,99999.0,9.0,9.0,99.0,9.0,9.0,9.0,999.0,999.0,99.0,99.0,99.0,99.0,99.0,99.0,9999.0,99.0,9999.0,0.0,38.0,0.0,0.0,0.0,1.0,2.0,55.0,2.0,5.0,2.0,1.0,0.0,0.0,11.0,15.0,1.0,1.0,1.0,82.0,1.0,0.0
1.0,10609.0,2.0,2.0,1.0,14.0,10.0,16.0,15.0,12.0,6.0,1.0,0.0,1.0,2.0,49.0,472.0,49472.0,30.0,1998.0,4TAWN72N9WZ0,4,T,A,W,N,7,2,N,9,W,Z,0,0.0,T,TOYT,XTR,PK,98.0,17.0,nan,1.0,0.0,1219.0,TAC,G,nan,,6,206,,,,B,3411,00,U,44,0.0,0.0,000000000,00000000000,0.0,0.0,0.0,1.0,0.0,0.0,0.0,0.0,0.0,0.0,0.0,55.0,0.0,0.0,0.0,12.0,2.0,3.0,12.0,0.0,0.0,0.0,1.0,1.0,35552.0,6.0,1.0,0.0,0.0,3.0,0.0,72.0,220.0,0.0,0.0,0.0,1.0,0.0,8.0,2010.0,8.0,2010.0,0.0,0.0,0.0,0.0,0.0,1.0,2.0,55.0,3.0,6.0,2.0,1.0,0.0,0.0,14.0,67.0,8.0,1.0,1.0,83.0,0.0,0.0
1.0,10610.0,1.0,1.0,1.0,14.0,10.0,21.0,30.0,9.0,0.0,1.0,1.0,1.0,2.0,24.0,1.0,24001.0,4.0,1999.0,1G8ZK5277XZ1,1,G,8,Z,K,5,2,7,7,X,Z,1,0.0,P,STRN,SL2,4D,99.0,17.0,2418.0,nan,0.0,1024.0,,G,nan,F,4,116,,,15R185,,,,,,0.0,0.0,000000000,00000000000,0.0,0.0,0.0,1.0,0.0,0.0,0.0,0.0,0.0,0.0,0.0,999.0,0.0,0.0,0.0,12.0,2.0,1.0,9.0,0.0,0.0,0.0,1.0,1.0,36580.0,6.0,1.0,0.0,0.0,3.0,0.0,74.0,165.0,0.0,0.0,0.0,0.0,0.0,0.0,0.0,0.0,0.0,0.0,0.0,0.0,0.0,0.0,1.0,2.0,45.0,1.0,1.0,2.0,1.0,0.0,0.0,1.0,83.0,1.0,1.0,1.0,13.0,0.0,0.0
1.0,10611.0,1.0,1.0,1.0,14.0,10.0,2.0,40.0,35.0,0.0,1.0,0.0,1.0,2.0,58.0,33.0,58033.0,4.0,2002.0,JNKCP11A42T5,J,N,K,C,P,1,1,A,4,2,T,5,0.0,P,INFI,G20,4D,2.0,17.0,2825.0,nan,0.0,1024.0,,G,nan,F,4,122,,,15R195,,,,,,0.0,0.0,000000000,00000000000,0.0,0.0,0.0,1.0,0.0,0.0,0.0,0.0,0.0,0.0,0.0,70.0,0.0,1.0,5.0,12.0,6.0,2.0,1.0,0.0,0.0,0.0,1.0,1.0,36756.0,2.0,7.0,0.0,0.0,2.0,2.0,66.0,140.0,0.0,1.0,0.0,0.0,2.0,2.0,2010.0,8.0,2010.0,1.0,58.0,73.0,0.0,0.0,1.0,2.0,45.0,3.0,5.0,2.0,1.0,0.0,0.0,14.0,13.0,6.0,4.0,4.0,7.0,1.0,1.0
1.0,10612.0,1.0,1.0,1.0,15.0,10.0,0.0,15.0,34.0,0.0,1.0,0.0,1.0,1.0,53.0,706.0,53706.0,80.0,2003.0,JS1GW71A6321,J,S,1,G,W,7,1,A,6,3,2,1,0.0,M,SUZI,GXR,RC,3.0,17.0,nan,nan,nan,nan,,,1298.0,,4,,4,478,,,,,,,0.0,0.0,000000000,00000000000,0.0,0.0,0.0,1.0,0.0,0.0,0.0,0.0,0.0,0.0,0.0,35.0,0.0,0.0,0.0,12.0,6.0,2.0,34.0,0.0,0.0,0.0,1.0,1.0,35405.0,6.0,1.0,0.0,0.0,3.0,1.0,74.0,235.0,0.0,0.0,0.0,0.0,1.0,8.0,2011.0,8.0,2011.0,1.0,0.0,0.0,0.0,0.0,1.0,2.0,45.0,3.0,6.0,2.0,2.0,0.0,0.0,14.0,6.0,1.0,1.0,4.0,1.0,1.0,1.0