STATE,ST_CASE,VEH_NO,VE_FORMS,NUMOCCS,DAY,MONTH,HOUR,MINUTE,HARM_EV,MAN_COLL,UNITTYPE,HIT_RUN,REG_STAT,OWNER,MAKE,MODEL,MAK_MOD,BODY_TYP,MOD_YEAR,VIN,VIN_1,VIN_2,VIN_3,VIN_4,VIN_5,VIN_6,VIN_7,VIN_8,VIN_9,VIN_10,VIN_11,VIN_12,TOW_VEH,VINTYPE,VINMAKE,VINA_MOD,VIN_BT,VINMODYR,VIN_LNGT,VIN_WGT,WGTCD_TR,WHLBS_LG,WHLBS_SH,SER_TR,FUELCODE,MCYCL_DS,CARBUR,CYLINDER,DISPLACE,MCYCL_CY,MCYCL_WT,TIRE_SZE,TON_RAT,TRK_WT,TRKWTVAR,VIN_REST,WHLDRWHL,J_KNIFE,MCARR_I1,MCARR_I2,MCARR_ID,GVWR,V_CONFIG,CARGO_BT,HAZ_INV,HAZ_PLAC,HAZ_ID,HAZ_CNO,HAZ_REL,BUS_USE,SPEC_USE,EMER_USE,TRAV_SP,UNDERIDE,ROLLOVER,ROLINLOC,IMPACT1,DEFORMED,TOWED,M_HARM,VEH_SC1,VEH_SC2,FIRE_EXP,DR_PRES,L_STATE,DR_ZIP,L_STATUS,L_TYPE,CDL_STAT,L_ENDORS,L_COMPL,L_RESTRI,DR_HGT,DR_WGT,PREV_ACC,PREV_SUS,PREV_DWI,PREV_SPD,PREV_OTH,FIRST_MO,FIRST_YR,LAST_MO,LAST_YR,SPEEDREL,DR_SF1,DR_SF2,DR_SF3,DR_SF4,VTRAFWAY,VNUM_LAN,VSPD_LIM,VALIGN,VPROFILE,VPAVETYP,VSURCOND,VTRAFCON,VTCONT_F,P_CRASH1,P_CRASH2,P_CRASH3,PCRASH4,PCRASH5,ACC_TYPE,DEATHS,DR_DRINK
1.0,10613.0,1.0,1.0,1.0,16.0,10.0,16.0,6.0,1.0,0.0,1.0,0.0,12.0,2.0,58.0,37.0,58037.0,4.0,2006.0,JNKCV51E86M5,J,N,K,C,V,5,1,E,8,6,M,5,0.0,P,INFI,G35,4D,6.0,17.0,3449.0,nan,0.0,1122.0,,G,nan,F,6,214,,,17R215,,,,,,0.0,0.0,000000000,00000000000,0.0,0.0,0.0,1.0,0.0,0.0,0.0,0.0,0.0,0.0,0.0,130.0,0.0,1.0,5.0,0.0,6.0,2.0,1.0,0.0,0.0,0.0,1.0,1.0,35226.0,1.0,1.0,1.0,0.0,2.0,2.0,68.0,150.0,0.0,0.0,0.0,0.0,0.0,0.0,0.0,0.0,0.0,0.0,37.0,89.0,74.0,0.0,2.0,2.0,65.0,3.0,5.0,8.0,1.0,0.0,0.0,14.0,13.0,1.0,1.0,4.0,1.0,1.0,1.0
1.0,10614.0,1.0,2.0,3.0,16.0,10.0,13.0,6.0,1.0,0.0,1.0,0.0,1.0,1.0,23.0,481.0,23481.0,31.0,2009.0,1GTEK39J09Z1,1,G,T,E,K,3,9,J,0,9,Z,1,0.0,T,GMC,2NK,4C,9.0,17.0,nan,2.0,1575.0,1339.0,SIE,G,nan,,8,323,,,,B,5263,02,4,44,0.0,0.0,000000000,00000000000,0.0,0.0,0.0,1.0,0.0,0.0,0.0,0.0,0.0,0.0,0.0,999.0,0.0,0.0,0.0,12.0,2.0,3.0,12.0,0.0,0.0,0.0,1.0,1.0,35115.0,6.0,1.0,6.0,0.0,3.0,0.0,74.0,289.0,2.0,0.0,0.0,0.0,1.0,12.0,2009.0,8.0,2010.0,0.0,38.0,0.0,0.0,0.0,2.0,2.0,55.0,1.0,1.0,2.0,1.0,3.0,3.0,11.0,15.0,1.0,1.0,1.0,98.0,0.0,0.0
1.0,10614.0,2.0,2.0,1.0,16.0,10.0,13.0,6.0,1.0,0.0,1.0,0.0,1.0,1.0,72.0,706.0,72706.0,80.0,2012.0,1HD1KBM14CB6,1,H,D,1,K,B,M,1,4,C,B,6,0.0,M,HD,FHX,RS,12.0,17.0,nan,nan,nan,nan,,,1690.0,,2,,4,785,,,,,,,0.0,0.0,000000000,00000000000,0.0,0.0,0.0,1.0,0.0,0.0,0.0,0.0,0.0,0.0,0.0,55.0,0.0,0.0,0.0,0.0,4.0,3.0,12.0,0.0,0.0,0.0,1.0,28.0,38821.0,6.0,1.0,6.0,0.0,3.0,0.0,71.0,232.0,0.0,0.0,0.0,0.0,0.0,0.0,0.0,0.0,0.0,0.0,0.0,0.0,0.0,0.0,2.0,2.0,55.0,1.0,1.0,2.0,1.0,3.0,3.0,1.0,62.0,3.0,2.0,1.0,98.0,1.0,0.0
1.0,10615.0,1.0,2.0,1.0,16.0,10.0,9.0,25.0,12.0,6.0,1.0,0.0,13.0,1.0,18.0,7.0,18007.0,4.0,2001.0,2G4WS52J7112,2,G,4,W,S,5,2,J,7,1,1,2,0.0,P,BUIC,CCU,4D,1.0,17.0,3368.0,nan,0.0,1090.0,,G,nan,F,6,191,,,15R205,,,,,,0.0,0.0,000000000,00000000000,0.0,0.0,0.0,1.0,0.0,0.0,0.0,0.0,0.0,0.0,0.0,65.0,0.0,1.0,3.0,7.0,6.0,2.0,42.0,0.0,0.0,0.0,1.0,13.0,30752.0,6.0,1.0,0.0,0.0,3.0,1.0,65.0,240.0,98.0,0.0,0.0,0.0,0.0,0.0,0.0,0.0,0.0,1.0,0.0,0.0,0.0,0.0,2.0,2.0,55.0,1.0,1.0,1.0,1.0,28.0,3.0,15.0,11.0,1.0,1.0,2.0,46.0,1.0,0.0
1.0,10615.0,2.0,2.0,1.0,16.0,10.0,9.0,25.0,12.0,6.0,1.0,0.0,47.0,3.0,49.0,482.0,49482.0,31.0,2008.0,5TBBV581X8S5,5,T,B,B,V,5,8,1,X,8,S,5,0.0,T,TOYT,DBL,CW,8.0,17.0,nan,2.0,0.0,1457.0,TUN,G,nan,,8,348,,,,B,5540,00,7,44,0.0,0.0,000000000,00000000000,0.0,0.0,0.0,1.0,0.0,0.0,0.0,0.0,0.0,0.0,0.0,65.0,0.0,0.0,0.0,12.0,6.0,2.0,12.0,0.0,0.0,0.0,1.0,47.0,37642.0,6.0,1.0,0.0,0.0,3.0,0.0,72.0,185.0,0.0,0.0,0.0,0.0,0.0,0.0,0.0,0.0,0.0,1.0,0.0,0.0,0.0,0.0,2.0,2.0,55.0,1.0,1.0,1.0,1.0,28.0,3.0,1.0,60.0,6.0,1.0,1.0,45.0,0.0,0.0
1.0,10616.0,1.0,2.0,2.0,17.0,10.0,11.0,32.0,12.0,6.0,1.0,0.0,1.0,1.0,6.0,441.0,6441.0,20.0,2004.0,2C4GP54L14R5,2,C,4,G,P,5,4,L,1,4,R,5,0.0,T,CHRY,TOU,ES,4.0,17.0,nan,1.0,0.0,1193.0,TWC,G,nan,,6,230,,,,,4071,00,,42,0.0,0.0,000000000,00000000000,0.0,0.0,0.0,1.0,0.0,0.0,0.0,0.0,0.0,0.0,0.0,10.0,0.0,0.0,0.0,10.0,6.0,2.0,12.0,0.0,0.0,0.0,1.0,1.0,36875.0,6.0,1.0,0.0,0.0,3.0,0.0,66.0,183.0,0.0,0.0,0.0,0.0,0.0,0.0,0.0,0.0,0.0,0.0,89.0,38.0,0.0,0.0,2.0,2.0,55.0,1.0,1.0,2.0,1.0,0.0,0.0,1.0,17.0,1.0,1.0,1.0,89.0,1.0,0.0
1.0,10616.0,2.0,2.0,2.0,17.0,10.0,11.0,32.0,12.0,6.0,1.0,0.0,1.0,2.0,20.0,481.0,20481.0,31.0,2000.0,1GCCS1957Y82,1,G,C,C,S,1,9,5,7,Y,8,2,0.0,T,CHEV,S14,PC,0.0,17.0,nan,1.0,0.0,1229.0,S,F,nan,,4,133,,,,B,3185,03,,42,0.0,0.0,000000000,00000000000,0.0,0.0,0.0,1.0,0.0,0.0,0.0,0.0,0.0,0.0,0.0,55.0,0.0,0.0,0.0,12.0,6.0,2.0,12.0,0.0,0.0,0.0,1.0,1.0,36877.0,6.0,1.0,0.0,0.0,3.0,1.0,67.0,130.0,1.0,0.0,0.0,0.0,0.0,12.0,2010.0,12.0,2010.0,0.0,0.0,0.0,0.0,0.0,2.0,2.0,55.0,1.0,5.0,2.0,1.0,0.0,0.0,1.0,71.0,1.0,1.0,1.0,88.0,0.0,0.0
1.0,10617.0,1.0,2.0,1.0,17.0,10.0,20.0,44.0,12.0,1.0,1.0,0.0,1.0,1.0,12.0,17.0,12017.0,4.0,1997.0,1FALP52U7VA2,1,F,A,L,P,5,2,U,7,V,A,2,0.0,P,FORD,TAG,4D,97.0,17.0,3329.0,nan,0.0,1085.0,,G,nan,F,6,182,,,15R205,,,,,,0.0,0.0,000000000,00000000000,0.0,0.0,0.0,1.0,0.0,0.0,0.0,0.0,0.0,0.0,0.0,999.0,0.0,0.0,0.0,12.0,6.0,2.0,19.0,0.0,0.0,0.0,1.0,1.0,36350.0,6.0,1.0,0.0,0.0,3.0,0.0,65.0,150.0,0.0,0.0,0.0,0.0,0.0,0.0,0.0,0.0,0.0,0.0,0.0,0.0,0.0,0.0,2.0,2.0,45.0,1.0,1.0,2.0,1.0,3.0,3.0,1.0,51.0,1.0,1.0,1.0,24.0,1.0,0.0
1.0,10617.0,2.0,2.0,1.0,17.0,10.0,20.0,44.0,12.0,1.0,1.0,0.0,1.0,1.0,22.0,20.0,22020.0,4.0,2001.0,1G2WP52K41F1,1,G,2,W,P,5,2,K,4,1,F,1,0.0,P,PONT,GPG,4D,1.0,17.0,3496.0,nan,0.0,1105.0,,G,nan,F,6,231,,,16R225,,,,,,0.0,0.0,000000000,00000000000,0.0,0.0,0.0,1.0,0.0,0.0,0.0,0.0,0.0,0.0,0.0,10.0,0.0,0.0,0.0,6.0,6.0,2.0,12.0,0.0,0.0,0.0,1.0,1.0,36350.0,6.0,1.0,0.0,0.0,3.0,0.0,65.0,115.0,0.0,0.0,0.0,0.0,0.0,0.0,0.0,0.0,0.0,0.0,89.0,0.0,0.0,0.0,2.0,2.0,45.0,1.0,1.0,2.0,1.0,3.0,3.0,1.0,53.0,1.0,1.0,1.0,25.0,0.0,0.0
1.0,10618.0,1.0,1.0,1.0,18.0,10.0,6.0,20.0,18.0,0.0,1.0,0.0,1.0,1.0,12.0,37.0,12037.0,4.0,2009.0,1FAHP37N19W1,1,F,A,H,P,3,7,N,1,9,W,1,0.0,P,FORD,FCL,4D,9.0,17.0,2623.0,nan,0.0,1029.0,,G,nan,F,4,122,,,16R205,,,,,,0.0,0.0,000000000,00000000000,0.0,0.0,0.0,1.0,0.0,0.0,0.0,0.0,0.0,0.0,0.0,55.0,0.0,0.0,0.0,12.0,6.0,2.0,18.0,0.0,0.0,0.0,1.0,1.0,35215.0,6.0,1.0,0.0,0.0,3.0,0.0,72.0,230.0,0.0,0.0,0.0,0.0,2.0,8.0,2011.0,1.0,2012.0,0.0,0.0,0.0,0.0,0.0,6.0,1.0,70.0,1.0,5.0,2.0,1.0,0.0,0.0,1.0,90.0,1.0,1.0,1.0,12.0,1.0,0.0
1.0,10619.0,1.0,3.0,2.0,18.0,10.0,5.0,45.0,12.0,6.0,1.0,0.0,28.0,1.0,49.0,40.0,49040.0,4.0,2005.0,4T1BE32K95U5,4,T,1,B,E,3,2,K,9,5,U,5,0.0,P,TOYT,XLL,4D,5.0,17.0,3108.0,nan,0.0,1071.0,,G,nan,F,4,144,,,15R205,,,,,,0.0,0.0,000000000,00000000000,0.0,0.0,0.0,1.0,0.0,0.0,0.0,0.0,0.0,0.0,0.0,50.0,0.0,0.0,0.0,11.0,6.0,2.0,12.0,0.0,0.0,0.0,1.0,28.0,39773.0,6.0,1.0,0.0,0.0,3.0,0.0,72.0,175.0,0.0,0.0,0.0,0.0,0.0,0.0,0.0,0.0,0.0,0.0,38.0,0.0,0.0,0.0,2.0,2.0,70.0,1.0,1.0,2.0,2.0,0.0,0.0,16.0,10.0,1.0,1.0,1.0,47.0,2.0,0.0
1.0,10619.0,2.0,3.0,2.0,18.0,10.0,5.0,45.0,12.0,6.0,1.0,0.0,39.0,1.0,12.0,37.0,12037.0,4.0,2009.0,1FAHP32N39W2,1,F,A,H,P,3,2,N,3,9,W,2,0.0,P,FORD,FSE,CP,9.0,17.0,2588.0,nan,0.0,1029.0,,G,nan,F,4,122,,,16R205,,,,,,0.0,0.0,000000000,00000000000,0.0,0.0,0.0,1.0,0.0,0.0,0.0,0.0,0.0,0.0,0.0,75.0,0.0,0.0,0.0,12.0,6.0,2.0,12.0,0.0,0.0,0.0,1.0,39.0,45377.0,6.0,1.0,0.0,0.0,3.0,0.0,70.0,165.0,0.0,0.0,0.0,1.0,0.0,5.0,2011.0,5.0,2011.0,0.0,0.0,0.0,0.0,0.0,2.0,2.0,70.0,1.0,1.0,2.0,2.0,0.0,0.0,1.0,61.0,1.0,1.0,1.0,45.0,0.0,0.0
1.0,10619.0,3.0,3.0,2.0,18.0,10.0,5.0,45.0,12.0,6.0,1.0,0.0,29.0,1.0,24.0,398.0,24398.0,4.0,2005.0,1G8JD54R55Y5,1,G,8,J,D,5,4,R,5,5,Y,5,0.0,P,STRN,L32,4D,5.0,17.0,3237.0,nan,0.0,1065.0,,G,nan,F,6,183,,,16R215,,,,,,0.0,0.0,000000000,00000000000,0.0,0.0,0.0,1.0,0.0,0.0,0.0,0.0,0.0,0.0,0.0,75.0,0.0,0.0,0.0,12.0,6.0,2.0,12.0,0.0,0.0,0.0,1.0,29.0,63021.0,6.0,1.0,0.0,0.0,3.0,0.0,66.0,175.0,0.0,0.0,0.0,0.0,0.0,0.0,0.0,0.0,0.0,0.0,0.0,0.0,0.0,0.0,2.0,2.0,70.0,1.0,1.0,2.0,2.0,0.0,0.0,1.0,61.0,1.0,1.0,1.0,98.0,0.0,0.0
1.0,10620.0,1.0,1.0,1.0,19.0,10.0,2.0,30.0,11.0,0.0,1.0,0.0,1.0,1.0,76.0,709.0,76709.0,80.0,2009.0,JYAVP24E69A0,J,Y,A,V,P,2,4,E,6,9,A,0,0.0,M,YAMA,X13,RS,9.0,17.0,nan,nan,nan,nan,,,1304.0,,2,,4,624,,,,,,,0.0,0.0,000000000,00000000000,0.0,0.0,0.0,1.0,0.0,0.0,0.0,0.0,0.0,0.0,0.0,40.0,0.0,0.0,0.0,12.0,6.0,2.0,11.0,0.0,0.0,0.0,1.0,1.0,36091.0,6.0,1.0,6.0,0.0,3.0,1.0,67.0,220.0,0.0,0.0,0.0,1.0,0.0,9.0,2011.0,9.0,2011.0,0.0,0.0,0.0,0.0,0.0,1.0,2.0,40.0,1.0,1.0,2.0,1.0,0.0,0.0,1.0,87.0,1.0,1.0,1.0,13.0,1.0,0.0
1.0,10621.0,1.0,1.0,2.0,20.0,10.0,19.0,54.0,53.0,0.0,1.0,0.0,1.0,2.0,20.0,20.0,20020.0,4.0,1995.0,2G1WL52M8S93,2,G,1,W,L,5,2,M,8,S,9,3,0.0,P,CHEV,LUM,4D,95.0,17.0,3330.0,nan,0.0,1075.0,,G,nan,F,6,191,,,15R205,,,,,,0.0,0.0,000000000,00000000000,0.0,0.0,0.0,1.0,0.0,0.0,0.0,0.0,0.0,0.0,0.0,90.0,0.0,0.0,0.0,9.0,6.0,2.0,42.0,0.0,0.0,0.0,1.0,1.0,35971.0,6.0,1.0,0.0,0.0,3.0,0.0,68.0,155.0,0.0,0.0,0.0,1.0,0.0,7.0,2010.0,7.0,2010.0,1.0,0.0,0.0,0.0,0.0,1.0,2.0,45.0,2.0,6.0,2.0,1.0,0.0,0.0,14.0,6.0,1.0,3.0,4.0,2.0,2.0,1.0
1.0,10622.0,1.0,2.0,1.0,20.0,10.0,10.0,15.0,12.0,6.0,1.0,0.0,5.0,1.0,37.0,706.0,37706.0,80.0,1999.0,1HFSC2236XA1,1,H,F,S,C,2,2,3,6,X,A,1,0.0,M,HOND,1/2,RS,99.0,17.0,nan,nan,nan,nan,,,1520.0,,6,,4,816,,,,,,,0.0,0.0,000000000,00000000000,0.0,0.0,0.0,1.0,0.0,0.0,0.0,0.0,0.0,0.0,0.0,55.0,0.0,0.0,0.0,12.0,6.0,2.0,12.0,0.0,0.0,0.0,1.0,5.0,72542.0,6.0,1.0,6.0,0.0,3.0,0.0,71.0,185.0,0.0,0.0,0.0,0.0,1.0,8.0,2011.0,8.0,2011.0,0.0,33.0,0.0,0.0,0.0,1.0,2.0,55.0,1.0,1.0,2.0,1.0,0.0,0.0,6.0,61.0,1.0,1.0,1.0,73.0,1.0,0.0
1.0,10622.0,2.0,2.0,1.0,20.0,10.0,10.0,15.0,12.0,6.0,1.0,0.0,92.0,0.0,12.0,998.0,12998.0,92.0,1994.0,BD67444,B,D,6,7,4,4,4,,,,,,0.0,P,FORD,,,94.0,7.0,nan,nan,nan,nan,,,nan,,,,,,,,,,,,0.0,0.0,000000000,00000000000,0.0,0.0,0.0,1.0,0.0,0.0,0.0,0.0,0.0,0.0,0.0,10.0,0.0,0.0,0.0,10.0,0.0,1.0,12.0,0.0,0.0,0.0,1.0,1.0,35481.0,6.0,1.0,0.0,0.0,1.0,0.0,74.0,210.0,0.0,0.0,0.0,1.0,1.0,1.0,2010.0,3.0,2011.0,0.0,0.0,0.0,0.0,0.0,1.0,2.0,55.0,1.0,1.0,2.0,1.0,0.0,0.0,11.0,53.0,1.0,1.0,1.0,72.0,0.0,0.0
1.0,10623.0,1.0,1.0,2.0,20.0,10.0,22.0,40.0,8.0,0.0,1.0,0.0,1.0,1.0,20.0,481.0,20481.0,31.0,2011.0,1GCRCSE0XBZ4,1,G,C,R,C,S,E,0,X,B,Z,4,0.0,T,CHEV,2SC,4C,11.0,17.0,nan,2.0,1575.0,1435.0,SIL,F,nan,,8,323,,,,B,4924,03,,42,0.0,0.0,000000000,00000000000,0.0,0.0,0.0,1.0,0.0,0.0,0.0,0.0,0.0,0.0,0.0,60.0,0.0,0.0,0.0,12.0,6.0,2.0,8.0,0.0,0.0,0.0,1.0,1.0,35068.0,6.0,1.0,0.0,0.0,3.0,0.0,70.0,150.0,0.0,0.0,0.0,0.0,0.0,0.0,0.0,0.0,0.0,0.0,0.0,0.0,0.0,0.0,2.0,2.0,60.0,1.0,5.0,2.0,1.0,0.0,0.0,1.0,80.0,1.0,1.0,1.0,13.0,0.0,0.0
1.0,10624.0,1.0,1.0,1.0,20.0,10.0,22.0,30.0,42.0,0.0,1.0,0.0,1.0,2.0,20.0,481.0,20481.0,31.0,1988.0,1GCGR23K9JJ1,1,G,C,G,R,2,3,K,9,J,J,1,0.0,T,CHEV,R20,CW,88.0,17.0,nan,2.0,0.0,1645.0,R20,G,nan,,8,350,,,,C,4787,04,,42,0.0,0.0,000000000,00000000000,0.0,0.0,0.0,1.0,0.0,0.0,0.0,0.0,0.0,0.0,0.0,75.0,0.0,0.0,0.0,12.0,6.0,2.0,42.0,0.0,0.0,0.0,1.0,1.0,35117.0,6.0,1.0,0.0,0.0,3.0,0.0,70.0,225.0,0.0,0.0,0.0,0.0,0.0,0.0,0.0,0.0,0.0,1.0,0.0,0.0,0.0,0.0,1.0,2.0,55.0,2.0,6.0,2.0,1.0,0.0,0.0,14.0,12.0,1.0,1.0,4.0,6.0,1.0,1.0
1.0,10625.0,1.0,4.0,1.0,20.0,10.0,5.0,40.0,8.0,0.0,1.0,0.0,1.0,1.0,20.0,36.0,20036.0,2.0,2004.0,2G1WZ1518491,2,G,1,W,Z,1,5,1,8,4,9,1,0.0,P,CHEV,MSP,CP,4.0,17.0,3395.0,nan,0.0,1105.0,,G,nan,Z,6,231,,,17R235,,,,,,0.0,0.0,000000000,00000000000,0.0,0.0,0.0,1.0,0.0,0.0,0.0,0.0,0.0,0.0,0.0,55.0,0.0,0.0,0.0,12.0,6.0,2.0,8.0,0.0,0.0,0.0,1.0,1.0,35125.0,6.0,1.0,0.0,0.0,3.0,0.0,61.0,128.0,0.0,0.0,0.0,0.0,0.0,0.0,0.0,0.0,0.0,0.0,0.0,0.0,0.0,0.0,1.0,2.0,55.0,1.0,1.0,2.0,1.0,0.0,0.0,1.0,80.0,1.0,1.0,1.0,13.0,0.0,0.0
1.0,10625.0,2.0,4.0,2.0,20.0,10.0,5.0,40.0,8.0,0.0,1.0,0.0,1.0,1.0,49.0,472.0,49472.0,30.0,2002.0,5TEWM72N02Z0,5,T,E,W,M,7,2,N,0,2,Z,0,0.0,T,TOYT,XTR,PC,2.0,17.0,nan,1.0,0.0,1219.0,TAC,G,nan,,4,164,,,,B,3470,00,U,44,0.0,0.0,000000000,00000000000,0.0,0.0,0.0,1.0,0.0,0.0,0.0,0.0,0.0,0.0,0.0,50.0,0.0,0.0,0.0,14.0,0.0,1.0,8.0,0.0,0.0,0.0,1.0,1.0,35131.0,6.0,1.0,0.0,0.0,3.0,0.0,71.0,195.0,0.0,0.0,0.0,0.0,0.0,0.0,0.0,0.0,0.0,0.0,0.0,0.0,0.0,0.0,1.0,2.0,55.0,1.0,1.0,2.0,1.0,0.0,0.0,1.0,80.0,1.0,1.0,1.0,98.0,0.0,0.0
1.0,10625.0,3.0,4.0,1.0,20.0,10.0,5.0,40.0,8.0,0.0,1.0,0.0,1.0,2.0,20.0,481.0,20481.0,31.0,2000.0,1GCEK14V2YZ2,1,G,C,E,K,1,4,V,2,Y,Z,2,0.0,T,CHEV,SK1,PK,0.0,17.0,nan,2.0,1330.0,1190.0,SIL,G,nan,,8,293,,,,B,4248,02,,44,0.0,0.0,000000000,00000000000,0.0,0.0,0.0,1.0,0.0,0.0,0.0,0.0,0.0,0.0,0.0,50.0,0.0,0.0,0.0,14.0,0.0,1.0,8.0,0.0,0.0,0.0,1.0,1.0,35131.0,6.0,1.0,0.0,0.0,3.0,1.0,72.0,198.0,0.0,0.0,0.0,0.0,0.0,0.0,0.0,0.0,0.0,0.0,0.0,0.0,0.0,0.0,1.0,2.0,55.0,1.0,1.0,2.0,1.0,0.0,0.0,1.0,80.0,1.0,1.0,1.0,98.0,0.0,0.0
1.0,10625.0,4.0,4.0,1.0,20.0,10.0,5.0,40.0,8.0,0.0,1.0,0.0,1.0,1.0,20.0,481.0,20481.0,31.0,1996.0,2GCEC19R9T11,2,G,C,E,C,1,9,R,9,T,1,1,0.0,T,CHEV,GC1,PC,96.0,17.0,nan,2.0,1555.0,1415.0,GM4,G,nan,,8,350,,,,B,4068,02,,42,0.0,0.0,000000000,00000000000,0.0,0.0,0.0,1.0,0.0,0.0,0.0,0.0,0.0,0.0,0.0,50.0,0.0,0.0,0.0,14.0,0.0,1.0,8.0,0.0,0.0,0.0,1.0,1.0,35120.0,6.0,1.0,0.0,0.0,3.0,0.0,70.0,190.0,1.0,0.0,0.0,0.0,0.0,3.0,2012.0,3.0,2012.0,0.0,0.0,0.0,0.0,0.0,1.0,2.0,55.0,1.0,1.0,2.0,1.0,0.0,0.0,1.0,80.0,1.0,1.0,1.0,98.0,0.0,0.0
1.0,10626.0,1.0,1.0,1.0,21.0,10.0,21.0,7.0,8.0,0.0,1.0,1.0,99.0,9.0,12.0,999.0,12999.0,99.0,9999.0,999999999999,9,9,9,9,9,9,9,9,9,9,9,9,0.0,,,,,nan,nan,nan,nan,nan,nan,,,nan,,,,,,,,,,,,0.0,0.0,000000000,00000000000,0.0,0.0,0.0,1.0,0.0,0.0,0.0,0.0,0.0,0.0,0.0,999.0,0.0,0.0,0.0,99.0,9.0,1.0,8.0,0.0,0.0,0.0,1.0,99.0,99999.0,9.0,9.0,99.0,9.0,9.0,9.0,999.0,999.0,99.0,99.0,99.0,99.0,99.0,99.0,9999.0,99.0,9999.0,9.0,99.0,99.0,99.0,99.0,1.0,2.0,35.0,1.0,1.0,2.0,1.0,0.0,0.0,1.0,80.0,99.0,1.0,1.0,13.0,0.0,0.0
1.0,10627.0,1.0,1.0,3.0,22.0,10.0,19.0,30.0,42.0,0.0,1.0,0.0,1.0,2.0,12.0,3.0,12003.0,2.0,1998.0,1FAFP4049WF1,1,F,A,F,P,4,0,4,9,W,F,1,0.0,P,FORD,MUS,CP,98.0,17.0,3065.0,nan,0.0,1013.0,,G,nan,F,6,232,,,15R205,,,,,,0.0,0.0,000000000,00000000000,0.0,0.0,0.0,1.0,0.0,0.0,0.0,0.0,0.0,0.0,0.0,70.0,0.0,0.0,0.0,8.0,6.0,2.0,42.0,0.0,0.0,0.0,1.0,1.0,35131.0,6.0,1.0,0.0,0.0,3.0,0.0,70.0,171.0,0.0,0.0,0.0,0.0,0.0,0.0,0.0,0.0,0.0,1.0,99.0,99.0,99.0,99.0,1.0,2.0,35.0,3.0,1.0,2.0,1.0,0.0,0.0,14.0,6.0,1.0,3.0,4.0,7.0,1.0,0.0
1.0,10628.0,1.0,2.0,2.0,23.0,10.0,15.0,15.0,12.0,6.0,1.0,0.0,12.0,1.0,63.0,34.0,63034.0,4.0,2007.0,KNAGE1244751,K,N,A,G,E,1,2,4,4,7,5,1,0.0,P,KIA,OLE,4D,7.0,17.0,3287.0,nan,0.0,1071.0,,G,nan,F,6,164,,,16R205,,,,,,0.0,0.0,000000000,00000000000,0.0,0.0,0.0,1.0,0.0,0.0,0.0,0.0,0.0,0.0,0.0,45.0,0.0,0.0,0.0,12.0,6.0,2.0,12.0,0.0,0.0,0.0,1.0,12.0,32413.0,6.0,1.0,0.0,0.0,3.0,1.0,65.0,999.0,0.0,0.0,0.0,0.0,0.0,0.0,0.0,0.0,0.0,0.0,39.0,0.0,0.0,0.0,2.0,2.0,55.0,1.0,1.0,2.0,1.0,3.0,3.0,1.0,17.0,1.0,1.0,1.0,83.0,0.0,0.0
1.0,10628.0,2.0,2.0,1.0,23.0,10.0,15.0,15.0,12.0,6.0,1.0,0.0,1.0,2.0,37.0,705.0,37705.0,80.0,2003.0,JH2PF01173K1,J,H,2,P,F,0,1,1,7,3,K,1,0.0,M,HOND,FSD,MS,3.0,17.0,nan,nan,nan,nan,,,582.0,,2,,4,485,,,,,,,0.0,0.0,000000000,00000000000,0.0,0.0,0.0,1.0,0.0,0.0,0.0,0.0,0.0,0.0,0.0,15.0,0.0,0.0,0.0,11.0,6.0,2.0,12.0,0.0,0.0,0.0,1.0,1.0,36301.0,6.0,1.0,0.0,0.0,3.0,0.0,66.0,200.0,1.0,0.0,0.0,0.0,0.0,2.0,2010.0,2.0,2010.0,0.0,0.0,0.0,0.0,0.0,1.0,2.0,40.0,1.0,1.0,2.0,1.0,3.0,3.0,11.0,66.0,1.0,1.0,1.0,82.0,1.0,0.0
1.0,10629.0,1.0,1.0,1.0,24.0,10.0,5.0,30.0,1.0,0.0,1.0,0.0,1.0,3.0,7.0,482.0,7482.0,31.0,1996.0,1B7HC16Y2TS5,1,B,7,H,C,1,6,Y,2,T,S,5,0.0,T,DODG,150,PK,96.0,17.0,nan,2.0,1347.0,1187.0,RPC,G,nan,,8,318,,,,B,3868,01,M,42,0.0,0.0,000000000,00000000000,0.0,0.0,0.0,1.0,0.0,0.0,0.0,0.0,0.0,0.0,0.0,65.0,0.0,1.0,5.0,0.0,6.0,2.0,42.0,0.0,0.0,0.0,1.0,1.0,35473.0,6.0,1.0,0.0,0.0,3.0,0.0,72.0,200.0,0.0,2.0,0.0,0.0,0.0,8.0,2011.0,8.0,2011.0,0.0,58.0,0.0,0.0,0.0,2.0,2.0,65.0,2.0,1.0,2.0,1.0,0.0,0.0,14.0,13.0,7.0,3.0,4.0,2.0,1.0,0.0