STATE,ST_CASE,VEH_NO,VE_FORMS,NUMOCCS,DAY,MONTH,HOUR,MINUTE,HARM_EV,MAN_COLL,UNITTYPE,HIT_RUN,REG_STAT,OWNER,MAKE,MODEL,MAK_MOD,BODY_TYP,MOD_YEAR,VIN,VIN_1,VIN_2,VIN_3,VIN_4,VIN_5,VIN_6,VIN_7,VIN_8,VIN_9,VIN_10,VIN_11,VIN_12,TOW_VEH,VINTYPE,VINMAKE,VINA_MOD,VIN_BT,VINMODYR,VIN_LNGT,VIN_WGT,WGTCD_TR,WHLBS_LG,WHLBS_SH,SER_TR,FUELCODE,MCYCL_DS,CARBUR,CYLINDER,DISPLACE,MCYCL_CY,MCYCL_WT,TIRE_SZE,TON_RAT,TRK_WT,TRKWTVAR,VIN_REST,WHLDRWHL,J_KNIFE,MCARR_I1,MCARR_I2,MCARR_ID,GVWR,V_CONFIG,CARGO_BT,HAZ_INV,HAZ_PLAC,HAZ_ID,HAZ_CNO,HAZ_REL,BUS_USE,SPEC_USE,EMER_USE,TRAV_SP,UNDERIDE,ROLLOVER,ROLINLOC,IMPACT1,DEFORMED,TOWED,M_HARM,VEH_SC1,VEH_SC2,FIRE_EXP,DR_PRES,L_STATE,DR_ZIP,L_STATUS,L_TYPE,CDL_STAT,L_ENDORS,L_COMPL,L_RESTRI,DR_HGT,DR_WGT,PREV_ACC,PREV_SUS,PREV_DWI,PREV_SPD,PREV_OTH,FIRST_MO,FIRST_YR,LAST_MO,LAST_YR,SPEEDREL,DR_SF1,DR_SF2,DR_SF3,DR_SF4,VTRAFWAY,VNUM_LAN,VSPD_LIM,VALIGN,VPROFILE,VPAVETYP,VSURCOND,VTRAFCON,VTCONT_F,P_CRASH1,P_CRASH2,P_CRASH3,PCRASH4,PCRASH5,ACC_TYPE,DEATHS,DR_DRINK
1.0,10630.0,1.0,2.0,1.0,25.0,10.0,10.0,24.0,12.0,6.0,1.0,0.0,1.0,2.0,21.0,17.0,21017.0,4.0,1993.0,1G3AG54N9P63,1,G,3,A,G,5,4,N,9,P,6,3,0.0,P,OLDS,CIS,4D,93.0,17.0,2776.0,nan,0.0,1049.0,,G,nan,F,6,204,,,14R185,,,,,,0.0,0.0,000000000,00000000000,0.0,0.0,0.0,1.0,0.0,0.0,0.0,0.0,0.0,0.0,0.0,55.0,0.0,0.0,0.0,12.0,6.0,2.0,12.0,0.0,0.0,0.0,1.0,1.0,35976.0,6.0,1.0,0.0,0.0,3.0,0.0,63.0,155.0,1.0,0.0,0.0,2.0,0.0,7.0,2010.0,8.0,2012.0,0.0,39.0,0.0,0.0,0.0,2.0,2.0,55.0,1.0,1.0,2.0,1.0,3.0,3.0,1.0,17.0,1.0,1.0,1.0,88.0,1.0,0.0
1.0,10630.0,2.0,2.0,4.0,25.0,10.0,10.0,24.0,12.0,6.0,1.0,0.0,1.0,3.0,20.0,2.0,20002.0,4.0,2006.0,2G1WB58K2692,2,G,1,W,B,5,8,K,2,6,9,2,0.0,P,CHEV,IPL,4D,6.0,17.0,3477.0,nan,0.0,1105.0,,F,nan,F,6,214,,,16R225,,,,,,0.0,0.0,000000000,00000000000,0.0,0.0,0.0,1.0,0.0,0.0,0.0,0.0,0.0,0.0,0.0,5.0,0.0,0.0,0.0,9.0,6.0,2.0,12.0,0.0,0.0,0.0,1.0,1.0,35956.0,6.0,7.0,0.0,0.0,3.0,1.0,66.0,175.0,0.0,0.0,0.0,0.0,0.0,0.0,0.0,0.0,0.0,0.0,0.0,0.0,0.0,0.0,1.0,2.0,0.0,1.0,1.0,2.0,1.0,3.0,3.0,1.0,66.0,1.0,1.0,1.0,89.0,0.0,0.0
1.0,10631.0,1.0,2.0,1.0,26.0,10.0,7.0,30.0,12.0,1.0,1.0,0.0,0.0,0.0,98.0,998.0,98998.0,93.0,1994.0,476TS700BRS0,4,7,6,T,S,7,0,0,B,R,S,0,0.0,U,,,,94.0,17.0,nan,nan,nan,nan,,,nan,,,,,,,,,,,,0.0,57.0,324832,57324832,3.0,2.0,96.0,1.0,0.0,0.0,0.0,0.0,0.0,0.0,0.0,0.0,0.0,0.0,0.0,6.0,2.0,3.0,12.0,0.0,0.0,0.0,1.0,1.0,36582.0,6.0,1.0,6.0,0.0,3.0,0.0,71.0,190.0,0.0,0.0,0.0,0.0,0.0,0.0,0.0,0.0,0.0,0.0,54.0,0.0,0.0,0.0,3.0,2.0,70.0,1.0,5.0,1.0,1.0,0.0,0.0,5.0,53.0,1.0,1.0,1.0,21.0,0.0,0.0
1.0,10631.0,2.0,2.0,2.0,26.0,10.0,7.0,30.0,12.0,1.0,1.0,0.0,1.0,2.0,12.0,481.0,12481.0,31.0,1995.0,1FTDF15Y4SNA,1,F,T,D,F,1,5,Y,4,S,N,A,0.0,T,FORD,F15,PK,95.0,17.0,nan,1.0,1330.0,1170.0,COF,G,nan,,6,300,,,,B,00000,00,M,42,0.0,0.0,000000000,00000000000,0.0,0.0,0.0,1.0,0.0,0.0,0.0,0.0,0.0,0.0,0.0,999.0,0.0,0.0,0.0,12.0,6.0,2.0,12.0,0.0,0.0,0.0,1.0,1.0,36522.0,6.0,1.0,6.0,0.0,3.0,1.0,65.0,140.0,0.0,0.0,0.0,0.0,0.0,0.0,0.0,0.0,0.0,0.0,0.0,0.0,0.0,0.0,3.0,2.0,70.0,1.0,1.0,1.0,1.0,0.0,0.0,1.0,50.0,8.0,1.0,1.0,20.0,2.0,0.0
1.0,10632.0,1.0,1.0,1.0,27.0,10.0,22.0,40.0,42.0,0.0,1.0,0.0,1.0,1.0,20.0,481.0,20481.0,31.0,1990.0,1GCCS1440L08,1,G,C,C,S,1,4,4,0,L,0,8,0.0,T,CHEV,,,90.0,17.0,nan,nan,nan,nan,,,nan,,,,,,,,,,,,0.0,0.0,000000000,00000000000,0.0,0.0,0.0,1.0,0.0,0.0,0.0,0.0,0.0,0.0,0.0,70.0,0.0,0.0,0.0,12.0,6.0,2.0,42.0,0.0,0.0,1.0,1.0,1.0,35125.0,2.0,1.0,2.0,0.0,2.0,0.0,73.0,185.0,0.0,0.0,0.0,0.0,0.0,0.0,0.0,0.0,0.0,1.0,0.0,0.0,0.0,0.0,1.0,2.0,45.0,1.0,1.0,2.0,1.0,0.0,0.0,1.0,13.0,1.0,1.0,4.0,1.0,1.0,1.0
1.0,10633.0,1.0,1.0,1.0,28.0,10.0,0.0,55.0,1.0,0.0,1.0,0.0,1.0,1.0,20.0,481.0,20481.0,31.0,2004.0,1GCEK14T34Z2,1,G,C,E,K,1,4,T,3,4,Z,2,0.0,T,CHEV,SK1,PK,4.0,17.0,nan,2.0,1330.0,1190.0,SIL,G,nan,,8,325,,,,B,4436,00,,44,0.0,0.0,000000000,00000000000,0.0,0.0,0.0,1.0,0.0,0.0,0.0,0.0,0.0,0.0,0.0,999.0,0.0,2.0,5.0,0.0,6.0,2.0,1.0,0.0,0.0,0.0,1.0,1.0,36703.0,6.0,1.0,0.0,0.0,3.0,0.0,66.0,200.0,0.0,1.0,0.0,0.0,2.0,1.0,2012.0,4.0,2012.0,0.0,58.0,0.0,0.0,0.0,1.0,2.0,55.0,1.0,1.0,2.0,1.0,0.0,0.0,1.0,12.0,7.0,2.0,4.0,2.0,1.0,1.0
1.0,10634.0,1.0,2.0,1.0,29.0,10.0,18.0,26.0,12.0,2.0,1.0,0.0,1.0,1.0,7.0,25.0,7025.0,5.0,2012.0,1C3CDWBA1CD5,1,C,3,C,D,W,B,A,1,C,D,5,0.0,P,DODG,CLS,4D,12.0,17.0,2940.0,nan,0.0,1037.0,,G,nan,F,4,122,,,18R215,,,,,,0.0,0.0,000000000,00000000000,0.0,0.0,0.0,1.0,0.0,0.0,0.0,0.0,0.0,0.0,0.0,999.0,0.0,0.0,0.0,12.0,6.0,2.0,12.0,0.0,0.0,0.0,1.0,1.0,36104.0,6.0,1.0,0.0,0.0,3.0,0.0,72.0,235.0,1.0,0.0,0.0,0.0,0.0,4.0,2012.0,4.0,2012.0,0.0,0.0,0.0,0.0,0.0,1.0,2.0,40.0,1.0,1.0,2.0,1.0,0.0,0.0,1.0,10.0,1.0,1.0,2.0,50.0,1.0,0.0
1.0,10634.0,2.0,2.0,3.0,29.0,10.0,18.0,26.0,12.0,2.0,1.0,0.0,31.0,1.0,12.0,481.0,12481.0,31.0,2010.0,1FTFW1EV1AKB,1,F,T,F,W,1,E,V,1,A,K,B,0.0,T,FORD,F1S,CW,10.0,17.0,nan,2.0,1570.0,1450.0,COF,F,nan,,8,329,,,,B,5345,00,7,44,0.0,0.0,000000000,00000000000,0.0,0.0,0.0,1.0,0.0,0.0,0.0,0.0,0.0,0.0,0.0,999.0,0.0,0.0,0.0,12.0,6.0,2.0,12.0,0.0,0.0,0.0,1.0,48.0,68133.0,6.0,1.0,0.0,0.0,3.0,0.0,75.0,200.0,0.0,0.0,0.0,0.0,0.0,0.0,0.0,0.0,0.0,0.0,0.0,0.0,0.0,0.0,1.0,2.0,40.0,1.0,1.0,2.0,1.0,0.0,0.0,1.0,62.0,1.0,1.0,1.0,51.0,0.0,0.0
1.0,10635.0,1.0,1.0,1.0,4.0,11.0,1.0,58.0,57.0,0.0,1.0,0.0,1.0,2.0,6.0,441.0,6441.0,20.0,2001.0,2C4GP54L81R2,2,C,4,G,P,5,4,L,8,1,R,2,0.0,T,CHRY,LXI,ES,1.0,17.0,nan,1.0,0.0,1193.0,TWC,G,nan,,6,230,,,,,4183,00,,42,0.0,0.0,000000000,00000000000,0.0,0.0,0.0,1.0,0.0,0.0,0.0,0.0,0.0,0.0,0.0,999.0,0.0,1.0,3.0,12.0,6.0,2.0,57.0,0.0,0.0,0.0,1.0,1.0,36108.0,6.0,1.0,0.0,0.0,3.0,1.0,66.0,195.0,0.0,0.0,0.0,0.0,0.0,0.0,0.0,0.0,0.0,0.0,0.0,0.0,0.0,0.0,3.0,2.0,70.0,1.0,1.0,2.0,1.0,0.0,0.0,1.0,12.0,1.0,1.0,4.0,6.0,1.0,0.0
1.0,10636.0,1.0,2.0,2.0,23.0,9.0,16.0,30.0,12.0,6.0,1.0,0.0,1.0,2.0,49.0,32.0,49032.0,4.0,2009.0,1NXBU40E09Z1,1,N,X,B,U,4,0,E,0,9,Z,1,0.0,P,TOYT,CBL,4D,9.0,17.0,2723.0,nan,0.0,1024.0,,G,nan,F,4,110,,,15R195,,,,,,0.0,0.0,000000000,00000000000,0.0,0.0,0.0,1.0,0.0,0.0,0.0,0.0,0.0,0.0,0.0,20.0,0.0,0.0,0.0,3.0,4.0,3.0,12.0,0.0,0.0,0.0,1.0,1.0,36445.0,6.0,2.0,0.0,0.0,3.0,0.0,66.0,122.0,0.0,0.0,0.0,0.0,0.0,0.0,0.0,0.0,0.0,0.0,38.0,0.0,0.0,0.0,1.0,2.0,35.0,1.0,5.0,2.0,1.0,0.0,0.0,11.0,15.0,1.0,1.0,1.0,68.0,0.0,0.0
1.0,10636.0,2.0,2.0,2.0,23.0,9.0,16.0,30.0,12.0,6.0,1.0,0.0,1.0,1.0,76.0,706.0,76706.0,80.0,2001.0,JYAVP04E61A0,J,Y,A,V,P,0,4,E,6,1,A,0,0.0,M,YAMA,ZTF,RS,1.0,17.0,nan,nan,nan,nan,,,1294.0,,4,,4,807,,,,,,,0.0,0.0,000000000,00000000000,0.0,0.0,0.0,1.0,0.0,0.0,0.0,0.0,0.0,0.0,0.0,999.0,0.0,0.0,0.0,12.0,6.0,2.0,12.0,0.0,0.0,0.0,1.0,1.0,36426.0,6.0,1.0,6.0,0.0,3.0,0.0,71.0,210.0,0.0,0.0,0.0,0.0,1.0,2.0,2011.0,2.0,2011.0,0.0,0.0,0.0,0.0,0.0,1.0,2.0,35.0,1.0,6.0,2.0,1.0,0.0,0.0,1.0,62.0,98.0,1.0,1.0,69.0,1.0,0.0
1.0,10637.0,1.0,2.0,2.0,26.0,10.0,20.0,34.0,12.0,2.0,1.0,0.0,1.0,2.0,12.0,401.0,12401.0,14.0,1997.0,1FMDU34E6VUB,1,F,M,D,U,3,4,E,6,V,U,B,0.0,P,FORD,EPR,UT,97.0,17.0,4166.0,nan,0.0,1115.0,,G,nan,F,6,245,,,15R225,,,,,,0.0,0.0,000000000,00000000000,0.0,0.0,0.0,1.0,0.0,0.0,0.0,0.0,0.0,0.0,0.0,999.0,0.0,0.0,0.0,12.0,6.0,2.0,12.0,0.0,0.0,0.0,1.0,1.0,35674.0,6.0,2.0,0.0,0.0,3.0,0.0,64.0,140.0,0.0,0.0,0.0,0.0,0.0,0.0,0.0,0.0,0.0,0.0,38.0,0.0,0.0,0.0,1.0,2.0,35.0,1.0,1.0,2.0,1.0,0.0,0.0,11.0,15.0,1.0,1.0,1.0,68.0,0.0,0.0
1.0,10637.0,2.0,2.0,3.0,26.0,10.0,20.0,34.0,12.0,2.0,1.0,0.0,1.0,2.0,35.0,47.0,35047.0,4.0,1998.0,1N4DL01D9WC1,1,N,4,D,L,0,1,D,9,W,C,1,0.0,P,NISS,AGS,4D,98.0,17.0,2766.0,nan,0.0,1031.0,,G,nan,F,4,146,,,15R195,,,,,,0.0,0.0,000000000,00000000000,0.0,0.0,0.0,1.0,0.0,0.0,0.0,0.0,0.0,0.0,0.0,999.0,0.0,0.0,0.0,12.0,6.0,2.0,12.0,0.0,0.0,0.0,1.0,1.0,35661.0,6.0,1.0,0.0,0.0,3.0,1.0,64.0,170.0,0.0,1.0,0.0,0.0,1.0,3.0,2012.0,4.0,2012.0,0.0,0.0,0.0,0.0,0.0,1.0,2.0,35.0,1.0,1.0,2.0,1.0,0.0,0.0,1.0,62.0,99.0,1.0,1.0,69.0,3.0,0.0
1.0,10638.0,1.0,1.0,2.0,31.0,10.0,20.0,48.0,9.0,0.0,1.0,0.0,1.0,4.0,41.0,50.0,41050.0,4.0,2012.0,1YVHZ8DH0C5M,1,Y,V,H,Z,8,D,H,0,C,5,M,0.0,P,MAZD,M6I,4D,12.0,17.0,3329.0,nan,0.0,1098.0,,G,nan,F,4,152,,,16R205,,,,,,0.0,0.0,000000000,00000000000,0.0,0.0,0.0,1.0,0.0,0.0,0.0,0.0,0.0,0.0,0.0,35.0,0.0,0.0,0.0,12.0,4.0,1.0,9.0,0.0,0.0,0.0,1.0,1.0,35211.0,1.0,1.0,1.0,0.0,2.0,0.0,72.0,165.0,1.0,4.0,0.0,1.0,2.0,1.0,2010.0,7.0,2012.0,0.0,0.0,0.0,0.0,0.0,2.0,2.0,35.0,1.0,1.0,2.0,1.0,0.0,0.0,1.0,83.0,2.0,1.0,1.0,13.0,0.0,0.0
1.0,10639.0,1.0,1.0,4.0,31.0,10.0,0.0,35.0,42.0,0.0,1.0,0.0,1.0,2.0,41.0,50.0,41050.0,4.0,2007.0,1YVHP80C975M,1,Y,V,H,P,8,0,C,9,7,5,M,0.0,P,MAZD,M6I,4D,7.0,17.0,3091.0,nan,0.0,1053.0,,G,nan,F,4,138,,,16R205,,,,,,0.0,0.0,000000000,00000000000,0.0,0.0,0.0,1.0,0.0,0.0,0.0,0.0,0.0,0.0,0.0,999.0,0.0,0.0,0.0,2.0,4.0,8.0,42.0,0.0,0.0,0.0,1.0,1.0,35215.0,6.0,1.0,0.0,0.0,3.0,0.0,72.0,155.0,1.0,0.0,0.0,0.0,0.0,7.0,2011.0,7.0,2011.0,0.0,58.0,0.0,0.0,0.0,1.0,2.0,40.0,1.0,1.0,2.0,1.0,0.0,0.0,17.0,8.0,99.0,1.0,4.0,1.0,1.0,0.0
1.0,10640.0,1.0,1.0,1.0,27.0,10.0,7.0,51.0,14.0,0.0,1.0,0.0,1.0,1.0,6.0,52.0,6052.0,6.0,2004.0,3C4FY48B64T3,3,C,4,F,Y,4,8,B,6,4,T,3,0.0,P,CHRY,PTC,SV,4.0,17.0,3026.0,nan,0.0,1030.0,,G,nan,F,4,148,,,15R195,,,,,,0.0,0.0,000000000,00000000000,0.0,0.0,0.0,1.0,0.0,0.0,0.0,0.0,0.0,0.0,0.0,999.0,0.0,0.0,0.0,12.0,6.0,2.0,14.0,0.0,0.0,0.0,1.0,1.0,35014.0,6.0,1.0,0.0,0.0,3.0,0.0,74.0,320.0,0.0,3.0,0.0,0.0,0.0,1.0,2010.0,1.0,2010.0,0.0,0.0,0.0,0.0,0.0,3.0,3.0,60.0,1.0,3.0,2.0,1.0,0.0,0.0,1.0,13.0,1.0,1.0,4.0,1.0,1.0,0.0
1.0,10641.0,1.0,1.0,3.0,18.0,10.0,23.0,50.0,25.0,0.0,1.0,0.0,1.0,2.0,35.0,47.0,35047.0,4.0,1997.0,1N4BU31D2VC1,1,N,4,B,U,3,1,D,2,V,C,1,0.0,P,NISS,AGS,4D,97.0,17.0,2756.0,nan,0.0,1031.0,,G,nan,F,4,146,,,15R205,,,,,,0.0,0.0,000000000,00000000000,0.0,0.0,0.0,1.0,0.0,0.0,0.0,0.0,0.0,0.0,0.0,999.0,0.0,1.0,3.0,12.0,6.0,2.0,25.0,0.0,0.0,0.0,1.0,1.0,36117.0,0.0,0.0,0.0,0.0,0.0,0.0,69.0,162.0,0.0,0.0,0.0,0.0,0.0,0.0,0.0,0.0,0.0,0.0,0.0,0.0,0.0,0.0,3.0,3.0,65.0,1.0,1.0,2.0,1.0,0.0,0.0,1.0,9.0,1.0,9.0,4.0,7.0,1.0,1.0
1.0,10642.0,1.0,2.0,1.0,18.0,10.0,11.0,55.0,12.0,1.0,1.0,0.0,92.0,0.0,37.0,734.0,37734.0,90.0,2006.0,1HFTE2405645,1,H,F,T,E,2,4,0,5,6,4,5,0.0,M,HOND,T3M,AT,6.0,17.0,nan,nan,nan,nan,,,329.0,,1,,4,498,,,,,,,0.0,0.0,000000000,00000000000,0.0,0.0,0.0,1.0,0.0,0.0,0.0,0.0,0.0,0.0,0.0,25.0,0.0,1.0,1.0,12.0,4.0,1.0,1.0,0.0,0.0,0.0,1.0,13.0,30138.0,6.0,1.0,0.0,0.0,1.0,0.0,67.0,240.0,98.0,0.0,0.0,0.0,0.0,0.0,0.0,0.0,0.0,0.0,26.0,0.0,0.0,0.0,1.0,2.0,45.0,1.0,1.0,2.0,1.0,0.0,0.0,1.0,52.0,1.0,1.0,1.0,28.0,1.0,0.0
1.0,10642.0,2.0,2.0,1.0,18.0,10.0,11.0,55.0,12.0,1.0,1.0,0.0,92.0,0.0,37.0,734.0,37734.0,90.0,9999.0,999999999999,9,9,9,9,9,9,9,9,9,9,9,9,0.0,,,,,nan,nan,nan,nan,nan,nan,,,nan,,,,,,,,,,,,0.0,0.0,000000000,00000000000,0.0,0.0,0.0,1.0,0.0,0.0,0.0,0.0,0.0,0.0,0.0,10.0,0.0,1.0,1.0,6.0,4.0,1.0,12.0,0.0,0.0,0.0,1.0,13.0,30138.0,6.0,1.0,0.0,0.0,1.0,0.0,69.0,155.0,98.0,0.0,0.0,0.0,0.0,0.0,0.0,0.0,0.0,0.0,0.0,0.0,0.0,0.0,1.0,2.0,45.0,1.0,1.0,2.0,1.0,0.0,0.0,2.0,53.0,1.0,1.0,1.0,29.0,0.0,0.0
1.0,10643.0,1.0,2.0,2.0,28.0,10.0,0.0,1.0,12.0,2.0,1.0,0.0,1.0,1.0,12.0,17.0,12017.0,4.0,1997.0,1FALP52U2VA2,1,F,A,L,P,5,2,U,2,V,A,2,0.0,P,FORD,TAG,4D,97.0,17.0,3329.0,nan,0.0,1085.0,,G,nan,F,6,182,,,15R205,,,,,,0.0,0.0,000000000,00000000000,0.0,0.0,0.0,1.0,0.0,0.0,0.0,0.0,0.0,0.0,0.0,75.0,0.0,1.0,5.0,12.0,6.0,2.0,12.0,0.0,0.0,0.0,1.0,1.0,35654.0,6.0,1.0,0.0,0.0,3.0,0.0,73.0,150.0,1.0,2.0,1.0,0.0,0.0,1.0,2011.0,2.0,2012.0,1.0,16.0,0.0,0.0,0.0,1.0,2.0,45.0,3.0,6.0,2.0,1.0,0.0,0.0,6.0,10.0,1.0,1.0,1.0,50.0,0.0,0.0
1.0,10643.0,2.0,2.0,2.0,28.0,10.0,0.0,1.0,12.0,2.0,1.0,0.0,1.0,1.0,24.0,1.0,24001.0,4.0,1997.0,1G8ZK5277VZ1,1,G,8,Z,K,5,2,7,7,V,Z,1,0.0,P,STRN,SL2,4D,97.0,17.0,2362.0,nan,0.0,1024.0,,G,nan,F,4,116,,,15R185,,,,,,0.0,0.0,000000000,00000000000,0.0,0.0,0.0,1.0,0.0,0.0,0.0,0.0,0.0,0.0,0.0,45.0,0.0,0.0,0.0,12.0,6.0,2.0,12.0,0.0,0.0,0.0,1.0,1.0,35150.0,6.0,1.0,0.0,0.0,3.0,0.0,73.0,270.0,0.0,1.0,0.0,0.0,0.0,2.0,2012.0,2.0,2012.0,0.0,0.0,0.0,0.0,0.0,1.0,2.0,45.0,2.0,5.0,2.0,1.0,0.0,0.0,14.0,62.0,1.0,1.0,1.0,51.0,1.0,0.0
1.0,10644.0,1.0,2.0,4.0,30.0,10.0,16.0,45.0,12.0,6.0,1.0,0.0,1.0,2.0,9.0,442.0,9442.0,20.0,1998.0,1P4GP45G4WB6,1,P,4,G,P,4,5,G,4,W,B,6,0.0,P,PLYM,VOF,SV,98.0,17.0,3587.0,nan,0.0,1133.0,,F,nan,F,6,201,,,14R205,,,,,,0.0,0.0,000000000,00000000000,0.0,0.0,0.0,1.0,0.0,0.0,0.0,0.0,0.0,0.0,0.0,55.0,0.0,1.0,5.0,3.0,6.0,2.0,12.0,0.0,0.0,0.0,1.0,1.0,36037.0,2.0,1.0,0.0,0.0,2.0,0.0,67.0,125.0,0.0,1.0,0.0,1.0,0.0,12.0,2010.0,2.0,2012.0,0.0,38.0,0.0,0.0,0.0,1.0,2.0,55.0,1.0,1.0,2.0,1.0,0.0,0.0,11.0,10.0,1.0,1.0,1.0,68.0,1.0,0.0
1.0,10644.0,2.0,2.0,2.0,30.0,10.0,16.0,45.0,12.0,6.0,1.0,0.0,1.0,3.0,84.0,881.0,84881.0,62.0,2006.0,1HTMMAAM06H1,1,H,T,M,M,A,A,M,0,6,H,1,0.0,T,INTL,430,CC,6.0,17.0,nan,6.0,0.0,0.0,40S,D,nan,,6,466,,,,,00000,00,,42,0.0,57.0,148773,57148773,2.0,2.0,97.0,1.0,0.0,0.0,0.0,0.0,0.0,0.0,0.0,55.0,7.0,1.0,5.0,12.0,6.0,2.0,12.0,0.0,0.0,0.0,1.0,1.0,36904.0,6.0,1.0,6.0,0.0,3.0,1.0,72.0,220.0,0.0,0.0,0.0,0.0,0.0,0.0,0.0,0.0,0.0,0.0,89.0,0.0,0.0,0.0,1.0,2.0,55.0,1.0,1.0,2.0,1.0,0.0,0.0,1.0,62.0,99.0,1.0,1.0,69.0,0.0,0.0
1.0,10645.0,1.0,1.0,1.0,31.0,10.0,22.0,15.0,33.0,0.0,1.0,0.0,1.0,1.0,18.0,2.0,18002.0,4.0,2001.0,1G4HR54K51U2,1,G,4,H,R,5,4,K,5,1,U,2,0.0,P,BUIC,LLF,4D,1.0,17.0,3591.0,nan,0.0,1122.0,,G,nan,F,6,231,,,15R215,,,,,,0.0,0.0,000000000,00000000000,0.0,0.0,0.0,1.0,0.0,0.0,0.0,0.0,0.0,0.0,0.0,35.0,0.0,1.0,5.0,14.0,6.0,2.0,1.0,0.0,0.0,0.0,1.0,1.0,35951.0,6.0,1.0,0.0,0.0,3.0,0.0,74.0,280.0,0.0,0.0,0.0,0.0,0.0,0.0,0.0,0.0,0.0,1.0,0.0,0.0,0.0,0.0,1.0,2.0,55.0,2.0,6.0,2.0,1.0,0.0,0.0,14.0,12.0,1.0,1.0,4.0,6.0,1.0,1.0
1.0,10646.0,1.0,1.0,1.0,31.0,10.0,15.0,0.0,1.0,0.0,1.0,0.0,22.0,3.0,84.0,881.0,84881.0,66.0,2011.0,3HSDJSJR3BN3,3,H,S,D,J,S,J,R,3,B,N,3,1.0,T,INTL,PRO,TR,11.0,17.0,nan,8.0,0.0,0.0,PRO,D,nan,,6,793,,,,,00000,00,,64,1.0,57.0,297255,57297255,3.0,6.0,1.0,1.0,0.0,0.0,0.0,0.0,0.0,0.0,0.0,60.0,0.0,1.0,3.0,0.0,6.0,2.0,1.0,0.0,0.0,0.0,1.0,22.0,71234.0,6.0,1.0,6.0,0.0,3.0,0.0,72.0,270.0,0.0,0.0,0.0,0.0,1.0,3.0,2011.0,3.0,2011.0,0.0,58.0,0.0,0.0,0.0,2.0,2.0,70.0,1.0,1.0,2.0,1.0,0.0,0.0,1.0,12.0,7.0,1.0,4.0,6.0,1.0,0.0
1.0,10647.0,1.0,2.0,2.0,31.0,10.0,5.0,3.0,12.0,1.0,1.0,0.0,1.0,2.0,12.0,13.0,12013.0,4.0,2001.0,3FAFP13P81R1,3,F,A,F,P,1,3,P,8,1,R,1,0.0,P,FORD,ESC,4D,1.0,17.0,2454.0,nan,0.0,984.0,,G,nan,F,4,122,,,14R185,,,,,,0.0,0.0,000000000,00000000000,0.0,0.0,0.0,1.0,0.0,0.0,0.0,0.0,0.0,0.0,0.0,65.0,0.0,0.0,0.0,12.0,6.0,2.0,12.0,0.0,0.0,0.0,1.0,1.0,35674.0,6.0,1.0,0.0,0.0,3.0,0.0,63.0,115.0,0.0,0.0,0.0,2.0,0.0,4.0,2010.0,9.0,2012.0,0.0,0.0,0.0,0.0,0.0,2.0,2.0,65.0,1.0,1.0,2.0,1.0,0.0,0.0,1.0,51.0,1.0,1.0,1.0,24.0,1.0,0.0
1.0,10647.0,2.0,2.0,1.0,31.0,10.0,5.0,3.0,12.0,1.0,1.0,0.0,1.0,3.0,87.0,881.0,87881.0,66.0,2010.0,1XPHD49X5AD7,1,X,P,H,D,4,9,X,5,A,D,7,1.0,T,PTRB,386,TR,10.0,17.0,nan,8.0,0.0,0.0,CON,D,nan,,6,915,,,,,00000,00,,64,1.0,57.0,579346,57579346,3.0,6.0,10.0,1.0,0.0,0.0,0.0,0.0,0.0,0.0,0.0,45.0,0.0,0.0,0.0,6.0,2.0,1.0,12.0,0.0,0.0,0.0,1.0,1.0,35593.0,6.0,1.0,6.0,0.0,3.0,1.0,72.0,280.0,0.0,0.0,0.0,0.0,2.0,12.0,2011.0,10.0,2012.0,0.0,0.0,0.0,0.0,0.0,2.0,2.0,65.0,1.0,1.0,2.0,1.0,0.0,0.0,3.0,53.0,1.0,1.0,1.0,25.0,0.0,0.0
1.0,10648.0,1.0,3.0,2.0,26.0,10.0,14.0,30.0,12.0,1.0,1.0,0.0,1.0,2.0,21.0,2.0,21002.0,4.0,1989.0,1G3HN54C8K18,1,G,3,H,N,5,4,C,8,K,1,8,0.0,P,OLDS,DRF,4D,89.0,17.0,3105.0,nan,0.0,1108.0,,G,nan,F,6,231,,,14R205,,,,,,0.0,0.0,000000000,00000000000,0.0,0.0,0.0,1.0,0.0,0.0,0.0,0.0,0.0,0.0,0.0,0.0,0.0,0.0,0.0,6.0,6.0,2.0,12.0,0.0,0.0,0.0,1.0,1.0,35630.0,6.0,1.0,0.0,0.0,3.0,0.0,62.0,97.0,0.0,0.0,0.0,0.0,0.0,0.0,0.0,0.0,0.0,0.0,0.0,0.0,0.0,0.0,2.0,2.0,65.0,1.0,3.0,2.0,1.0,0.0,0.0,5.0,53.0,1.0,1.0,1.0,21.0,2.0,0.0
1.0,10648.0,2.0,3.0,1.0,26.0,10.0,14.0,30.0,12.0,1.0,1.0,0.0,28.0,1.0,2.0,404.0,2404.0,14.0,2011.0,1J4RS4GG8BC5,1,J,4,R,S,4,G,G,8,B,C,5,0.0,T,JEEP,LRO,4W,11.0,17.0,nan,2.0,0.0,1148.0,GCK,F,nan,,6,220,,,,,4470,00,W,42,0.0,0.0,000000000,00000000000,0.0,0.0,0.0,1.0,0.0,0.0,0.0,0.0,0.0,0.0,0.0,65.0,0.0,1.0,5.0,12.0,6.0,2.0,12.0,0.0,0.0,0.0,1.0,28.0,38834.0,6.0,1.0,0.0,0.0,3.0,0.0,68.0,170.0,0.0,0.0,0.0,0.0,0.0,0.0,0.0,0.0,0.0,0.0,0.0,0.0,0.0,0.0,2.0,2.0,65.0,1.0,3.0,2.0,1.0,0.0,0.0,1.0,50.0,98.0,1.0,1.0,20.0,0.0,0.0