STATE,ST_CASE,VEH_NO,VE_FORMS,NUMOCCS,DAY,MONTH,HOUR,MINUTE,HARM_EV,MAN_COLL,UNITTYPE,HIT_RUN,REG_STAT,OWNER,MAKE,MODEL,MAK_MOD,BODY_TYP,MOD_YEAR,VIN,VIN_1,VIN_2,VIN_3,VIN_4,VIN_5,VIN_6,VIN_7,VIN_8,VIN_9,VIN_10,VIN_11,VIN_12,TOW_VEH,VINTYPE,VINMAKE,VINA_MOD,VIN_BT,VINMODYR,VIN_LNGT,VIN_WGT,WGTCD_TR,WHLBS_LG,WHLBS_SH,SER_TR,FUELCODE,MCYCL_DS,CARBUR,CYLINDER,DISPLACE,MCYCL_CY,MCYCL_WT,TIRE_SZE,TON_RAT,TRK_WT,TRKWTVAR,VIN_REST,WHLDRWHL,J_KNIFE,MCARR_I1,MCARR_I2,MCARR_ID,GVWR,V_CONFIG,CARGO_BT,HAZ_INV,HAZ_PLAC,HAZ_ID,HAZ_CNO,HAZ_REL,BUS_USE,SPEC_USE,EMER_USE,TRAV_SP,UNDERIDE,ROLLOVER,ROLINLOC,IMPACT1,DEFORMED,TOWED,M_HARM,VEH_SC1,VEH_SC2,FIRE_EXP,DR_PRES,L_STATE,DR_ZIP,L_STATUS,L_TYPE,CDL_STAT,L_ENDORS,L_COMPL,L_RESTRI,DR_HGT,DR_WGT,PREV_ACC,PREV_SUS,PREV_DWI,PREV_SPD,PREV_OTH,FIRST_MO,FIRST_YR,LAST_MO,LAST_YR,SPEEDREL,DR_SF1,DR_SF2,DR_SF3,DR_SF4,VTRAFWAY,VNUM_LAN,VSPD_LIM,VALIGN,VPROFILE,VPAVETYP,VSURCOND,VTRAFCON,VTCONT_F,P_CRASH1,P_CRASH2,P_CRASH3,PCRASH4,PCRASH5,ACC_TYPE,DEATHS,DR_DRINK
1.0,10648.0,3.0,3.0,1.0,26.0,10.0,14.0,30.0,12.0,1.0,1.0,0.0,1.0,1.0,20.0,482.0,20482.0,31.0,2007.0,3GNEC12097G2,3,G,N,E,C,1,2,0,9,7,G,2,0.0,T,CHEV,CAV,CW,7.0,17.0,nan,2.0,0.0,1300.0,AVL,F,nan,,8,323,,,,B,5539,00,,42,0.0,0.0,000000000,00000000000,0.0,0.0,0.0,1.0,0.0,0.0,0.0,0.0,0.0,0.0,0.0,65.0,0.0,0.0,0.0,4.0,2.0,1.0,54.0,0.0,0.0,0.0,1.0,1.0,36067.0,6.0,1.0,0.0,0.0,3.0,0.0,69.0,205.0,0.0,0.0,0.0,1.0,0.0,5.0,2010.0,5.0,2010.0,0.0,0.0,0.0,0.0,0.0,2.0,2.0,65.0,1.0,3.0,2.0,1.0,0.0,0.0,1.0,98.0,1.0,1.0,1.0,98.0,0.0,0.0
1.0,10649.0,1.0,1.0,1.0,6.0,11.0,12.0,54.0,42.0,0.0,1.0,0.0,1.0,1.0,12.0,471.0,12471.0,30.0,1995.0,1FTCR10A7SUB,1,F,T,C,R,1,0,A,7,S,U,B,0.0,T,FORD,RNG,PK,95.0,17.0,nan,1.0,1140.0,1080.0,RNG,G,nan,,4,140,,,,B,00000,00,M,42,0.0,0.0,000000000,00000000000,0.0,0.0,0.0,1.0,0.0,0.0,0.0,0.0,0.0,0.0,0.0,50.0,0.0,0.0,0.0,12.0,6.0,2.0,42.0,0.0,0.0,0.0,1.0,1.0,35803.0,6.0,1.0,0.0,0.0,3.0,1.0,61.0,130.0,0.0,0.0,0.0,0.0,0.0,0.0,0.0,0.0,0.0,0.0,0.0,0.0,0.0,0.0,1.0,2.0,45.0,1.0,1.0,2.0,1.0,0.0,0.0,1.0,13.0,1.0,1.0,4.0,1.0,1.0,0.0
1.0,10650.0,1.0,1.0,2.0,15.0,11.0,14.0,5.0,1.0,0.0,1.0,0.0,1.0,1.0,21.0,23.0,21023.0,4.0,2000.0,1G3WH52HXYF1,1,G,3,W,H,5,2,H,X,Y,F,1,0.0,P,OLDS,IGX,4D,0.0,17.0,3455.0,nan,0.0,1090.0,,G,nan,F,6,211,,,16R225,,,,,,0.0,0.0,000000000,00000000000,0.0,0.0,0.0,1.0,0.0,0.0,0.0,0.0,0.0,0.0,0.0,55.0,0.0,1.0,5.0,0.0,6.0,2.0,1.0,0.0,0.0,0.0,1.0,1.0,35660.0,6.0,1.0,0.0,0.0,3.0,0.0,62.0,150.0,1.0,0.0,0.0,0.0,0.0,10.0,2010.0,10.0,2010.0,0.0,89.0,0.0,0.0,0.0,1.0,2.0,55.0,1.0,1.0,2.0,1.0,0.0,0.0,1.0,13.0,1.0,1.0,4.0,1.0,1.0,0.0
1.0,10651.0,1.0,2.0,1.0,1.0,11.0,16.0,0.0,12.0,6.0,1.0,0.0,1.0,1.0,20.0,481.0,20481.0,31.0,1995.0,2GCEC19K9S12,2,G,C,E,C,1,9,K,9,S,1,2,0.0,T,CHEV,GC1,PC,95.0,17.0,nan,2.0,1555.0,1415.0,GM4,G,nan,,8,350,,,,B,4071,02,,42,0.0,0.0,000000000,00000000000,0.0,0.0,0.0,1.0,0.0,0.0,0.0,0.0,0.0,0.0,0.0,15.0,0.0,0.0,0.0,2.0,6.0,2.0,12.0,0.0,0.0,0.0,1.0,1.0,36091.0,6.0,1.0,0.0,0.0,3.0,0.0,68.0,165.0,0.0,0.0,0.0,0.0,0.0,0.0,0.0,0.0,0.0,0.0,38.0,0.0,0.0,0.0,1.0,2.0,45.0,1.0,1.0,2.0,1.0,20.0,3.0,1.0,17.0,1.0,1.0,1.0,87.0,1.0,0.0
1.0,10651.0,2.0,2.0,3.0,1.0,11.0,16.0,0.0,12.0,6.0,1.0,0.0,1.0,2.0,35.0,47.0,35047.0,4.0,2001.0,1N4DL01D21C2,1,N,4,D,L,0,1,D,2,1,C,2,0.0,P,NISS,AXE,4D,1.0,17.0,2754.0,nan,0.0,1031.0,,G,nan,F,4,146,,,15R195,,,,,,0.0,0.0,000000000,00000000000,0.0,0.0,0.0,1.0,0.0,0.0,0.0,0.0,0.0,0.0,0.0,55.0,0.0,0.0,0.0,12.0,6.0,2.0,12.0,0.0,0.0,0.0,1.0,48.0,35010.0,0.0,0.0,0.0,0.0,0.0,0.0,999.0,999.0,0.0,0.0,0.0,0.0,0.0,0.0,0.0,0.0,0.0,0.0,0.0,0.0,0.0,0.0,1.0,2.0,55.0,1.0,6.0,2.0,1.0,4.0,3.0,1.0,66.0,1.0,1.0,1.0,86.0,0.0,0.0
1.0,10652.0,1.0,1.0,3.0,3.0,11.0,1.0,5.0,42.0,0.0,1.0,0.0,1.0,2.0,12.0,401.0,12401.0,14.0,2000.0,1FMZU73XXYZB,1,F,M,Z,U,7,3,X,X,Y,Z,B,0.0,P,FORD,EPR,UT,0.0,17.0,4106.0,nan,0.0,1116.0,,G,nan,F,6,245,,,15R235,,,,,,0.0,0.0,000000000,00000000000,0.0,0.0,0.0,1.0,0.0,0.0,0.0,0.0,0.0,0.0,0.0,60.0,0.0,0.0,0.0,12.0,6.0,2.0,42.0,0.0,0.0,0.0,1.0,1.0,35803.0,6.0,7.0,0.0,0.0,3.0,1.0,68.0,220.0,0.0,0.0,0.0,0.0,0.0,0.0,0.0,0.0,0.0,0.0,0.0,0.0,0.0,0.0,1.0,2.0,35.0,1.0,5.0,2.0,1.0,0.0,0.0,1.0,13.0,1.0,1.0,4.0,1.0,1.0,1.0
1.0,10653.0,1.0,1.0,1.0,3.0,11.0,16.0,0.0,59.0,0.0,1.0,0.0,1.0,1.0,7.0,472.0,7472.0,30.0,1994.0,1B7FL26G1RW1,1,B,7,F,L,2,6,G,1,R,W,1,0.0,T,DODG,DAK,PK,94.0,17.0,nan,1.0,1239.0,1119.0,DAK,G,nan,,4,153,,,,B,2908,01,B,42,0.0,0.0,000000000,00000000000,0.0,0.0,0.0,1.0,0.0,0.0,0.0,0.0,0.0,0.0,0.0,999.0,0.0,1.0,5.0,12.0,6.0,2.0,1.0,0.0,0.0,0.0,1.0,1.0,36544.0,6.0,1.0,0.0,0.0,3.0,0.0,71.0,140.0,0.0,0.0,0.0,0.0,0.0,0.0,0.0,0.0,0.0,1.0,0.0,0.0,0.0,0.0,1.0,2.0,30.0,2.0,1.0,2.0,1.0,0.0,0.0,14.0,12.0,1.0,1.0,4.0,6.0,1.0,1.0
1.0,10654.0,1.0,2.0,1.0,3.0,11.0,12.0,22.0,12.0,1.0,1.0,0.0,1.0,1.0,73.0,706.0,73706.0,80.0,2005.0,JKBVNAN195A0,J,K,B,V,N,A,N,1,9,5,A,0,1.0,M,KAWK,V5N,RS,5.0,17.0,nan,nan,nan,nan,,,1500.0,,2,,4,659,,,,,,,1.0,0.0,000000000,00000000000,0.0,0.0,0.0,1.0,0.0,0.0,0.0,0.0,0.0,0.0,0.0,65.0,0.0,0.0,0.0,12.0,4.0,1.0,54.0,0.0,0.0,0.0,1.0,1.0,35044.0,6.0,1.0,0.0,0.0,3.0,0.0,69.0,260.0,2.0,0.0,0.0,0.0,0.0,7.0,2011.0,1.0,2012.0,0.0,26.0,0.0,0.0,0.0,3.0,3.0,70.0,1.0,6.0,2.0,1.0,0.0,0.0,1.0,52.0,2.0,1.0,1.0,28.0,0.0,0.0
1.0,10654.0,2.0,2.0,1.0,3.0,11.0,12.0,22.0,12.0,1.0,1.0,0.0,1.0,1.0,72.0,706.0,72706.0,80.0,1988.0,1HD1DJL1XJY5,1,H,D,1,D,J,L,1,X,J,Y,5,0.0,M,HD,FHC,RS,88.0,17.0,nan,nan,nan,nan,,,1340.0,,2,,4,727,,,,,,,0.0,0.0,000000000,00000000000,0.0,0.0,0.0,1.0,0.0,0.0,0.0,0.0,0.0,0.0,0.0,5.0,0.0,0.0,0.0,6.0,6.0,2.0,12.0,0.0,0.0,0.0,1.0,1.0,35136.0,6.0,1.0,0.0,0.0,3.0,0.0,66.0,178.0,0.0,0.0,0.0,0.0,0.0,0.0,0.0,0.0,0.0,0.0,89.0,0.0,0.0,0.0,3.0,3.0,70.0,1.0,6.0,2.0,1.0,0.0,0.0,2.0,53.0,1.0,1.0,1.0,29.0,1.0,0.0
1.0,10655.0,1.0,1.0,1.0,3.0,11.0,23.0,47.0,40.0,0.0,1.0,0.0,1.0,1.0,2.0,404.0,2404.0,14.0,2001.0,1J4GX58S01C5,1,J,4,G,X,5,8,S,0,1,C,5,0.0,T,JEEP,LMT,4W,1.0,17.0,nan,1.0,0.0,1059.0,GCK,G,nan,,6,244,,,,,3776,01,E,42,0.0,0.0,000000000,00000000000,0.0,0.0,0.0,1.0,0.0,0.0,0.0,0.0,0.0,0.0,0.0,45.0,0.0,1.0,5.0,12.0,6.0,2.0,1.0,0.0,0.0,0.0,1.0,1.0,36863.0,6.0,1.0,6.0,0.0,3.0,0.0,72.0,168.0,0.0,0.0,0.0,1.0,1.0,11.0,2009.0,4.0,2012.0,0.0,0.0,0.0,0.0,0.0,1.0,2.0,45.0,3.0,1.0,2.0,1.0,0.0,0.0,14.0,13.0,1.0,1.0,4.0,1.0,1.0,0.0
1.0,10656.0,1.0,1.0,1.0,5.0,11.0,19.0,10.0,8.0,0.0,1.0,0.0,1.0,1.0,20.0,481.0,20481.0,31.0,2007.0,1GCHC23D97F1,1,G,C,H,C,2,3,D,9,7,F,1,0.0,T,CHEV,2CH,CW,7.0,17.0,nan,2.0,1670.0,1530.0,SIL,D,nan,,8,403,,,,C,5594,02,,42,0.0,0.0,000000000,00000000000,0.0,0.0,0.0,1.0,0.0,0.0,0.0,0.0,0.0,0.0,0.0,55.0,0.0,0.0,0.0,12.0,2.0,1.0,8.0,0.0,0.0,0.0,1.0,1.0,36320.0,6.0,1.0,0.0,0.0,3.0,1.0,70.0,193.0,0.0,0.0,0.0,0.0,0.0,0.0,0.0,0.0,0.0,0.0,0.0,0.0,0.0,0.0,2.0,2.0,65.0,1.0,1.0,2.0,2.0,0.0,0.0,1.0,81.0,1.0,1.0,1.0,13.0,0.0,0.0
1.0,10657.0,1.0,2.0,1.0,7.0,11.0,23.0,7.0,12.0,6.0,1.0,0.0,12.0,3.0,51.0,881.0,51881.0,63.0,2005.0,4V4NC9TH95N3,4,V,4,N,C,9,T,H,9,5,N,3,5.0,T,VOLV,VNL,TR,5.0,17.0,nan,8.0,0.0,0.0,VVN,D,nan,,6,915,,,,,00000,00,,64,1.0,57.0,666938,57666938,3.0,99.0,12.0,1.0,0.0,0.0,0.0,0.0,0.0,0.0,0.0,56.0,0.0,0.0,0.0,12.0,6.0,2.0,12.0,0.0,0.0,0.0,1.0,12.0,33125.0,6.0,1.0,6.0,0.0,3.0,0.0,74.0,999.0,0.0,0.0,0.0,0.0,2.0,8.0,2011.0,12.0,2011.0,0.0,39.0,0.0,0.0,0.0,2.0,3.0,50.0,1.0,1.0,2.0,1.0,3.0,3.0,1.0,17.0,1.0,1.0,1.0,83.0,0.0,1.0
1.0,10657.0,2.0,2.0,1.0,7.0,11.0,23.0,7.0,12.0,6.0,1.0,0.0,1.0,2.0,63.0,441.0,63441.0,20.0,2006.0,KNDMB2333660,K,N,D,M,B,2,3,3,3,6,6,0,0.0,P,KIA,SED,SV,6.0,17.0,0.0,nan,0.0,1145.0,,G,nan,F,6,231,,,15R215,,,,,,0.0,0.0,000000000,00000000000,0.0,0.0,0.0,1.0,0.0,0.0,0.0,0.0,0.0,0.0,0.0,17.0,0.0,0.0,0.0,9.0,6.0,2.0,12.0,0.0,0.0,0.0,1.0,17.0,36330.0,6.0,1.0,0.0,0.0,3.0,1.0,71.0,200.0,0.0,0.0,0.0,0.0,0.0,0.0,0.0,0.0,0.0,0.0,0.0,0.0,0.0,0.0,1.0,2.0,50.0,1.0,1.0,2.0,1.0,3.0,3.0,11.0,66.0,1.0,1.0,1.0,82.0,1.0,0.0
1.0,10658.0,1.0,1.0,2.0,8.0,11.0,9.0,55.0,34.0,0.0,1.0,0.0,1.0,2.0,35.0,43.0,35043.0,4.0,1997.0,1N4AB41D6VC7,1,N,4,A,B,4,1,D,6,V,C,7,0.0,P,NISS,XGU,4D,97.0,17.0,2237.0,nan,0.0,998.0,,G,nan,F,4,097,,,13R155,,,,,,0.0,0.0,000000000,00000000000,0.0,0.0,0.0,1.0,0.0,0.0,0.0,0.0,0.0,0.0,0.0,65.0,0.0,0.0,0.0,12.0,6.0,2.0,42.0,0.0,0.0,0.0,1.0,1.0,36274.0,6.0,7.0,0.0,0.0,3.0,1.0,71.0,200.0,0.0,0.0,0.0,0.0,0.0,0.0,0.0,0.0,0.0,1.0,58.0,0.0,0.0,0.0,1.0,2.0,45.0,2.0,1.0,2.0,1.0,0.0,0.0,14.0,6.0,7.0,1.0,4.0,1.0,1.0,0.0
1.0,10659.0,1.0,1.0,1.0,9.0,11.0,5.0,15.0,42.0,0.0,1.0,0.0,13.0,1.0,7.0,482.0,7482.0,31.0,1996.0,3B7HF13Z2TG1,3,B,7,H,F,1,3,Z,2,T,G,1,0.0,T,DODG,150,PC,96.0,17.0,nan,2.0,1547.0,1387.0,RPC,G,nan,,8,360,,,,B,4725,01,M,44,0.0,0.0,000000000,00000000000,0.0,0.0,0.0,1.0,0.0,0.0,0.0,0.0,0.0,0.0,0.0,45.0,0.0,0.0,0.0,12.0,6.0,2.0,42.0,0.0,0.0,0.0,1.0,13.0,30730.0,6.0,1.0,0.0,0.0,3.0,0.0,77.0,300.0,98.0,0.0,0.0,0.0,1.0,7.0,2010.0,7.0,2010.0,0.0,0.0,0.0,0.0,0.0,1.0,2.0,45.0,1.0,1.0,2.0,1.0,0.0,0.0,1.0,12.0,1.0,1.0,4.0,6.0,1.0,0.0
1.0,10660.0,1.0,1.0,4.0,9.0,11.0,9.0,0.0,1.0,0.0,1.0,0.0,1.0,1.0,19.0,421.0,19421.0,15.0,2004.0,1GYEK63N74R1,1,G,Y,E,K,6,3,N,7,4,R,1,0.0,P,CADI,ESC,UT,4.0,17.0,5571.0,nan,0.0,1160.0,,G,nan,F,8,364,,,17R265,,,,,,0.0,0.0,000000000,00000000000,0.0,0.0,0.0,1.0,0.0,0.0,0.0,0.0,0.0,0.0,0.0,80.0,0.0,1.0,5.0,0.0,6.0,2.0,1.0,0.0,0.0,0.0,1.0,1.0,36617.0,6.0,1.0,0.0,0.0,3.0,0.0,56.0,130.0,0.0,0.0,0.0,0.0,0.0,0.0,0.0,0.0,0.0,0.0,0.0,0.0,0.0,0.0,3.0,5.0,50.0,1.0,1.0,2.0,1.0,0.0,0.0,1.0,8.0,7.0,2.0,4.0,3.0,1.0,0.0
1.0,10661.0,1.0,2.0,1.0,10.0,11.0,21.0,10.0,12.0,6.0,1.0,0.0,1.0,1.0,7.0,482.0,7482.0,31.0,2001.0,3B7HC13Z31G7,3,B,7,H,C,1,3,Z,3,1,G,7,0.0,T,DODG,Q15,4C,1.0,17.0,nan,2.0,1547.0,1387.0,RPC,G,nan,,8,360,,,,B,4688,01,U,42,0.0,0.0,000000000,00000000000,0.0,0.0,0.0,1.0,0.0,0.0,0.0,0.0,0.0,0.0,0.0,35.0,0.0,0.0,0.0,3.0,6.0,2.0,12.0,0.0,0.0,0.0,1.0,1.0,35810.0,6.0,1.0,0.0,0.0,3.0,0.0,69.0,176.0,0.0,0.0,0.0,0.0,0.0,0.0,0.0,0.0,0.0,0.0,38.0,0.0,0.0,0.0,1.0,2.0,55.0,1.0,1.0,2.0,1.0,3.0,3.0,11.0,15.0,1.0,1.0,1.0,68.0,0.0,1.0
1.0,10661.0,2.0,2.0,1.0,10.0,11.0,21.0,10.0,12.0,6.0,1.0,0.0,1.0,1.0,72.0,706.0,72706.0,80.0,2011.0,1HD1KGM15BB6,1,H,D,1,K,G,M,1,5,B,B,6,0.0,M,HD,LRU,RS,11.0,17.0,nan,nan,nan,nan,,,1690.0,,2,,4,850,,,,,,,0.0,0.0,000000000,00000000000,0.0,0.0,0.0,1.0,0.0,0.0,0.0,0.0,0.0,0.0,0.0,60.0,0.0,0.0,0.0,12.0,6.0,2.0,12.0,0.0,0.0,0.0,1.0,1.0,35749.0,6.0,1.0,0.0,0.0,3.0,0.0,73.0,230.0,0.0,0.0,0.0,0.0,0.0,0.0,0.0,0.0,0.0,0.0,0.0,0.0,0.0,0.0,1.0,2.0,55.0,1.0,1.0,2.0,1.0,3.0,3.0,1.0,62.0,1.0,1.0,1.0,69.0,1.0,0.0
1.0,10662.0,1.0,2.0,1.0,10.0,11.0,8.0,0.0,12.0,2.0,1.0,0.0,1.0,1.0,20.0,471.0,20471.0,30.0,2001.0,1GCCS1452181,1,G,C,C,S,1,4,5,2,1,8,1,0.0,T,CHEV,S14,PK,1.0,17.0,nan,1.0,1179.0,1083.0,S,F,nan,,4,133,,,,B,00000,00,,42,0.0,0.0,000000000,00000000000,0.0,0.0,0.0,1.0,0.0,0.0,0.0,0.0,0.0,0.0,0.0,55.0,0.0,0.0,0.0,12.0,6.0,2.0,12.0,0.0,0.0,0.0,1.0,1.0,35058.0,1.0,1.0,1.0,0.0,2.0,0.0,74.0,280.0,3.0,2.0,0.0,4.0,0.0,3.0,2011.0,6.0,2012.0,0.0,28.0,0.0,0.0,0.0,1.0,2.0,55.0,2.0,1.0,2.0,1.0,0.0,0.0,14.0,10.0,1.0,1.0,2.0,50.0,1.0,0.0
1.0,10662.0,2.0,2.0,2.0,10.0,11.0,8.0,0.0,12.0,2.0,1.0,0.0,1.0,1.0,63.0,35.0,63035.0,4.0,2004.0,KNALD124X450,K,N,A,L,D,1,2,4,X,4,5,0,0.0,P,KIA,AV6,4D,4.0,17.0,4021.0,nan,0.0,1102.0,,G,nan,F,6,213,,,16R225,,,,,,0.0,0.0,000000000,00000000000,0.0,0.0,0.0,1.0,0.0,0.0,0.0,0.0,0.0,0.0,0.0,55.0,0.0,1.0,5.0,12.0,6.0,2.0,12.0,0.0,0.0,0.0,1.0,1.0,35077.0,6.0,1.0,0.0,0.0,3.0,0.0,72.0,175.0,0.0,0.0,0.0,0.0,0.0,0.0,0.0,0.0,0.0,0.0,0.0,0.0,0.0,0.0,1.0,2.0,55.0,3.0,1.0,2.0,1.0,0.0,0.0,14.0,62.0,7.0,1.0,1.0,51.0,1.0,0.0
1.0,10663.0,1.0,1.0,1.0,11.0,11.0,4.0,5.0,38.0,0.0,1.0,0.0,1.0,2.0,20.0,471.0,20471.0,30.0,1997.0,1GCCS19XXV81,1,G,C,C,S,1,9,X,X,V,8,1,0.0,T,CHEV,S14,PC,97.0,17.0,nan,1.0,0.0,1229.0,S,G,nan,,6,262,,,,B,3246,00,,42,0.0,0.0,000000000,00000000000,0.0,0.0,0.0,1.0,0.0,0.0,0.0,0.0,0.0,0.0,0.0,55.0,0.0,0.0,0.0,12.0,6.0,2.0,42.0,0.0,0.0,0.0,1.0,1.0,36862.0,6.0,1.0,0.0,0.0,3.0,0.0,70.0,150.0,0.0,0.0,0.0,0.0,0.0,0.0,0.0,0.0,0.0,0.0,58.0,0.0,0.0,0.0,1.0,2.0,55.0,1.0,1.0,2.0,1.0,0.0,0.0,1.0,12.0,1.0,1.0,4.0,6.0,1.0,0.0
1.0,10664.0,1.0,1.0,4.0,4.0,11.0,1.0,14.0,35.0,0.0,1.0,0.0,1.0,2.0,12.0,401.0,12401.0,14.0,2004.0,1FMZU62K04UA,1,F,M,Z,U,6,2,K,0,4,U,A,0.0,P,FORD,EPR,UT,4.0,17.0,4304.0,nan,0.0,1137.0,,F,nan,F,6,245,,,16R235,,,,,,0.0,0.0,000000000,00000000000,0.0,0.0,0.0,1.0,0.0,0.0,0.0,0.0,0.0,0.0,0.0,81.0,0.0,1.0,5.0,12.0,6.0,2.0,35.0,0.0,0.0,0.0,1.0,1.0,36425.0,6.0,1.0,0.0,0.0,3.0,0.0,72.0,193.0,0.0,0.0,0.0,0.0,0.0,0.0,0.0,0.0,0.0,1.0,0.0,0.0,0.0,0.0,1.0,2.0,55.0,3.0,1.0,2.0,1.0,0.0,0.0,14.0,6.0,1.0,4.0,4.0,7.0,1.0,1.0
1.0,10665.0,1.0,2.0,1.0,7.0,11.0,13.0,0.0,12.0,6.0,1.0,0.0,1.0,1.0,2.0,404.0,2404.0,14.0,1996.0,1J4FX58S2TC3,1,J,4,F,X,5,8,S,2,T,C,3,0.0,T,JEEP,LRO,4W,96.0,17.0,nan,1.0,0.0,1059.0,GCK,G,nan,,6,242,,,,,3510,00,E,42,0.0,0.0,000000000,00000000000,0.0,0.0,0.0,1.0,0.0,0.0,0.0,0.0,0.0,0.0,0.0,50.0,0.0,0.0,0.0,12.0,6.0,2.0,12.0,0.0,0.0,0.0,1.0,1.0,36037.0,6.0,1.0,0.0,0.0,3.0,0.0,69.0,190.0,0.0,0.0,0.0,0.0,0.0,0.0,0.0,0.0,0.0,0.0,89.0,0.0,0.0,0.0,1.0,2.0,55.0,1.0,6.0,2.0,1.0,0.0,0.0,1.0,10.0,1.0,1.0,2.0,64.0,1.0,0.0
1.0,10665.0,2.0,2.0,1.0,7.0,11.0,13.0,0.0,12.0,6.0,1.0,0.0,1.0,3.0,87.0,881.0,87881.0,66.0,2002.0,1XP5DB9X62N5,1,X,P,5,D,B,9,X,6,2,N,5,1.0,T,PTRB,379,TR,2.0,17.0,nan,8.0,0.0,0.0,CON,D,nan,,6,893,,,,,00000,00,,64,1.0,57.0,1077033,571077033,3.0,6.0,10.0,1.0,0.0,0.0,0.0,0.0,0.0,0.0,0.0,45.0,0.0,1.0,5.0,9.0,6.0,2.0,1.0,0.0,0.0,0.0,1.0,1.0,36456.0,6.0,1.0,6.0,0.0,3.0,0.0,73.0,250.0,0.0,0.0,0.0,0.0,2.0,11.0,2009.0,7.0,2011.0,0.0,0.0,0.0,0.0,0.0,1.0,2.0,55.0,1.0,5.0,2.0,1.0,0.0,0.0,1.0,62.0,7.0,1.0,1.0,65.0,0.0,0.0
1.0,10666.0,1.0,1.0,1.0,7.0,11.0,11.0,23.0,53.0,0.0,1.0,0.0,1.0,1.0,12.0,481.0,12481.0,31.0,2001.0,1FTRF17W81NA,1,F,T,R,F,1,7,W,8,1,N,A,0.0,T,FORD,F15,PK,1.0,17.0,nan,2.0,1385.0,1199.0,COF,G,nan,,8,281,,,,B,3923,04,U,42,0.0,0.0,000000000,00000000000,0.0,0.0,0.0,1.0,0.0,0.0,0.0,0.0,0.0,0.0,0.0,70.0,0.0,0.0,0.0,12.0,6.0,2.0,42.0,0.0,0.0,0.0,1.0,1.0,35760.0,1.0,1.0,0.0,0.0,2.0,0.0,67.0,165.0,2.0,1.0,0.0,0.0,0.0,8.0,2010.0,11.0,2012.0,1.0,58.0,0.0,0.0,0.0,1.0,2.0,35.0,1.0,1.0,2.0,1.0,0.0,0.0,1.0,13.0,1.0,1.0,4.0,1.0,1.0,0.0
1.0,10667.0,1.0,1.0,1.0,6.0,11.0,22.0,30.0,42.0,0.0,1.0,0.0,1.0,2.0,37.0,32.0,37032.0,4.0,1998.0,1HGCG1650WA0,1,H,G,C,G,1,6,5,0,W,A,0,0.0,P,HOND,UEX,4D,98.0,17.0,3184.0,nan,0.0,1069.0,,G,nan,F,6,183,,,15R205,,,,,,0.0,0.0,000000000,00000000000,0.0,0.0,0.0,1.0,0.0,0.0,0.0,0.0,0.0,0.0,0.0,999.0,0.0,1.0,1.0,12.0,6.0,2.0,42.0,0.0,0.0,0.0,1.0,1.0,36701.0,0.0,0.0,0.0,0.0,0.0,0.0,66.0,160.0,0.0,0.0,0.0,0.0,0.0,0.0,0.0,0.0,0.0,1.0,0.0,0.0,0.0,0.0,1.0,2.0,55.0,2.0,1.0,2.0,1.0,0.0,0.0,14.0,6.0,1.0,1.0,4.0,6.0,1.0,0.0
1.0,10668.0,1.0,1.0,1.0,10.0,11.0,4.0,45.0,1.0,0.0,1.0,0.0,1.0,1.0,14.0,4.0,14004.0,2.0,1968.0,8F93J510968,8,F,9,3,J,5,1,0,9,6,8,,0.0,P,MERC,XR7,2T,68.0,11.0,3157.0,nan,0.0,1110.0,,G,nan,4,8,302,,,14E70,,,,,,0.0,0.0,000000000,00000000000,0.0,0.0,0.0,1.0,0.0,0.0,0.0,0.0,0.0,0.0,0.0,65.0,0.0,1.0,5.0,0.0,6.0,2.0,1.0,0.0,0.0,0.0,1.0,1.0,36426.0,1.0,1.0,1.0,0.0,2.0,0.0,73.0,175.0,0.0,2.0,1.0,0.0,0.0,2.0,2010.0,7.0,2010.0,1.0,58.0,0.0,0.0,0.0,1.0,2.0,55.0,1.0,1.0,2.0,1.0,0.0,0.0,1.0,13.0,1.0,1.0,4.0,1.0,1.0,1.0
1.0,10669.0,1.0,1.0,1.0,15.0,11.0,2.0,35.0,8.0,0.0,1.0,0.0,1.0,1.0,22.0,18.0,22018.0,4.0,2001.0,1G2NW52E11C2,1,G,2,N,W,5,2,E,1,1,C,2,0.0,P,PONT,GAG,4D,1.0,17.0,3168.0,nan,0.0,1070.0,,G,nan,F,6,207,,,16R225,,,,,,0.0,0.0,000000000,00000000000,0.0,0.0,0.0,1.0,0.0,0.0,0.0,0.0,0.0,0.0,0.0,47.0,0.0,0.0,0.0,12.0,4.0,3.0,8.0,0.0,0.0,0.0,1.0,12.0,36618.0,1.0,1.0,0.0,0.0,2.0,0.0,67.0,999.0,0.0,1.0,0.0,1.0,0.0,8.0,2012.0,11.0,2012.0,0.0,0.0,0.0,0.0,0.0,1.0,2.0,35.0,1.0,1.0,2.0,1.0,0.0,0.0,1.0,13.0,1.0,1.0,4.0,13.0,0.0,1.0