STATE,ST_CASE,VEH_NO,VE_FORMS,NUMOCCS,DAY,MONTH,HOUR,MINUTE,HARM_EV,MAN_COLL,UNITTYPE,HIT_RUN,REG_STAT,OWNER,MAKE,MODEL,MAK_MOD,BODY_TYP,MOD_YEAR,VIN,VIN_1,VIN_2,VIN_3,VIN_4,VIN_5,VIN_6,VIN_7,VIN_8,VIN_9,VIN_10,VIN_11,VIN_12,TOW_VEH,VINTYPE,VINMAKE,VINA_MOD,VIN_BT,VINMODYR,VIN_LNGT,VIN_WGT,WGTCD_TR,WHLBS_LG,WHLBS_SH,SER_TR,FUELCODE,MCYCL_DS,CARBUR,CYLINDER,DISPLACE,MCYCL_CY,MCYCL_WT,TIRE_SZE,TON_RAT,TRK_WT,TRKWTVAR,VIN_REST,WHLDRWHL,J_KNIFE,MCARR_I1,MCARR_I2,MCARR_ID,GVWR,V_CONFIG,CARGO_BT,HAZ_INV,HAZ_PLAC,HAZ_ID,HAZ_CNO,HAZ_REL,BUS_USE,SPEC_USE,EMER_USE,TRAV_SP,UNDERIDE,ROLLOVER,ROLINLOC,IMPACT1,DEFORMED,TOWED,M_HARM,VEH_SC1,VEH_SC2,FIRE_EXP,DR_PRES,L_STATE,DR_ZIP,L_STATUS,L_TYPE,CDL_STAT,L_ENDORS,L_COMPL,L_RESTRI,DR_HGT,DR_WGT,PREV_ACC,PREV_SUS,PREV_DWI,PREV_SPD,PREV_OTH,FIRST_MO,FIRST_YR,LAST_MO,LAST_YR,SPEEDREL,DR_SF1,DR_SF2,DR_SF3,DR_SF4,VTRAFWAY,VNUM_LAN,VSPD_LIM,VALIGN,VPROFILE,VPAVETYP,VSURCOND,VTRAFCON,VTCONT_F,P_CRASH1,P_CRASH2,P_CRASH3,PCRASH4,PCRASH5,ACC_TYPE,DEATHS,DR_DRINK
1.0,10670.0,1.0,2.0,2.0,16.0,11.0,14.0,45.0,12.0,7.0,1.0,0.0,1.0,1.0,12.0,471.0,12471.0,30.0,2002.0,1FTYR10U92PA,1,F,T,Y,R,1,0,U,9,2,P,A,0.0,T,FORD,RNG,PK,2.0,17.0,nan,1.0,1175.0,1116.0,RNG,G,nan,,6,182,,,,B,3085,03,E,42,0.0,0.0,000000000,00000000000,0.0,0.0,0.0,1.0,0.0,0.0,0.0,0.0,0.0,0.0,0.0,70.0,0.0,1.0,5.0,1.0,6.0,2.0,1.0,0.0,0.0,0.0,1.0,1.0,36460.0,6.0,1.0,0.0,0.0,3.0,0.0,67.0,215.0,1.0,0.0,0.0,1.0,0.0,4.0,2010.0,8.0,2010.0,0.0,35.0,0.0,0.0,0.0,1.0,2.0,55.0,3.0,6.0,2.0,1.0,0.0,0.0,6.0,51.0,1.0,1.0,1.0,73.0,2.0,1.0
1.0,10670.0,2.0,2.0,1.0,16.0,11.0,14.0,45.0,12.0,7.0,1.0,0.0,1.0,1.0,23.0,481.0,23481.0,31.0,1996.0,1GTEK14R8TZ5,1,G,T,E,K,1,4,R,8,T,Z,5,0.0,T,GMC,SK1,PK,96.0,17.0,nan,2.0,1315.0,1175.0,SIE,G,nan,,8,350,,,,B,4122,02,M,44,0.0,0.0,000000000,00000000000,0.0,0.0,0.0,1.0,0.0,0.0,0.0,0.0,0.0,0.0,0.0,15.0,0.0,0.0,0.0,11.0,6.0,2.0,12.0,0.0,0.0,0.0,1.0,1.0,36475.0,6.0,1.0,0.0,0.0,3.0,1.0,68.0,138.0,0.0,0.0,0.0,0.0,0.0,0.0,0.0,0.0,0.0,0.0,0.0,0.0,0.0,0.0,1.0,2.0,55.0,3.0,6.0,2.0,1.0,0.0,0.0,11.0,53.0,1.0,1.0,1.0,72.0,0.0,0.0
1.0,10671.0,1.0,1.0,1.0,16.0,11.0,17.0,1.0,11.0,0.0,1.0,0.0,1.0,1.0,53.0,709.0,53709.0,80.0,2006.0,999999999999,9,9,9,9,9,9,9,9,9,9,9,9,0.0,,,,,nan,nan,nan,nan,nan,nan,,,nan,,,,,,,,,,,,0.0,0.0,000000000,00000000000,0.0,0.0,0.0,1.0,0.0,0.0,0.0,0.0,0.0,0.0,0.0,45.0,0.0,0.0,0.0,12.0,6.0,2.0,11.0,0.0,0.0,0.0,1.0,1.0,36256.0,6.0,1.0,6.0,0.0,3.0,1.0,65.0,200.0,0.0,0.0,0.0,0.0,0.0,0.0,0.0,0.0,0.0,0.0,0.0,0.0,0.0,0.0,1.0,2.0,45.0,1.0,6.0,2.0,1.0,0.0,0.0,1.0,87.0,1.0,1.0,1.0,13.0,1.0,0.0
1.0,10672.0,1.0,2.0,1.0,16.0,11.0,20.0,38.0,12.0,1.0,1.0,0.0,1.0,1.0,12.0,481.0,12481.0,31.0,2005.0,1FTSW21P65ED,1,F,T,S,W,2,1,P,6,5,E,D,0.0,T,FORD,F2S,CW,5.0,17.0,nan,2.0,1724.0,1562.0,SRW,D,nan,,8,366,,,,C,6538,00,E,44,0.0,0.0,000000000,00000000000,0.0,0.0,0.0,1.0,0.0,0.0,0.0,0.0,0.0,0.0,0.0,999.0,0.0,0.0,0.0,12.0,6.0,2.0,12.0,0.0,0.0,0.0,1.0,1.0,35406.0,6.0,1.0,0.0,0.0,3.0,0.0,75.0,230.0,1.0,0.0,0.0,2.0,1.0,9.0,2011.0,8.0,2012.0,0.0,89.0,0.0,0.0,0.0,1.0,2.0,50.0,1.0,6.0,2.0,1.0,0.0,0.0,15.0,51.0,1.0,1.0,1.0,24.0,0.0,1.0
1.0,10672.0,2.0,2.0,6.0,16.0,11.0,20.0,38.0,12.0,1.0,1.0,0.0,5.0,1.0,7.0,482.0,7482.0,31.0,2008.0,1D7HU18N68S6,1,D,7,H,U,1,8,N,6,8,S,6,0.0,T,DODG,SQ1,CW,8.0,17.0,nan,2.0,1605.0,1405.0,RPC,G,nan,,8,287,,,,B,5201,00,E,44,0.0,0.0,000000000,00000000000,0.0,0.0,0.0,1.0,0.0,0.0,0.0,0.0,0.0,0.0,0.0,999.0,0.0,1.0,1.0,6.0,6.0,2.0,12.0,0.0,0.0,0.0,1.0,1.0,72404.0,6.0,1.0,0.0,0.0,3.0,0.0,73.0,185.0,0.0,0.0,0.0,0.0,0.0,0.0,0.0,0.0,0.0,0.0,89.0,0.0,0.0,0.0,1.0,2.0,50.0,1.0,6.0,2.0,1.0,0.0,0.0,1.0,60.0,1.0,1.0,1.0,25.0,1.0,0.0
1.0,10673.0,1.0,1.0,1.0,18.0,11.0,14.0,20.0,42.0,0.0,1.0,0.0,18.0,3.0,82.0,881.0,82881.0,66.0,2007.0,1FUJA6CV67LX,1,F,U,J,A,6,C,V,6,7,L,X,1.0,T,FRHT,COL,TR,7.0,17.0,nan,8.0,0.0,0.0,CON,D,nan,,6,782,,,,,00000,00,,64,1.0,57.0,198033,57198033,3.0,6.0,3.0,1.0,0.0,0.0,0.0,0.0,0.0,0.0,0.0,65.0,0.0,1.0,5.0,12.0,6.0,2.0,42.0,0.0,0.0,0.0,1.0,1.0,35802.0,6.0,1.0,6.0,0.0,3.0,0.0,72.0,235.0,0.0,0.0,0.0,0.0,1.0,12.0,2011.0,12.0,2011.0,0.0,89.0,0.0,0.0,0.0,2.0,2.0,65.0,3.0,1.0,2.0,1.0,0.0,0.0,14.0,13.0,1.0,1.0,4.0,1.0,1.0,0.0
1.0,10674.0,1.0,2.0,2.0,21.0,11.0,17.0,0.0,12.0,1.0,1.0,0.0,1.0,1.0,22.0,22.0,22022.0,4.0,2007.0,1G2ZM5874741,1,G,2,Z,M,5,8,7,4,7,4,1,0.0,P,PONT,G/P,4D,7.0,17.0,3545.0,nan,0.0,1123.0,,G,nan,F,6,220,,,18R225,,,,,,0.0,0.0,000000000,00000000000,0.0,0.0,0.0,1.0,0.0,0.0,0.0,0.0,0.0,0.0,0.0,0.0,0.0,0.0,0.0,6.0,6.0,2.0,12.0,0.0,0.0,0.0,1.0,1.0,36033.0,1.0,1.0,1.0,0.0,2.0,0.0,65.0,135.0,1.0,4.0,0.0,2.0,0.0,12.0,2009.0,8.0,2012.0,0.0,0.0,0.0,0.0,0.0,1.0,2.0,65.0,1.0,5.0,2.0,1.0,0.0,0.0,5.0,53.0,1.0,1.0,1.0,22.0,1.0,0.0
1.0,10674.0,2.0,2.0,1.0,21.0,11.0,17.0,0.0,12.0,1.0,1.0,0.0,1.0,1.0,12.0,481.0,12481.0,31.0,2005.0,1FTSW21P65EB,1,F,T,S,W,2,1,P,6,5,E,B,0.0,T,FORD,F2S,CW,5.0,17.0,nan,2.0,1724.0,1562.0,SRW,D,nan,,8,366,,,,C,6538,00,E,44,0.0,0.0,000000000,00000000000,0.0,0.0,0.0,1.0,0.0,0.0,0.0,0.0,0.0,0.0,0.0,65.0,0.0,0.0,0.0,12.0,6.0,2.0,12.0,0.0,0.0,0.0,1.0,1.0,36474.0,6.0,1.0,0.0,0.0,3.0,1.0,71.0,190.0,0.0,0.0,0.0,0.0,0.0,0.0,0.0,0.0,0.0,0.0,89.0,0.0,0.0,0.0,1.0,2.0,65.0,1.0,5.0,2.0,1.0,0.0,0.0,1.0,50.0,1.0,1.0,1.0,20.0,0.0,0.0
1.0,10675.0,1.0,1.0,1.0,22.0,11.0,0.0,35.0,24.0,0.0,1.0,0.0,1.0,3.0,51.0,881.0,51881.0,66.0,2007.0,4V4NC9GHX7N4,4,V,4,N,C,9,G,H,X,7,N,4,1.0,T,VOLV,VNL,TR,7.0,17.0,nan,8.0,0.0,0.0,VVN,D,nan,,6,732,,,,,00000,00,,64,1.0,57.0,265752,57265752,3.0,6.0,1.0,1.0,0.0,0.0,0.0,0.0,0.0,0.0,0.0,70.0,0.0,0.0,0.0,12.0,6.0,2.0,21.0,0.0,0.0,0.0,1.0,1.0,36582.0,6.0,1.0,6.0,0.0,3.0,1.0,70.0,185.0,0.0,0.0,0.0,1.0,0.0,11.0,2011.0,11.0,2011.0,0.0,0.0,0.0,0.0,0.0,3.0,2.0,70.0,1.0,1.0,2.0,1.0,0.0,0.0,1.0,12.0,1.0,1.0,4.0,6.0,1.0,1.0
1.0,10676.0,1.0,2.0,1.0,9.0,11.0,12.0,40.0,12.0,6.0,1.0,0.0,1.0,1.0,24.0,7.0,24007.0,4.0,2007.0,1G8AL55F37Z1,1,G,8,A,L,5,5,F,3,7,Z,1,0.0,P,STRN,SI3,4D,7.0,17.0,2841.0,nan,0.0,1032.0,,G,nan,F,4,134,,,16R205,,,,,,0.0,0.0,000000000,00000000000,0.0,0.0,0.0,1.0,0.0,0.0,0.0,0.0,0.0,0.0,0.0,15.0,0.0,0.0,0.0,9.0,6.0,2.0,12.0,0.0,0.0,0.0,1.0,1.0,35094.0,6.0,1.0,0.0,0.0,3.0,0.0,62.0,170.0,0.0,0.0,0.0,0.0,0.0,0.0,0.0,0.0,0.0,0.0,38.0,0.0,0.0,0.0,1.0,2.0,40.0,1.0,5.0,2.0,1.0,20.0,3.0,1.0,17.0,1.0,1.0,1.0,89.0,1.0,0.0
1.0,10676.0,2.0,2.0,1.0,9.0,11.0,12.0,40.0,12.0,6.0,1.0,0.0,1.0,1.0,37.0,33.0,37033.0,2.0,1998.0,JHMBB6243WC0,J,H,M,B,B,6,2,4,3,W,C,0,0.0,P,HOND,PRE,CP,98.0,17.0,2916.0,nan,0.0,1017.0,,G,nan,F,4,132,,,16R205,,,,,,0.0,0.0,000000000,00000000000,0.0,0.0,0.0,1.0,0.0,0.0,0.0,0.0,0.0,0.0,0.0,40.0,0.0,0.0,0.0,12.0,6.0,2.0,12.0,0.0,0.0,0.0,1.0,1.0,35173.0,6.0,1.0,0.0,0.0,3.0,1.0,65.0,105.0,0.0,0.0,0.0,0.0,0.0,0.0,0.0,0.0,0.0,0.0,0.0,0.0,0.0,0.0,1.0,2.0,40.0,1.0,5.0,2.0,1.0,0.0,0.0,1.0,66.0,6.0,1.0,1.0,88.0,0.0,0.0
1.0,10677.0,1.0,1.0,1.0,24.0,11.0,18.0,6.0,8.0,0.0,1.0,1.0,1.0,1.0,12.0,16.0,12016.0,4.0,1998.0,2FAFP71W9WX1,2,F,A,F,P,7,1,W,9,W,X,1,0.0,P,FORD,CVP,4D,98.0,17.0,0.0,nan,0.0,1144.0,,G,nan,F,8,281,,,16R225,,,,,,0.0,0.0,000000000,00000000000,0.0,0.0,0.0,1.0,0.0,0.0,0.0,0.0,0.0,0.0,0.0,999.0,0.0,0.0,0.0,12.0,4.0,3.0,8.0,0.0,0.0,0.0,1.0,1.0,36619.0,6.0,1.0,0.0,0.0,3.0,1.0,63.0,150.0,1.0,0.0,0.0,0.0,0.0,5.0,2012.0,5.0,2012.0,0.0,0.0,0.0,0.0,0.0,1.0,2.0,35.0,1.0,1.0,2.0,1.0,0.0,0.0,15.0,80.0,1.0,1.0,1.0,13.0,0.0,0.0
1.0,10678.0,1.0,2.0,1.0,14.0,11.0,2.0,25.0,12.0,2.0,1.0,0.0,1.0,1.0,20.0,28.0,20028.0,4.0,2012.0,1G1JC5SH8C41,1,G,1,J,C,5,S,H,8,C,4,1,0.0,P,CHEV,SNT,4D,12.0,17.0,2721.0,nan,0.0,994.0,,G,nan,F,4,110,,,15R195,,,,,,0.0,0.0,000000000,00000000000,0.0,0.0,0.0,1.0,0.0,0.0,0.0,0.0,0.0,0.0,0.0,65.0,0.0,0.0,0.0,12.0,6.0,2.0,12.0,0.0,0.0,0.0,1.0,1.0,35654.0,6.0,1.0,0.0,0.0,3.0,0.0,72.0,180.0,0.0,0.0,0.0,0.0,0.0,0.0,0.0,0.0,0.0,0.0,51.0,0.0,0.0,0.0,2.0,2.0,65.0,1.0,1.0,2.0,1.0,0.0,0.0,1.0,54.0,1.0,1.0,1.0,52.0,1.0,0.0
1.0,10678.0,2.0,2.0,1.0,14.0,11.0,2.0,25.0,12.0,2.0,1.0,0.0,1.0,1.0,20.0,481.0,20481.0,31.0,1992.0,2GCEC19K4N11,2,G,C,E,C,1,9,K,4,N,1,1,0.0,T,CHEV,GC1,PC,92.0,17.0,nan,2.0,1555.0,1415.0,GM4,G,nan,,8,350,,,,B,4426,02,,42,0.0,0.0,000000000,00000000000,0.0,0.0,0.0,1.0,0.0,0.0,0.0,0.0,0.0,0.0,0.0,65.0,0.0,0.0,0.0,12.0,6.0,2.0,12.0,0.0,0.0,0.0,1.0,1.0,35581.0,6.0,1.0,6.0,0.0,3.0,0.0,69.0,220.0,0.0,0.0,0.0,0.0,0.0,0.0,0.0,0.0,0.0,0.0,0.0,0.0,0.0,0.0,2.0,2.0,65.0,1.0,1.0,2.0,1.0,0.0,0.0,1.0,54.0,1.0,1.0,1.0,52.0,0.0,0.0
1.0,10679.0,1.0,2.0,1.0,16.0,11.0,17.0,40.0,12.0,6.0,1.0,0.0,1.0,2.0,21.0,17.0,21017.0,4.0,1989.0,2G3AJ51R1K24,2,G,3,A,J,5,1,R,1,K,2,4,0.0,P,OLDS,CCI,4D,89.0,17.0,2642.0,nan,0.0,1049.0,,G,nan,F,4,151,,,14R185,,,,,,0.0,0.0,000000000,00000000000,0.0,0.0,0.0,1.0,0.0,0.0,0.0,0.0,0.0,0.0,0.0,30.0,0.0,0.0,0.0,12.0,6.0,2.0,12.0,0.0,0.0,0.0,1.0,1.0,35151.0,2.0,1.0,0.0,0.0,2.0,0.0,71.0,200.0,0.0,0.0,0.0,0.0,0.0,0.0,0.0,0.0,0.0,0.0,39.0,0.0,0.0,0.0,1.0,2.0,35.0,1.0,1.0,2.0,1.0,20.0,3.0,10.0,16.0,1.0,1.0,1.0,78.0,0.0,1.0
1.0,10679.0,2.0,2.0,5.0,16.0,11.0,17.0,40.0,12.0,6.0,1.0,0.0,1.0,1.0,49.0,401.0,49401.0,14.0,2001.0,JT3GN87RX101,J,T,3,G,N,8,7,R,X,1,0,1,0.0,P,TOYT,RUN,UT,1.0,17.0,3710.0,nan,0.0,1053.0,,G,nan,F,6,206,,,16R265,,,,,,0.0,0.0,000000000,00000000000,0.0,0.0,0.0,1.0,0.0,0.0,0.0,0.0,0.0,0.0,0.0,50.0,0.0,1.0,1.0,3.0,6.0,2.0,1.0,0.0,0.0,0.0,1.0,1.0,35151.0,6.0,1.0,0.0,0.0,3.0,0.0,66.0,150.0,0.0,0.0,0.0,1.0,0.0,2.0,2011.0,2.0,2011.0,0.0,0.0,0.0,0.0,0.0,1.0,2.0,35.0,1.0,1.0,2.0,1.0,0.0,0.0,1.0,65.0,1.0,1.0,1.0,79.0,1.0,0.0
1.0,10680.0,1.0,2.0,3.0,21.0,11.0,12.0,37.0,12.0,6.0,1.0,0.0,1.0,2.0,37.0,441.0,37441.0,20.0,1998.0,JHMRA3860WC0,J,H,M,R,A,3,8,6,0,W,C,0,0.0,P,HOND,ODY,SV,98.0,17.0,3371.0,nan,0.0,1114.0,,G,nan,F,4,137,,,15R205,,,,,,0.0,0.0,000000000,00000000000,0.0,0.0,0.0,1.0,0.0,0.0,0.0,0.0,0.0,0.0,0.0,40.0,0.0,1.0,5.0,3.0,6.0,2.0,12.0,0.0,0.0,0.0,1.0,1.0,35754.0,6.0,1.0,0.0,0.0,3.0,0.0,66.0,120.0,1.0,0.0,0.0,2.0,0.0,9.0,2010.0,12.0,2011.0,0.0,38.0,0.0,0.0,0.0,1.0,2.0,45.0,1.0,6.0,2.0,1.0,20.0,3.0,1.0,17.0,1.0,1.0,1.0,87.0,1.0,0.0
1.0,10680.0,2.0,2.0,3.0,21.0,11.0,12.0,37.0,12.0,6.0,1.0,0.0,1.0,1.0,19.0,20.0,19020.0,6.0,2010.0,3GYFNAEY1AS5,3,G,Y,F,N,A,E,Y,1,A,S,5,0.0,P,CADI,SRX,UT,10.0,17.0,4224.0,nan,0.0,1105.0,,G,nan,F,6,183,,,18R235,,,,,,0.0,0.0,000000000,00000000000,0.0,0.0,0.0,1.0,0.0,0.0,0.0,0.0,0.0,0.0,0.0,65.0,0.0,0.0,0.0,12.0,6.0,2.0,12.0,0.0,0.0,0.0,1.0,1.0,35175.0,6.0,1.0,0.0,0.0,3.0,0.0,63.0,172.0,0.0,0.0,0.0,0.0,0.0,0.0,0.0,0.0,0.0,0.0,0.0,0.0,0.0,0.0,2.0,2.0,65.0,2.0,5.0,2.0,1.0,0.0,0.0,14.0,66.0,1.0,1.0,1.0,86.0,0.0,0.0
1.0,10681.0,1.0,2.0,1.0,22.0,11.0,15.0,2.0,12.0,6.0,1.0,0.0,42.0,1.0,20.0,34.0,20034.0,4.0,1994.0,1Y1SK5365RZ0,1,Y,1,S,K,5,3,6,5,R,Z,0,0.0,P,GEO,GEP,4D,94.0,17.0,2348.0,nan,0.0,971.0,,G,nan,F,4,097,,,14R175,,,,,,0.0,0.0,000000000,00000000000,0.0,0.0,0.0,1.0,0.0,0.0,0.0,0.0,0.0,0.0,0.0,60.0,0.0,0.0,0.0,12.0,6.0,2.0,12.0,0.0,0.0,0.0,1.0,42.0,16830.0,6.0,1.0,0.0,0.0,3.0,0.0,65.0,999.0,0.0,0.0,0.0,0.0,0.0,0.0,0.0,0.0,0.0,1.0,39.0,33.0,0.0,0.0,1.0,2.0,45.0,1.0,1.0,2.0,1.0,20.0,3.0,6.0,17.0,1.0,1.0,1.0,88.0,1.0,0.0
1.0,10681.0,2.0,2.0,2.0,22.0,11.0,15.0,2.0,12.0,6.0,1.0,0.0,1.0,1.0,13.0,482.0,13482.0,31.0,2007.0,5LTPW18507FJ,5,L,T,P,W,1,8,5,0,7,F,J,0.0,T,LINC,MLT,CW,7.0,17.0,nan,2.0,1500.0,1390.0,MRK,G,nan,,8,329,,,,,5602,00,E,44,0.0,0.0,000000000,00000000000,0.0,0.0,0.0,1.0,0.0,0.0,0.0,0.0,0.0,0.0,0.0,60.0,0.0,0.0,0.0,10.0,6.0,2.0,12.0,0.0,0.0,0.0,1.0,22.0,70041.0,3.0,1.0,0.0,0.0,2.0,0.0,69.0,150.0,0.0,0.0,0.0,1.0,0.0,6.0,2010.0,6.0,2010.0,0.0,0.0,0.0,0.0,0.0,1.0,2.0,45.0,1.0,1.0,2.0,1.0,0.0,0.0,1.0,66.0,1.0,1.0,1.0,89.0,0.0,0.0
1.0,10682.0,1.0,1.0,1.0,24.0,11.0,13.0,40.0,32.0,0.0,1.0,0.0,92.0,0.0,20.0,36.0,20036.0,2.0,2000.0,2G1WX12K6Y92,2,G,1,W,X,1,2,K,6,Y,9,2,0.0,P,CHEV,MSS,CP,0.0,17.0,3391.0,nan,0.0,1075.0,,G,nan,F,6,231,,,16R225,,,,,,0.0,0.0,000000000,00000000000,0.0,0.0,0.0,1.0,0.0,0.0,0.0,0.0,0.0,0.0,0.0,90.0,0.0,1.0,5.0,11.0,6.0,2.0,1.0,0.0,0.0,0.0,1.0,1.0,35613.0,6.0,1.0,0.0,0.0,3.0,0.0,73.0,190.0,0.0,2.0,1.0,0.0,1.0,4.0,2010.0,6.0,2011.0,1.0,58.0,0.0,0.0,0.0,1.0,2.0,45.0,1.0,1.0,2.0,1.0,0.0,0.0,1.0,13.0,6.0,2.0,4.0,2.0,1.0,1.0
1.0,10683.0,1.0,1.0,1.0,26.0,11.0,18.0,0.0,24.0,0.0,1.0,0.0,1.0,2.0,12.0,3.0,12003.0,2.0,2003.0,1FAFP40463F4,1,F,A,F,P,4,0,4,6,3,F,4,0.0,P,FORD,MUS,CP,3.0,17.0,3114.0,nan,0.0,1013.0,,G,nan,F,6,232,,,16R225,,,,,,0.0,0.0,000000000,00000000000,0.0,0.0,0.0,1.0,0.0,0.0,0.0,0.0,0.0,0.0,0.0,80.0,0.0,0.0,0.0,1.0,6.0,2.0,23.0,0.0,0.0,0.0,1.0,1.0,35650.0,6.0,1.0,0.0,0.0,3.0,0.0,65.0,200.0,0.0,0.0,0.0,1.0,0.0,10.0,2011.0,10.0,2011.0,1.0,0.0,0.0,0.0,0.0,3.0,2.0,70.0,3.0,1.0,2.0,2.0,0.0,0.0,14.0,13.0,1.0,1.0,4.0,1.0,1.0,0.0
1.0,10684.0,1.0,1.0,1.0,24.0,11.0,2.0,0.0,53.0,0.0,1.0,0.0,1.0,2.0,72.0,709.0,72709.0,80.0,1974.0,9D38086H4,9,D,3,8,0,8,6,H,4,,,,0.0,M,HD,FXE,RS,74.0,9.0,nan,nan,nan,nan,,,1207.0,,2,,4,574,,,,,,,0.0,0.0,000000000,00000000000,0.0,0.0,0.0,1.0,0.0,0.0,0.0,0.0,0.0,0.0,0.0,45.0,0.0,0.0,0.0,12.0,6.0,2.0,53.0,0.0,0.0,0.0,1.0,1.0,36535.0,2.0,1.0,2.0,0.0,2.0,0.0,69.0,169.0,0.0,1.0,0.0,0.0,0.0,6.0,2011.0,6.0,2011.0,1.0,0.0,0.0,0.0,0.0,1.0,2.0,35.0,2.0,1.0,2.0,1.0,0.0,0.0,14.0,12.0,1.0,1.0,4.0,6.0,1.0,1.0
1.0,10685.0,1.0,2.0,1.0,25.0,11.0,5.0,45.0,12.0,2.0,1.0,0.0,13.0,1.0,52.0,35.0,52035.0,4.0,2001.0,JA3AY26C91U0,J,A,3,A,Y,2,6,C,9,1,U,0,0.0,P,MITS,MES,4D,1.0,17.0,2437.0,nan,0.0,984.0,,G,nan,F,4,112,,,14R175,,,,,,0.0,0.0,000000000,00000000000,0.0,0.0,0.0,1.0,0.0,0.0,0.0,0.0,0.0,0.0,0.0,40.0,0.0,0.0,0.0,12.0,6.0,2.0,12.0,0.0,0.0,0.0,1.0,13.0,31907.0,6.0,1.0,0.0,0.0,3.0,0.0,65.0,160.0,98.0,0.0,0.0,0.0,1.0,6.0,2012.0,6.0,2012.0,0.0,51.0,0.0,0.0,0.0,2.0,2.0,70.0,1.0,3.0,2.0,1.0,0.0,0.0,1.0,54.0,1.0,1.0,1.0,52.0,1.0,0.0
1.0,10685.0,2.0,2.0,1.0,25.0,11.0,5.0,45.0,12.0,2.0,1.0,0.0,28.0,1.0,6.0,43.0,6043.0,1.0,1999.0,3C3EL55H0XT6,3,C,3,E,L,5,5,H,0,X,T,6,0.0,P,CHRY,SJI,CV,99.0,17.0,3351.0,nan,0.0,1060.0,,G,nan,F,6,152,,,16R215,,,,,,0.0,0.0,000000000,00000000000,0.0,0.0,0.0,1.0,0.0,0.0,0.0,0.0,0.0,0.0,0.0,70.0,0.0,0.0,0.0,12.0,6.0,2.0,12.0,0.0,0.0,0.0,1.0,28.0,39562.0,6.0,1.0,0.0,0.0,3.0,0.0,63.0,120.0,0.0,0.0,0.0,0.0,1.0,1.0,2011.0,1.0,2011.0,0.0,0.0,0.0,0.0,0.0,2.0,2.0,70.0,1.0,3.0,2.0,1.0,0.0,0.0,1.0,54.0,1.0,1.0,1.0,52.0,0.0,0.0
1.0,10686.0,1.0,2.0,4.0,18.0,11.0,23.0,24.0,12.0,2.0,1.0,0.0,47.0,1.0,7.0,29.0,7029.0,4.0,2013.0,1C3CDFBH2DD1,1,C,3,C,D,F,B,H,2,D,D,1,0.0,P,DODG,DAX,4D,13.0,17.0,3186.0,nan,0.0,1064.0,,G,nan,T,4,085,,,17R215,,,,,,0.0,0.0,000000000,00000000000,0.0,0.0,0.0,1.0,0.0,0.0,0.0,0.0,0.0,0.0,0.0,65.0,0.0,0.0,0.0,12.0,6.0,2.0,12.0,0.0,0.0,0.0,1.0,47.0,37328.0,6.0,1.0,0.0,0.0,3.0,0.0,72.0,170.0,0.0,0.0,0.0,0.0,0.0,0.0,0.0,0.0,0.0,1.0,51.0,0.0,0.0,0.0,1.0,2.0,35.0,2.0,1.0,2.0,1.0,0.0,0.0,14.0,10.0,1.0,1.0,2.0,50.0,3.0,1.0
1.0,10686.0,2.0,2.0,1.0,18.0,11.0,23.0,24.0,12.0,2.0,1.0,0.0,1.0,1.0,63.0,402.0,63402.0,14.0,2007.0,KNDJD7366756,K,N,D,J,D,7,3,6,6,7,5,6,0.0,P,KIA,SOR,UT,7.0,17.0,4083.0,nan,0.0,1067.0,,G,nan,F,6,232,,,16R245,,,,,,0.0,0.0,000000000,00000000000,0.0,0.0,0.0,1.0,0.0,0.0,0.0,0.0,0.0,0.0,0.0,35.0,0.0,0.0,0.0,12.0,6.0,2.0,12.0,0.0,0.0,0.0,1.0,1.0,35750.0,6.0,1.0,0.0,0.0,3.0,0.0,64.0,150.0,0.0,0.0,0.0,2.0,0.0,3.0,2010.0,12.0,2010.0,0.0,89.0,0.0,0.0,0.0,1.0,2.0,35.0,3.0,1.0,2.0,1.0,0.0,0.0,14.0,62.0,1.0,1.0,1.0,51.0,0.0,0.0
1.0,10687.0,1.0,1.0,3.0,1.0,12.0,2.0,30.0,42.0,0.0,1.0,0.0,1.0,2.0,7.0,442.0,7442.0,20.0,1996.0,1B4GP54R5TB1,1,B,4,G,P,5,4,R,5,T,B,1,0.0,T,DODG,GEL,ES,96.0,17.0,nan,1.0,0.0,1193.0,CAR,G,nan,,6,201,,,,,3846,00,E,42,0.0,0.0,000000000,00000000000,0.0,0.0,0.0,1.0,0.0,0.0,0.0,0.0,0.0,0.0,0.0,60.0,0.0,0.0,0.0,12.0,6.0,2.0,42.0,0.0,0.0,0.0,1.0,1.0,35503.0,6.0,1.0,0.0,0.0,3.0,0.0,71.0,160.0,0.0,1.0,0.0,0.0,0.0,2.0,2011.0,2.0,2011.0,0.0,0.0,0.0,0.0,0.0,1.0,2.0,45.0,1.0,6.0,2.0,1.0,0.0,0.0,1.0,12.0,1.0,1.0,4.0,6.0,1.0,0.0