STATE,ST_CASE,VEH_NO,VE_FORMS,NUMOCCS,DAY,MONTH,HOUR,MINUTE,HARM_EV,MAN_COLL,UNITTYPE,HIT_RUN,REG_STAT,OWNER,MAKE,MODEL,MAK_MOD,BODY_TYP,MOD_YEAR,VIN,VIN_1,VIN_2,VIN_3,VIN_4,VIN_5,VIN_6,VIN_7,VIN_8,VIN_9,VIN_10,VIN_11,VIN_12,TOW_VEH,VINTYPE,VINMAKE,VINA_MOD,VIN_BT,VINMODYR,VIN_LNGT,VIN_WGT,WGTCD_TR,WHLBS_LG,WHLBS_SH,SER_TR,FUELCODE,MCYCL_DS,CARBUR,CYLINDER,DISPLACE,MCYCL_CY,MCYCL_WT,TIRE_SZE,TON_RAT,TRK_WT,TRKWTVAR,VIN_REST,WHLDRWHL,J_KNIFE,MCARR_I1,MCARR_I2,MCARR_ID,GVWR,V_CONFIG,CARGO_BT,HAZ_INV,HAZ_PLAC,HAZ_ID,HAZ_CNO,HAZ_REL,BUS_USE,SPEC_USE,EMER_USE,TRAV_SP,UNDERIDE,ROLLOVER,ROLINLOC,IMPACT1,DEFORMED,TOWED,M_HARM,VEH_SC1,VEH_SC2,FIRE_EXP,DR_PRES,L_STATE,DR_ZIP,L_STATUS,L_TYPE,CDL_STAT,L_ENDORS,L_COMPL,L_RESTRI,DR_HGT,DR_WGT,PREV_ACC,PREV_SUS,PREV_DWI,PREV_SPD,PREV_OTH,FIRST_MO,FIRST_YR,LAST_MO,LAST_YR,SPEEDREL,DR_SF1,DR_SF2,DR_SF3,DR_SF4,VTRAFWAY,VNUM_LAN,VSPD_LIM,VALIGN,VPROFILE,VPAVETYP,VSURCOND,VTRAFCON,VTCONT_F,P_CRASH1,P_CRASH2,P_CRASH3,PCRASH4,PCRASH5,ACC_TYPE,DEATHS,DR_DRINK
1.0,10688.0,1.0,1.0,1.0,1.0,12.0,4.0,0.0,42.0,0.0,1.0,0.0,1.0,2.0,18.0,20.0,18020.0,4.0,2002.0,2G4WB55K5212,2,G,4,W,B,5,5,K,5,2,1,2,0.0,P,BUIC,RLS,4D,2.0,17.0,3438.0,nan,0.0,1090.0,,G,nan,F,6,231,,,15R215,,,,,,0.0,0.0,000000000,00000000000,0.0,0.0,0.0,1.0,0.0,0.0,0.0,0.0,0.0,0.0,0.0,55.0,0.0,0.0,0.0,12.0,6.0,2.0,42.0,0.0,0.0,0.0,1.0,1.0,35501.0,0.0,0.0,0.0,0.0,0.0,0.0,999.0,999.0,0.0,3.0,0.0,0.0,0.0,1.0,2012.0,8.0,2012.0,0.0,0.0,0.0,0.0,0.0,1.0,2.0,45.0,1.0,1.0,2.0,1.0,0.0,0.0,1.0,12.0,1.0,1.0,4.0,6.0,1.0,0.0
1.0,10689.0,1.0,2.0,1.0,3.0,12.0,6.0,10.0,12.0,2.0,1.0,0.0,18.0,3.0,82.0,881.0,82881.0,66.0,2011.0,1FUJGLBG2BSA,1,F,U,J,G,L,B,G,2,B,S,A,1.0,T,FRHT,125,TR,11.0,17.0,nan,8.0,0.0,0.0,CSC,D,nan,,6,915,,,,,00000,00,,64,1.0,57.0,74432,5774432,3.0,6.0,1.0,1.0,0.0,0.0,0.0,0.0,0.0,0.0,0.0,70.0,0.0,0.0,0.0,12.0,6.0,2.0,12.0,0.0,0.0,0.0,1.0,53.0,98003.0,6.0,1.0,6.0,0.0,3.0,1.0,68.0,170.0,0.0,0.0,0.0,0.0,0.0,0.0,0.0,0.0,0.0,0.0,0.0,0.0,0.0,0.0,2.0,4.0,70.0,1.0,5.0,2.0,1.0,0.0,0.0,1.0,10.0,1.0,1.0,6.0,50.0,0.0,0.0
1.0,10689.0,2.0,2.0,1.0,3.0,12.0,6.0,10.0,12.0,2.0,1.0,0.0,1.0,1.0,20.0,422.0,20422.0,15.0,2011.0,1GNSCKE04BR2,1,G,N,S,C,K,E,0,4,B,R,2,0.0,P,CHEV,C15,UT,11.0,17.0,5846.0,nan,0.0,1300.0,,F,nan,F,8,323,,,20R275,,,,,,0.0,0.0,000000000,00000000000,0.0,0.0,0.0,1.0,0.0,0.0,0.0,0.0,0.0,0.0,0.0,70.0,0.0,1.0,5.0,12.0,6.0,2.0,12.0,0.0,0.0,0.0,1.0,1.0,35242.0,6.0,1.0,0.0,0.0,3.0,1.0,73.0,150.0,0.0,0.0,0.0,0.0,0.0,0.0,0.0,0.0,0.0,0.0,0.0,0.0,0.0,0.0,2.0,2.0,70.0,1.0,6.0,2.0,1.0,0.0,0.0,1.0,62.0,7.0,1.0,1.0,51.0,1.0,0.0
1.0,10690.0,1.0,3.0,1.0,3.0,12.0,10.0,48.0,12.0,6.0,1.0,0.0,1.0,1.0,12.0,402.0,12402.0,14.0,2005.0,1FMYU03105DA,1,F,M,Y,U,0,3,1,0,5,D,A,0.0,P,FORD,SPE,UT,5.0,17.0,3304.0,nan,0.0,1031.0,,G,nan,F,6,183,,,16R235,,,,,,0.0,0.0,000000000,00000000000,0.0,0.0,0.0,1.0,0.0,0.0,0.0,0.0,0.0,0.0,0.0,65.0,0.0,0.0,0.0,12.0,6.0,2.0,12.0,0.0,0.0,0.0,1.0,1.0,36081.0,6.0,1.0,0.0,0.0,3.0,0.0,71.0,240.0,2.0,0.0,0.0,0.0,0.0,3.0,2011.0,2.0,2012.0,0.0,0.0,0.0,0.0,0.0,2.0,4.0,65.0,1.0,1.0,2.0,1.0,0.0,0.0,1.0,10.0,1.0,1.0,6.0,64.0,1.0,1.0
1.0,10690.0,2.0,3.0,1.0,3.0,12.0,10.0,48.0,12.0,6.0,1.0,0.0,1.0,3.0,85.0,881.0,85881.0,66.0,2012.0,1XKDDP9X2CJ3,1,X,K,D,D,P,9,X,2,C,J,3,1.0,T,KW,T80,TR,12.0,17.0,nan,8.0,2600.0,1600.0,CON,D,nan,,6,787,,,,,00000,00,,64,1.0,57.0,2294632,572294632,3.0,6.0,4.0,1.0,0.0,0.0,0.0,0.0,0.0,0.0,0.0,65.0,0.0,0.0,0.0,8.0,6.0,2.0,12.0,0.0,0.0,0.0,1.0,1.0,36350.0,6.0,1.0,6.0,0.0,3.0,0.0,74.0,185.0,2.0,1.0,0.0,1.0,1.0,1.0,2010.0,4.0,2012.0,0.0,0.0,0.0,0.0,0.0,2.0,2.0,65.0,1.0,1.0,2.0,1.0,0.0,0.0,1.0,62.0,1.0,1.0,1.0,65.0,0.0,0.0
1.0,10690.0,3.0,3.0,2.0,3.0,12.0,10.0,48.0,12.0,6.0,1.0,0.0,1.0,2.0,63.0,34.0,63034.0,4.0,2011.0,KNAGN4A76B51,K,N,A,G,N,4,A,7,6,B,5,1,0.0,P,KIA,OES,4D,11.0,17.0,3385.0,nan,0.0,1071.0,,G,nan,F,4,144,,,16R205,,,,,,0.0,0.0,000000000,00000000000,0.0,0.0,0.0,1.0,0.0,0.0,0.0,0.0,0.0,0.0,0.0,65.0,0.0,0.0,0.0,11.0,2.0,1.0,12.0,0.0,0.0,0.0,1.0,1.0,36318.0,6.0,1.0,0.0,0.0,3.0,0.0,72.0,176.0,0.0,0.0,0.0,0.0,0.0,0.0,0.0,0.0,0.0,0.0,89.0,0.0,0.0,0.0,2.0,2.0,65.0,1.0,1.0,2.0,1.0,0.0,0.0,1.0,91.0,1.0,1.0,1.0,98.0,0.0,0.0
1.0,10691.0,1.0,1.0,1.0,2.0,12.0,16.0,48.0,1.0,0.0,1.0,0.0,1.0,2.0,53.0,34.0,53034.0,4.0,2007.0,KL5JD56Z57K6,K,L,5,J,D,5,6,Z,5,7,K,6,0.0,P,SUZI,FCP,4D,7.0,17.0,2700.0,nan,0.0,1024.0,,G,nan,F,4,122,,,15R195,,,,,,0.0,0.0,000000000,00000000000,0.0,0.0,0.0,1.0,0.0,0.0,0.0,0.0,0.0,0.0,0.0,999.0,0.0,1.0,5.0,0.0,6.0,2.0,1.0,0.0,0.0,0.0,1.0,1.0,35179.0,6.0,1.0,0.0,0.0,3.0,1.0,69.0,235.0,1.0,0.0,0.0,2.0,0.0,11.0,2010.0,9.0,2012.0,0.0,0.0,0.0,0.0,0.0,3.0,2.0,60.0,4.0,1.0,2.0,1.0,0.0,0.0,1.0,13.0,1.0,1.0,4.0,1.0,1.0,0.0
1.0,10692.0,1.0,1.0,4.0,4.0,12.0,20.0,56.0,10.0,0.0,1.0,0.0,1.0,1.0,12.0,401.0,12401.0,14.0,2000.0,1FMRU1562YLB,1,F,M,R,U,1,5,6,2,Y,L,B,0.0,P,FORD,EPT,UT,0.0,17.0,4886.0,nan,0.0,1191.0,,G,nan,F,8,281,,,16R255,,,,,,0.0,0.0,000000000,00000000000,0.0,0.0,0.0,1.0,0.0,0.0,0.0,0.0,0.0,0.0,0.0,999.0,0.0,0.0,0.0,4.0,6.0,2.0,10.0,0.0,0.0,0.0,1.0,1.0,35209.0,0.0,0.0,0.0,0.0,0.0,0.0,999.0,999.0,0.0,0.0,0.0,0.0,0.0,0.0,0.0,0.0,0.0,0.0,39.0,38.0,0.0,0.0,1.0,2.0,25.0,1.0,1.0,2.0,2.0,65.0,3.0,1.0,91.0,1.0,1.0,1.0,15.0,1.0,0.0
1.0,10693.0,1.0,1.0,1.0,1.0,12.0,0.0,5.0,11.0,0.0,1.0,0.0,1.0,1.0,37.0,31.0,37031.0,4.0,2011.0,19XFA1F56BE0,1,9,X,F,A,1,F,5,6,B,E,0,0.0,P,HOND,UCL,4D,11.0,17.0,2754.0,nan,0.0,1063.0,,G,nan,F,4,110,,,16R205,,,,,,0.0,0.0,000000000,00000000000,0.0,0.0,0.0,1.0,0.0,0.0,0.0,0.0,0.0,0.0,0.0,55.0,0.0,0.0,0.0,12.0,6.0,2.0,42.0,0.0,0.0,0.0,1.0,1.0,35950.0,6.0,1.0,6.0,0.0,3.0,0.0,72.0,210.0,1.0,0.0,0.0,0.0,0.0,10.0,2010.0,10.0,2010.0,0.0,89.0,0.0,0.0,0.0,1.0,2.0,55.0,1.0,1.0,2.0,1.0,0.0,0.0,1.0,87.0,1.0,1.0,1.0,13.0,1.0,0.0
1.0,10694.0,1.0,2.0,1.0,1.0,12.0,12.0,40.0,12.0,6.0,1.0,0.0,1.0,1.0,49.0,40.0,49040.0,4.0,2001.0,4T1BG22K71U7,4,T,1,B,G,2,2,K,7,1,U,7,0.0,P,TOYT,CXL,4D,1.0,17.0,2998.0,nan,0.0,1051.0,,G,nan,F,4,132,,,15R205,,,,,,0.0,0.0,000000000,00000000000,0.0,0.0,0.0,1.0,0.0,0.0,0.0,0.0,0.0,0.0,0.0,5.0,0.0,0.0,0.0,9.0,6.0,2.0,12.0,0.0,0.0,0.0,1.0,1.0,35811.0,6.0,1.0,0.0,0.0,3.0,0.0,71.0,235.0,0.0,0.0,0.0,0.0,0.0,0.0,0.0,0.0,0.0,0.0,38.0,0.0,0.0,0.0,2.0,2.0,50.0,1.0,1.0,2.0,1.0,0.0,0.0,1.0,17.0,1.0,1.0,1.0,89.0,1.0,0.0
1.0,10694.0,2.0,2.0,1.0,1.0,12.0,12.0,40.0,12.0,6.0,1.0,0.0,1.0,1.0,41.0,51.0,41051.0,4.0,2012.0,JM1BL1V74C16,J,M,1,B,L,1,V,7,4,C,1,6,0.0,P,MAZD,M3I,4D,12.0,17.0,2866.0,nan,0.0,1039.0,,G,nan,F,4,122,,,16R205,,,,,,0.0,0.0,000000000,00000000000,0.0,0.0,0.0,1.0,0.0,0.0,0.0,0.0,0.0,0.0,0.0,65.0,0.0,0.0,0.0,12.0,6.0,2.0,12.0,0.0,0.0,0.0,1.0,1.0,35759.0,1.0,1.0,0.0,0.0,2.0,0.0,76.0,170.0,1.0,1.0,0.0,2.0,0.0,11.0,2011.0,7.0,2012.0,0.0,0.0,0.0,0.0,0.0,2.0,2.0,50.0,1.0,1.0,2.0,1.0,0.0,0.0,1.0,71.0,1.0,1.0,1.0,88.0,0.0,0.0
1.0,10695.0,1.0,1.0,1.0,2.0,12.0,0.0,15.0,30.0,0.0,1.0,0.0,1.0,2.0,23.0,481.0,23481.0,31.0,1989.0,1GTDC14H1KZ5,1,G,T,D,C,1,4,H,1,K,Z,5,0.0,T,GMC,SC1,PK,89.0,17.0,nan,1.0,1315.0,1175.0,SIE,G,nan,,8,305,,,,B,4114,08,A,42,0.0,0.0,000000000,00000000000,0.0,0.0,0.0,1.0,0.0,0.0,0.0,0.0,0.0,0.0,0.0,60.0,0.0,0.0,0.0,9.0,6.0,2.0,30.0,0.0,0.0,0.0,1.0,1.0,36027.0,6.0,1.0,0.0,0.0,3.0,0.0,75.0,202.0,0.0,0.0,0.0,0.0,0.0,0.0,0.0,0.0,0.0,0.0,89.0,58.0,0.0,0.0,1.0,2.0,55.0,3.0,1.0,2.0,1.0,0.0,0.0,14.0,13.0,6.0,1.0,4.0,6.0,1.0,1.0
1.0,10696.0,1.0,1.0,1.0,2.0,12.0,21.0,35.0,8.0,0.0,1.0,0.0,1.0,1.0,49.0,32.0,49032.0,4.0,2009.0,1NXBU40E99Z0,1,N,X,B,U,4,0,E,9,9,Z,0,0.0,P,TOYT,CBL,4D,9.0,17.0,2723.0,nan,0.0,1024.0,,G,nan,F,4,110,,,15R195,,,,,,0.0,0.0,000000000,00000000000,0.0,0.0,0.0,1.0,0.0,0.0,0.0,0.0,0.0,0.0,0.0,40.0,0.0,0.0,0.0,12.0,4.0,3.0,8.0,0.0,0.0,0.0,1.0,1.0,35739.0,6.0,1.0,0.0,0.0,3.0,1.0,65.0,190.0,1.0,0.0,0.0,0.0,0.0,6.0,2010.0,6.0,2010.0,0.0,89.0,0.0,0.0,0.0,1.0,2.0,45.0,1.0,1.0,2.0,1.0,0.0,0.0,1.0,83.0,1.0,1.0,1.0,13.0,0.0,0.0
1.0,10697.0,1.0,2.0,3.0,3.0,12.0,7.0,25.0,12.0,6.0,1.0,0.0,47.0,2.0,22.0,2.0,22002.0,4.0,1998.0,1G2HX52K9WH2,1,G,2,H,X,5,2,K,9,W,H,2,0.0,P,PONT,BVS,4D,98.0,17.0,3487.0,nan,0.0,1108.0,,G,nan,F,6,231,,,15R215,,,,,,0.0,0.0,000000000,00000000000,0.0,0.0,0.0,1.0,0.0,0.0,0.0,0.0,0.0,0.0,0.0,5.0,0.0,0.0,0.0,4.0,6.0,2.0,12.0,0.0,0.0,0.0,1.0,47.0,37218.0,0.0,0.0,0.0,0.0,0.0,0.0,999.0,999.0,0.0,0.0,0.0,0.0,0.0,0.0,0.0,0.0,0.0,0.0,48.0,0.0,0.0,0.0,1.0,2.0,55.0,3.0,5.0,2.0,1.0,0.0,0.0,10.0,16.0,1.0,1.0,1.0,74.0,1.0,0.0
1.0,10697.0,2.0,2.0,1.0,3.0,12.0,7.0,25.0,12.0,6.0,1.0,0.0,28.0,1.0,82.0,881.0,82881.0,66.0,2001.0,1FUJA3CG61LG,1,F,U,J,A,3,C,G,6,1,L,G,1.0,T,FRHT,ST2,TR,1.0,17.0,nan,8.0,0.0,0.0,CON,D,nan,,6,774,,,,,00000,00,,64,1.0,57.0,2079974,572079974,3.0,6.0,10.0,1.0,0.0,0.0,0.0,0.0,0.0,0.0,0.0,45.0,0.0,0.0,0.0,12.0,6.0,2.0,12.0,0.0,0.0,0.0,1.0,28.0,39355.0,6.0,1.0,6.0,0.0,3.0,0.0,74.0,160.0,0.0,0.0,0.0,2.0,0.0,2.0,2010.0,12.0,2010.0,0.0,0.0,0.0,0.0,0.0,1.0,2.0,55.0,3.0,5.0,2.0,1.0,0.0,0.0,14.0,55.0,9.0,1.0,1.0,74.0,0.0,0.0
1.0,10698.0,1.0,1.0,1.0,3.0,12.0,8.0,40.0,1.0,0.0,1.0,0.0,1.0,3.0,87.0,881.0,87881.0,66.0,1994.0,1XPFDB9X7RN3,1,X,P,F,D,B,9,X,7,R,N,3,1.0,T,PTRB,378,TR,94.0,17.0,nan,8.0,0.0,0.0,CON,D,nan,,6,893,,,,,00000,00,,64,2.0,57.0,535495,57535495,3.0,6.0,1.0,1.0,0.0,0.0,0.0,0.0,0.0,0.0,0.0,55.0,0.0,1.0,5.0,0.0,6.0,2.0,1.0,0.0,0.0,0.0,1.0,1.0,36525.0,6.0,1.0,6.0,0.0,3.0,0.0,76.0,235.0,0.0,0.0,0.0,1.0,2.0,5.0,2010.0,10.0,2010.0,0.0,58.0,0.0,0.0,0.0,1.0,2.0,55.0,3.0,6.0,2.0,1.0,0.0,0.0,14.0,13.0,6.0,1.0,4.0,1.0,1.0,0.0
1.0,10699.0,1.0,1.0,2.0,3.0,12.0,12.0,56.0,14.0,0.0,1.0,0.0,1.0,1.0,18.0,2.0,18002.0,4.0,2004.0,1G4HP52K04U1,1,G,4,H,P,5,2,K,0,4,U,1,0.0,P,BUIC,LCF,4D,4.0,17.0,3567.0,nan,0.0,1122.0,,G,nan,F,6,231,,,15R215,,,,,,0.0,0.0,000000000,00000000000,0.0,0.0,0.0,1.0,0.0,0.0,0.0,0.0,0.0,0.0,0.0,999.0,3.0,0.0,0.0,12.0,6.0,2.0,14.0,0.0,0.0,0.0,1.0,1.0,36033.0,6.0,1.0,0.0,0.0,3.0,1.0,60.0,140.0,0.0,0.0,0.0,0.0,0.0,0.0,0.0,0.0,0.0,0.0,38.0,0.0,0.0,0.0,1.0,2.0,35.0,1.0,5.0,2.0,1.0,0.0,0.0,15.0,50.0,1.0,1.0,1.0,11.0,1.0,0.0
1.0,10700.0,1.0,2.0,1.0,4.0,12.0,14.0,50.0,12.0,6.0,1.0,0.0,92.0,0.0,7.0,20.0,7020.0,4.0,2005.0,1B3ES56CX5D2,1,B,3,E,S,5,6,C,X,5,D,2,0.0,P,DODG,NXT,4D,5.0,17.0,2634.0,nan,0.0,1040.0,,G,nan,F,4,122,,,15R185,,,,,,0.0,0.0,000000000,00000000000,0.0,0.0,0.0,1.0,0.0,0.0,0.0,0.0,0.0,0.0,0.0,20.0,0.0,1.0,5.0,3.0,6.0,2.0,1.0,0.0,0.0,0.0,1.0,1.0,35754.0,6.0,1.0,0.0,0.0,3.0,0.0,64.0,120.0,2.0,0.0,0.0,0.0,1.0,12.0,2010.0,4.0,2012.0,0.0,38.0,0.0,0.0,0.0,2.0,4.0,65.0,1.0,1.0,2.0,2.0,0.0,0.0,11.0,15.0,1.0,1.0,1.0,68.0,1.0,0.0
1.0,10700.0,2.0,2.0,2.0,4.0,12.0,14.0,50.0,12.0,6.0,1.0,0.0,1.0,1.0,54.0,38.0,54038.0,3.0,2004.0,JH4DC54854S0,J,H,4,D,C,5,4,8,5,4,S,0,0.0,P,ACUR,RSX,2H,4.0,17.0,2769.0,nan,0.0,1012.0,,G,nan,F,4,122,,,16R205,,,,,,0.0,0.0,000000000,00000000000,0.0,0.0,0.0,1.0,0.0,0.0,0.0,0.0,0.0,0.0,0.0,65.0,0.0,0.0,0.0,12.0,6.0,2.0,12.0,0.0,0.0,0.0,1.0,1.0,36265.0,6.0,1.0,0.0,0.0,3.0,0.0,73.0,185.0,0.0,0.0,0.0,3.0,0.0,5.0,2010.0,1.0,2012.0,0.0,0.0,0.0,0.0,0.0,2.0,2.0,65.0,1.0,6.0,2.0,2.0,0.0,0.0,1.0,62.0,1.0,1.0,1.0,69.0,0.0,0.0
1.0,10701.0,1.0,1.0,1.0,4.0,12.0,17.0,51.0,8.0,0.0,1.0,0.0,1.0,1.0,20.0,2.0,20002.0,4.0,2006.0,2G1WB58K5691,2,G,1,W,B,5,8,K,5,6,9,1,0.0,P,CHEV,IPL,4D,6.0,17.0,3477.0,nan,0.0,1105.0,,F,nan,F,6,214,,,16R225,,,,,,0.0,0.0,000000000,00000000000,0.0,0.0,0.0,1.0,0.0,0.0,0.0,0.0,0.0,0.0,0.0,35.0,0.0,0.0,0.0,12.0,4.0,3.0,8.0,0.0,0.0,0.0,1.0,1.0,36869.0,6.0,1.0,0.0,0.0,3.0,0.0,74.0,175.0,1.0,0.0,0.0,0.0,1.0,4.0,2011.0,10.0,2012.0,0.0,0.0,0.0,0.0,0.0,1.0,2.0,35.0,1.0,6.0,2.0,1.0,0.0,0.0,1.0,80.0,1.0,1.0,1.0,13.0,0.0,0.0
1.0,10702.0,1.0,2.0,2.0,5.0,12.0,11.0,0.0,12.0,6.0,1.0,0.0,1.0,1.0,7.0,472.0,7472.0,30.0,2001.0,1B7GL2AX71S1,1,B,7,G,L,2,A,X,7,1,S,1,0.0,T,DODG,QAD,CW,1.0,17.0,nan,1.0,0.0,1309.0,DAK,G,nan,,6,239,,,,B,4033,00,U,42,0.0,0.0,000000000,00000000000,0.0,0.0,0.0,1.0,0.0,0.0,0.0,0.0,0.0,0.0,0.0,35.0,0.0,1.0,1.0,3.0,6.0,2.0,12.0,0.0,0.0,0.0,1.0,1.0,36323.0,6.0,1.0,6.0,0.0,3.0,1.0,82.0,165.0,0.0,0.0,0.0,0.0,0.0,0.0,0.0,0.0,0.0,0.0,38.0,0.0,0.0,0.0,1.0,2.0,45.0,1.0,1.0,2.0,1.0,20.0,3.0,1.0,17.0,1.0,1.0,1.0,87.0,1.0,0.0
1.0,10702.0,2.0,2.0,2.0,5.0,12.0,11.0,0.0,12.0,6.0,1.0,0.0,1.0,3.0,20.0,481.0,20481.0,31.0,2012.0,1GCRCSEAXCZ1,1,G,C,R,C,S,E,A,X,C,Z,1,0.0,T,CHEV,2SC,4C,12.0,17.0,nan,2.0,1575.0,1435.0,SIL,F,nan,,8,293,,,,B,4906,03,,42,0.0,0.0,000000000,00000000000,0.0,0.0,0.0,1.0,0.0,0.0,0.0,0.0,0.0,0.0,0.0,65.0,0.0,0.0,0.0,12.0,6.0,2.0,12.0,0.0,0.0,0.0,1.0,1.0,36330.0,6.0,1.0,6.0,0.0,3.0,0.0,72.0,205.0,0.0,0.0,0.0,0.0,0.0,0.0,0.0,0.0,0.0,0.0,0.0,0.0,0.0,0.0,2.0,2.0,55.0,1.0,1.0,2.0,1.0,0.0,0.0,1.0,66.0,1.0,1.0,1.0,86.0,0.0,0.0
1.0,10703.0,1.0,2.0,1.0,6.0,12.0,6.0,39.0,12.0,6.0,1.0,0.0,1.0,1.0,37.0,31.0,37031.0,4.0,2012.0,2HGFB2F52CH5,2,H,G,F,B,2,F,5,2,C,H,5,0.0,P,HOND,UCL,4D,12.0,17.0,2705.0,nan,0.0,1051.0,,G,nan,F,4,110,,,15R195,,,,,,0.0,0.0,000000000,00000000000,0.0,0.0,0.0,1.0,0.0,0.0,0.0,0.0,0.0,0.0,0.0,10.0,0.0,0.0,0.0,12.0,6.0,2.0,12.0,0.0,0.0,0.0,1.0,1.0,35401.0,6.0,1.0,0.0,0.0,3.0,0.0,67.0,225.0,1.0,0.0,0.0,0.0,0.0,6.0,2011.0,6.0,2011.0,0.0,38.0,0.0,0.0,0.0,1.0,2.0,55.0,1.0,1.0,2.0,1.0,20.0,3.0,11.0,15.0,1.0,1.0,1.0,82.0,0.0,0.0
1.0,10703.0,2.0,2.0,1.0,6.0,12.0,6.0,39.0,12.0,6.0,1.0,0.0,1.0,1.0,12.0,401.0,12401.0,14.0,2001.0,1FMZU67E81UC,1,F,M,Z,U,6,7,E,8,1,U,C,0.0,P,FORD,EPR,UT,1.0,17.0,4117.0,nan,0.0,1259.0,,G,nan,F,6,245,,,15R235,,,,,,0.0,0.0,000000000,00000000000,0.0,0.0,0.0,1.0,0.0,0.0,0.0,0.0,0.0,0.0,0.0,55.0,0.0,1.0,1.0,2.0,6.0,2.0,1.0,0.0,0.0,0.0,1.0,1.0,35475.0,6.0,1.0,0.0,0.0,3.0,0.0,71.0,170.0,0.0,0.0,0.0,0.0,0.0,0.0,0.0,0.0,0.0,0.0,0.0,0.0,0.0,0.0,1.0,2.0,55.0,1.0,1.0,2.0,1.0,0.0,0.0,1.0,66.0,6.0,1.0,2.0,83.0,1.0,0.0
1.0,10704.0,1.0,1.0,1.0,7.0,12.0,0.0,33.0,32.0,0.0,1.0,0.0,1.0,2.0,49.0,46.0,49046.0,5.0,2011.0,JTDKN3DU6B13,J,T,D,K,N,3,D,U,6,B,1,3,0.0,P,TOYT,PRI,4H,11.0,17.0,3042.0,nan,0.0,1063.0,,B,nan,F,4,110,,,15R195,,,,,,0.0,0.0,000000000,00000000000,0.0,0.0,0.0,1.0,0.0,0.0,0.0,0.0,0.0,0.0,0.0,55.0,0.0,0.0,0.0,12.0,6.0,2.0,2.0,0.0,0.0,1.0,1.0,1.0,35806.0,6.0,1.0,0.0,0.0,3.0,0.0,63.0,112.0,1.0,0.0,0.0,1.0,0.0,3.0,2010.0,4.0,2012.0,0.0,0.0,0.0,0.0,0.0,1.0,2.0,55.0,1.0,5.0,2.0,1.0,0.0,0.0,1.0,12.0,1.0,1.0,4.0,6.0,1.0,1.0
1.0,10705.0,1.0,1.0,1.0,9.0,12.0,3.0,20.0,34.0,0.0,1.0,0.0,1.0,2.0,49.0,50.0,49050.0,3.0,2008.0,JTKDE1673802,J,T,K,D,E,1,6,7,3,8,0,2,0.0,P,TOYT,SXC,2H,8.0,17.0,2905.0,nan,0.0,1063.0,,G,nan,F,4,146,,,17R215,,,,,,0.0,0.0,000000000,00000000000,0.0,0.0,0.0,1.0,0.0,0.0,0.0,0.0,0.0,0.0,0.0,75.0,0.0,0.0,0.0,12.0,6.0,2.0,42.0,0.0,0.0,0.0,1.0,1.0,36078.0,6.0,1.0,0.0,0.0,3.0,0.0,67.0,120.0,0.0,0.0,0.0,2.0,2.0,11.0,2010.0,11.0,2012.0,1.0,0.0,0.0,0.0,0.0,1.0,2.0,55.0,2.0,5.0,2.0,1.0,0.0,0.0,14.0,12.0,1.0,1.0,4.0,6.0,1.0,1.0
1.0,10706.0,1.0,1.0,3.0,9.0,12.0,14.0,10.0,1.0,0.0,1.0,0.0,1.0,1.0,49.0,422.0,49422.0,15.0,2003.0,5TDZT38A03S1,5,T,D,Z,T,3,8,A,0,3,S,1,0.0,P,TOYT,SEQ,UT,3.0,17.0,5100.0,nan,0.0,1181.0,,G,nan,F,8,285,,,16R245,,,,,,0.0,0.0,000000000,00000000000,0.0,0.0,0.0,1.0,0.0,0.0,0.0,0.0,0.0,0.0,0.0,55.0,0.0,1.0,1.0,0.0,6.0,2.0,1.0,0.0,0.0,0.0,1.0,1.0,36866.0,6.0,1.0,0.0,0.0,3.0,0.0,66.0,125.0,0.0,0.0,0.0,0.0,0.0,0.0,0.0,0.0,0.0,0.0,58.0,0.0,0.0,0.0,1.0,2.0,45.0,3.0,6.0,2.0,1.0,0.0,0.0,14.0,13.0,1.0,1.0,6.0,98.0,1.0,0.0
1.0,10707.0,1.0,1.0,1.0,10.0,12.0,1.0,0.0,32.0,0.0,1.0,0.0,1.0,1.0,37.0,709.0,37709.0,80.0,2008.0,JH2RC53058K1,J,H,2,R,C,5,3,0,5,8,K,1,0.0,M,HOND,V72,RS,8.0,17.0,nan,nan,nan,nan,,,745.0,,2,,4,503,,,,,,,0.0,0.0,000000000,00000000000,0.0,0.0,0.0,1.0,0.0,0.0,0.0,0.0,0.0,0.0,0.0,60.0,0.0,0.0,0.0,12.0,6.0,2.0,32.0,0.0,0.0,0.0,1.0,1.0,35603.0,6.0,1.0,0.0,0.0,3.0,0.0,71.0,179.0,3.0,0.0,0.0,0.0,0.0,7.0,2011.0,3.0,2012.0,0.0,89.0,0.0,0.0,0.0,1.0,2.0,55.0,3.0,1.0,2.0,1.0,0.0,0.0,14.0,13.0,1.0,1.0,4.0,1.0,1.0,0.0
1.0,10708.0,1.0,1.0,1.0,10.0,12.0,7.0,55.0,38.0,0.0,1.0,0.0,1.0,1.0,45.0,31.0,45031.0,2.0,2010.0,WP0AB2A91AS7,W,P,0,A,B,2,A,9,1,A,S,7,0.0,P,PORS,9CS,CP,10.0,17.0,3131.0,nan,0.0,925.0,,G,nan,F,6,232,,,19R235,,,,,,0.0,0.0,000000000,00000000000,0.0,0.0,0.0,1.0,0.0,0.0,0.0,0.0,0.0,0.0,0.0,55.0,0.0,0.0,0.0,12.0,6.0,2.0,38.0,0.0,0.0,0.0,1.0,1.0,35406.0,6.0,1.0,0.0,0.0,3.0,1.0,67.0,163.0,0.0,0.0,0.0,2.0,0.0,5.0,2010.0,9.0,2012.0,1.0,89.0,0.0,0.0,0.0,1.0,2.0,55.0,1.0,6.0,2.0,2.0,0.0,0.0,1.0,6.0,1.0,1.0,4.0,6.0,1.0,0.0