STATE,ST_CASE,VEH_NO,VE_FORMS,NUMOCCS,DAY,MONTH,HOUR,MINUTE,HARM_EV,MAN_COLL,UNITTYPE,HIT_RUN,REG_STAT,OWNER,MAKE,MODEL,MAK_MOD,BODY_TYP,MOD_YEAR,VIN,VIN_1,VIN_2,VIN_3,VIN_4,VIN_5,VIN_6,VIN_7,VIN_8,VIN_9,VIN_10,VIN_11,VIN_12,TOW_VEH,VINTYPE,VINMAKE,VINA_MOD,VIN_BT,VINMODYR,VIN_LNGT,VIN_WGT,WGTCD_TR,WHLBS_LG,WHLBS_SH,SER_TR,FUELCODE,MCYCL_DS,CARBUR,CYLINDER,DISPLACE,MCYCL_CY,MCYCL_WT,TIRE_SZE,TON_RAT,TRK_WT,TRKWTVAR,VIN_REST,WHLDRWHL,J_KNIFE,MCARR_I1,MCARR_I2,MCARR_ID,GVWR,V_CONFIG,CARGO_BT,HAZ_INV,HAZ_PLAC,HAZ_ID,HAZ_CNO,HAZ_REL,BUS_USE,SPEC_USE,EMER_USE,TRAV_SP,UNDERIDE,ROLLOVER,ROLINLOC,IMPACT1,DEFORMED,TOWED,M_HARM,VEH_SC1,VEH_SC2,FIRE_EXP,DR_PRES,L_STATE,DR_ZIP,L_STATUS,L_TYPE,CDL_STAT,L_ENDORS,L_COMPL,L_RESTRI,DR_HGT,DR_WGT,PREV_ACC,PREV_SUS,PREV_DWI,PREV_SPD,PREV_OTH,FIRST_MO,FIRST_YR,LAST_MO,LAST_YR,SPEEDREL,DR_SF1,DR_SF2,DR_SF3,DR_SF4,VTRAFWAY,VNUM_LAN,VSPD_LIM,VALIGN,VPROFILE,VPAVETYP,VSURCOND,VTRAFCON,VTCONT_F,P_CRASH1,P_CRASH2,P_CRASH3,PCRASH4,PCRASH5,ACC_TYPE,DEATHS,DR_DRINK
1.0,10810.0,1.0,1.0,1.0,13.0,11.0,12.0,0.0,5.0,0.0,1.0,0.0,1.0,1.0,76.0,706.0,76706.0,80.0,2003.0,JYAVP11E23A0,J,Y,A,V,P,1,1,E,2,3,A,0,0.0,M,YAMA,XVA,RS,3.0,17.0,nan,nan,nan,nan,,,1063.0,,2,,4,600,,,,,,,0.0,0.0,000000000,00000000000,0.0,0.0,0.0,1.0,0.0,0.0,0.0,0.0,0.0,0.0,0.0,999.0,0.0,0.0,0.0,0.0,9.0,1.0,5.0,0.0,0.0,0.0,1.0,1.0,35020.0,6.0,1.0,0.0,0.0,3.0,0.0,75.0,370.0,0.0,0.0,0.0,0.0,0.0,0.0,0.0,0.0,0.0,0.0,0.0,0.0,0.0,0.0,1.0,2.0,98.0,8.0,8.0,2.0,1.0,0.0,0.0,1.0,98.0,4.0,1.0,1.0,0.0,1.0,0.0
1.0,10811.0,1.0,2.0,1.0,16.0,10.0,15.0,45.0,12.0,6.0,1.0,1.0,1.0,1.0,21.0,20.0,21020.0,4.0,1993.0,1G3AG55N0P63,1,G,3,A,G,5,5,N,0,P,6,3,0.0,P,OLDS,CIS,4D,93.0,17.0,2776.0,nan,0.0,1049.0,,G,nan,F,6,204,,,14R185,,,,,,0.0,0.0,000000000,00000000000,0.0,0.0,0.0,1.0,0.0,0.0,0.0,0.0,0.0,0.0,0.0,999.0,0.0,0.0,0.0,9.0,6.0,2.0,12.0,0.0,0.0,0.0,1.0,1.0,36040.0,6.0,1.0,0.0,0.0,3.0,0.0,66.0,160.0,0.0,0.0,0.0,0.0,0.0,0.0,0.0,0.0,0.0,0.0,38.0,0.0,0.0,0.0,1.0,2.0,45.0,1.0,8.0,2.0,1.0,0.0,0.0,11.0,15.0,1.0,1.0,1.0,82.0,1.0,0.0
1.0,10811.0,2.0,2.0,2.0,16.0,10.0,15.0,45.0,12.0,6.0,1.0,0.0,1.0,1.0,7.0,26.0,7026.0,4.0,2012.0,999999999999,9,9,9,9,9,9,9,9,9,9,9,9,0.0,,,,,nan,nan,nan,nan,nan,nan,,,nan,,,,,,,,,,,,0.0,0.0,000000000,00000000000,0.0,0.0,0.0,1.0,0.0,0.0,0.0,0.0,0.0,0.0,0.0,999.0,0.0,0.0,0.0,12.0,6.0,2.0,12.0,0.0,0.0,0.0,1.0,1.0,36040.0,6.0,1.0,0.0,0.0,3.0,0.0,72.0,190.0,0.0,0.0,0.0,1.0,0.0,5.0,2010.0,5.0,2010.0,0.0,0.0,0.0,0.0,0.0,1.0,2.0,45.0,1.0,8.0,2.0,1.0,0.0,0.0,1.0,67.0,1.0,1.0,1.0,83.0,0.0,1.0
1.0,10812.0,1.0,1.0,1.0,27.0,11.0,6.0,44.0,32.0,0.0,1.0,0.0,1.0,1.0,22.0,9.0,22009.0,3.0,2000.0,2G2FV22G2Y21,2,G,2,F,V,2,2,G,2,Y,2,1,0.0,P,PONT,FTA,2H,0.0,17.0,3441.0,nan,0.0,1011.0,,G,nan,F,8,350,,,16R245,,,,,,0.0,0.0,000000000,00000000000,0.0,0.0,0.0,1.0,0.0,0.0,0.0,0.0,0.0,0.0,0.0,999.0,0.0,1.0,5.0,1.0,6.0,2.0,1.0,0.0,0.0,0.0,1.0,1.0,35646.0,6.0,1.0,0.0,0.0,3.0,1.0,73.0,190.0,1.0,0.0,0.0,0.0,0.0,2.0,2011.0,2.0,2011.0,0.0,0.0,0.0,0.0,0.0,1.0,2.0,45.0,1.0,1.0,2.0,2.0,0.0,0.0,1.0,13.0,6.0,9.0,4.0,1.0,1.0,0.0
1.0,10813.0,1.0,1.0,2.0,23.0,3.0,14.0,35.0,34.0,0.0,1.0,0.0,1.0,2.0,13.0,1.0,13001.0,4.0,2006.0,1LNHM81V26Y6,1,L,N,H,M,8,1,V,2,6,Y,6,0.0,P,LINC,SIG,4D,6.0,17.0,4359.0,nan,0.0,1177.0,,F,nan,F,8,281,,,17R225,,,,,,0.0,0.0,000000000,00000000000,0.0,0.0,0.0,1.0,0.0,0.0,0.0,0.0,0.0,0.0,0.0,65.0,0.0,0.0,0.0,12.0,6.0,2.0,34.0,0.0,0.0,0.0,1.0,1.0,35768.0,6.0,1.0,0.0,0.0,3.0,0.0,71.0,160.0,0.0,0.0,0.0,0.0,0.0,0.0,0.0,0.0,0.0,0.0,0.0,0.0,0.0,0.0,2.0,2.0,65.0,1.0,5.0,2.0,1.0,0.0,0.0,1.0,13.0,1.0,1.0,4.0,1.0,1.0,0.0
1.0,10814.0,1.0,2.0,1.0,2.0,10.0,19.0,9.0,12.0,6.0,1.0,0.0,1.0,1.0,7.0,402.0,7402.0,14.0,1999.0,1B4HS28Z9XF6,1,B,4,H,S,2,8,Z,9,X,F,6,0.0,P,DODG,DUR,UT,99.0,17.0,4397.0,nan,0.0,1159.0,,G,nan,F,8,360,,,15R235,,,,,,0.0,0.0,000000000,00000000000,0.0,0.0,0.0,1.0,0.0,0.0,0.0,0.0,0.0,0.0,0.0,5.0,0.0,0.0,0.0,11.0,6.0,2.0,12.0,0.0,0.0,0.0,1.0,1.0,36371.0,6.0,1.0,0.0,0.0,3.0,1.0,65.0,170.0,0.0,0.0,0.0,0.0,0.0,0.0,0.0,0.0,0.0,0.0,38.0,0.0,0.0,0.0,1.0,2.0,35.0,1.0,1.0,2.0,1.0,20.0,3.0,11.0,15.0,1.0,1.0,1.0,82.0,1.0,0.0
1.0,10814.0,2.0,2.0,1.0,2.0,10.0,19.0,9.0,12.0,6.0,1.0,0.0,13.0,3.0,82.0,881.0,82881.0,66.0,1997.0,1FUPCSEB1VP8,1,F,U,P,C,S,E,B,1,V,P,8,1.0,T,FRHT,FLD,TR,97.0,17.0,nan,8.0,0.0,0.0,CON,D,nan,,6,774,,,,,00000,00,,64,1.0,99.0,999999999,99999999999,3.0,6.0,1.0,1.0,0.0,0.0,0.0,0.0,0.0,0.0,0.0,40.0,0.0,0.0,0.0,12.0,2.0,1.0,12.0,0.0,0.0,0.0,1.0,13.0,31730.0,6.0,1.0,6.0,0.0,3.0,0.0,70.0,140.0,98.0,0.0,0.0,0.0,1.0,12.0,2010.0,12.0,2010.0,0.0,0.0,0.0,0.0,0.0,1.0,2.0,45.0,1.0,1.0,2.0,1.0,0.0,0.0,1.0,67.0,1.0,1.0,1.0,83.0,0.0,0.0
2.0,20002.0,1.0,2.0,1.0,9.0,1.0,12.0,8.0,12.0,6.0,1.0,0.0,2.0,2.0,23.0,401.0,23401.0,14.0,2000.0,1GKDT13W3Y23,1,G,K,D,T,1,3,W,3,Y,2,3,0.0,T,GMC,J/E,4W,0.0,17.0,nan,1.0,0.0,1070.0,J/E,G,nan,,6,262,,,,B,4049,01,E,44,0.0,0.0,000000000,00000000000,0.0,0.0,0.0,1.0,0.0,0.0,0.0,0.0,0.0,0.0,0.0,999.0,0.0,0.0,0.0,12.0,6.0,2.0,12.0,0.0,0.0,0.0,1.0,2.0,99701.0,6.0,1.0,0.0,0.0,3.0,1.0,68.0,145.0,0.0,0.0,0.0,0.0,0.0,0.0,0.0,0.0,0.0,0.0,0.0,0.0,0.0,0.0,1.0,2.0,40.0,1.0,1.0,2.0,4.0,3.0,3.0,1.0,62.0,1.0,1.0,2.0,69.0,0.0,0.0
2.0,20002.0,2.0,2.0,2.0,9.0,1.0,12.0,8.0,12.0,6.0,1.0,0.0,2.0,1.0,41.0,51.0,41051.0,4.0,2006.0,JM1BK12F9615,J,M,1,B,K,1,2,F,9,6,1,5,0.0,P,MAZD,M3I,4D,6.0,17.0,2696.0,nan,0.0,1039.0,,G,nan,F,4,122,,,16R195,,,,,,0.0,0.0,000000000,00000000000,0.0,0.0,0.0,1.0,0.0,0.0,0.0,0.0,0.0,0.0,0.0,999.0,0.0,0.0,0.0,1.0,6.0,2.0,12.0,0.0,0.0,0.0,1.0,2.0,99701.0,6.0,1.0,0.0,0.0,3.0,1.0,62.0,180.0,0.0,0.0,0.0,0.0,0.0,0.0,0.0,0.0,0.0,0.0,0.0,0.0,0.0,0.0,1.0,2.0,40.0,1.0,1.0,2.0,4.0,3.0,3.0,11.0,15.0,1.0,1.0,2.0,68.0,1.0,0.0
2.0,20003.0,1.0,2.0,1.0,9.0,3.0,14.0,23.0,12.0,6.0,1.0,0.0,2.0,1.0,49.0,472.0,49472.0,30.0,2006.0,5TEPX42N36Z1,5,T,E,P,X,4,2,N,3,6,Z,1,0.0,T,TOYT,REG,PK,6.0,17.0,nan,1.0,0.0,1033.0,TAC,G,nan,,4,164,,,,B,3640,00,U,44,0.0,0.0,000000000,00000000000,0.0,0.0,0.0,1.0,0.0,0.0,0.0,0.0,0.0,0.0,0.0,999.0,0.0,1.0,1.0,8.0,6.0,2.0,12.0,0.0,0.0,0.0,1.0,2.0,99573.0,6.0,1.0,0.0,0.0,3.0,1.0,68.0,157.0,0.0,0.0,0.0,0.0,0.0,0.0,0.0,0.0,0.0,0.0,0.0,0.0,0.0,0.0,1.0,2.0,55.0,1.0,1.0,2.0,4.0,0.0,0.0,1.0,5.0,9.0,3.0,3.0,64.0,1.0,0.0
2.0,20003.0,2.0,2.0,5.0,9.0,3.0,14.0,23.0,12.0,6.0,1.0,0.0,2.0,2.0,7.0,403.0,7403.0,14.0,2007.0,1D8GU28K57W7,1,D,8,G,U,2,8,K,5,7,W,7,0.0,P,DODG,NIT,UT,7.0,17.0,4105.0,nan,0.0,1088.0,,G,nan,F,6,225,,,16R225,,,,,,0.0,0.0,000000000,00000000000,0.0,0.0,0.0,1.0,0.0,0.0,0.0,0.0,0.0,0.0,0.0,55.0,0.0,0.0,0.0,12.0,6.0,2.0,12.0,0.0,0.0,0.0,1.0,2.0,99573.0,6.0,1.0,0.0,0.0,3.0,1.0,72.0,180.0,0.0,0.0,0.0,1.0,0.0,4.0,2010.0,4.0,2010.0,0.0,0.0,0.0,0.0,0.0,1.0,2.0,55.0,1.0,1.0,2.0,4.0,0.0,0.0,1.0,62.0,8.0,1.0,2.0,65.0,0.0,0.0
2.0,20004.0,1.0,1.0,2.0,25.0,3.0,21.0,48.0,8.0,0.0,1.0,0.0,2.0,1.0,20.0,403.0,20403.0,14.0,2007.0,1GNDT13SX722,1,G,N,D,T,1,3,S,X,7,2,2,0.0,P,CHEV,TRL,UT,7.0,17.0,4523.0,nan,0.0,1130.0,,G,nan,F,6,256,,,17R245,,,,,,0.0,0.0,000000000,00000000000,0.0,0.0,0.0,1.0,0.0,0.0,0.0,0.0,0.0,0.0,0.0,998.0,0.0,0.0,0.0,12.0,2.0,1.0,8.0,0.0,0.0,0.0,1.0,2.0,99515.0,2.0,1.0,0.0,0.0,2.0,2.0,71.0,185.0,1.0,4.0,0.0,0.0,3.0,11.0,2009.0,4.0,2010.0,0.0,74.0,0.0,0.0,0.0,1.0,4.0,35.0,1.0,1.0,2.0,4.0,0.0,0.0,1.0,80.0,1.0,1.0,1.0,13.0,0.0,0.0
2.0,20005.0,1.0,1.0,2.0,30.0,3.0,16.0,25.0,1.0,0.0,1.0,0.0,2.0,1.0,20.0,421.0,20421.0,15.0,1997.0,1GNEK13R5VJ3,1,G,N,E,K,1,3,R,5,V,J,3,0.0,P,CHEV,KTA,UT,97.0,17.0,5225.0,nan,0.0,1175.0,,G,nan,F,8,350,,,15R235,,,,,,0.0,0.0,000000000,00000000000,0.0,0.0,0.0,1.0,0.0,0.0,0.0,0.0,0.0,0.0,0.0,999.0,0.0,1.0,2.0,0.0,6.0,2.0,1.0,0.0,0.0,0.0,1.0,2.0,99635.0,6.0,1.0,0.0,0.0,3.0,1.0,67.0,120.0,0.0,0.0,0.0,0.0,0.0,0.0,0.0,0.0,0.0,0.0,0.0,0.0,0.0,0.0,1.0,2.0,55.0,1.0,1.0,4.0,11.0,0.0,0.0,1.0,9.0,1.0,1.0,4.0,1.0,1.0,0.0
2.0,20006.0,1.0,2.0,1.0,7.0,4.0,0.0,4.0,12.0,2.0,1.0,0.0,2.0,1.0,12.0,481.0,12481.0,31.0,2003.0,1FTNF21L53EC,1,F,T,N,F,2,1,L,5,3,E,C,0.0,T,FORD,F2S,PK,3.0,17.0,nan,2.0,0.0,1370.0,SRW,G,nan,,8,330,,,,C,5857,00,U,44,0.0,0.0,000000000,00000000000,0.0,0.0,0.0,1.0,0.0,0.0,0.0,0.0,0.0,0.0,0.0,998.0,0.0,0.0,0.0,12.0,6.0,2.0,12.0,0.0,0.0,0.0,1.0,2.0,99706.0,2.0,1.0,0.0,0.0,1.0,0.0,72.0,185.0,0.0,0.0,0.0,0.0,0.0,0.0,0.0,0.0,0.0,0.0,91.0,0.0,0.0,0.0,1.0,2.0,50.0,1.0,1.0,2.0,1.0,0.0,0.0,1.0,10.0,1.0,1.0,2.0,50.0,0.0,1.0
2.0,20006.0,2.0,2.0,4.0,7.0,4.0,0.0,4.0,12.0,2.0,1.0,0.0,2.0,2.0,7.0,20.0,7020.0,4.0,2005.0,1B3ES56C55D2,1,B,3,E,S,5,6,C,5,5,D,2,0.0,P,DODG,NXT,4D,5.0,17.0,2634.0,nan,0.0,1040.0,,G,nan,F,4,122,,,15R185,,,,,,0.0,0.0,000000000,00000000000,0.0,0.0,0.0,1.0,0.0,0.0,0.0,0.0,0.0,0.0,0.0,58.0,0.0,0.0,0.0,12.0,6.0,2.0,12.0,0.0,0.0,0.0,1.0,41.0,97330.0,6.0,1.0,0.0,0.0,3.0,1.0,69.0,150.0,0.0,0.0,0.0,0.0,0.0,0.0,0.0,0.0,0.0,0.0,0.0,0.0,0.0,0.0,1.0,2.0,50.0,1.0,1.0,2.0,1.0,0.0,0.0,1.0,62.0,9.0,1.0,1.0,51.0,2.0,0.0
2.0,20007.0,1.0,2.0,1.0,19.0,4.0,7.0,48.0,12.0,2.0,1.0,0.0,1.0,2.0,52.0,37.0,52037.0,2.0,1995.0,4A3AL54F1SE0,4,A,3,A,L,5,4,F,1,S,E,0,0.0,P,MITS,GSX,2H,95.0,17.0,3197.0,nan,0.0,988.0,,G,nan,T,4,122,,,16R205,,,,,,0.0,0.0,000000000,00000000000,0.0,0.0,0.0,1.0,0.0,0.0,0.0,0.0,0.0,0.0,0.0,999.0,0.0,0.0,0.0,12.0,6.0,2.0,12.0,0.0,0.0,0.0,1.0,2.0,99709.0,6.0,1.0,0.0,0.0,3.0,0.0,73.0,215.0,0.0,0.0,0.0,1.0,1.0,11.0,2009.0,2.0,2010.0,1.0,33.0,51.0,0.0,0.0,1.0,2.0,55.0,2.0,6.0,2.0,1.0,0.0,0.0,6.0,54.0,9.0,2.0,1.0,50.0,1.0,1.0
2.0,20007.0,2.0,2.0,1.0,19.0,4.0,7.0,48.0,12.0,2.0,1.0,0.0,2.0,1.0,42.0,401.0,42401.0,14.0,2002.0,4JGAB75E32A2,4,J,G,A,B,7,5,E,3,2,A,2,0.0,P,MERZ,M50,UT,2.0,17.0,4874.0,nan,0.0,1110.0,,G,nan,F,8,305,,,18R285,,,,,,0.0,0.0,000000000,00000000000,0.0,0.0,0.0,1.0,0.0,0.0,0.0,0.0,0.0,0.0,0.0,999.0,0.0,0.0,0.0,12.0,6.0,2.0,12.0,0.0,0.0,0.0,1.0,2.0,99709.0,6.0,1.0,0.0,0.0,3.0,0.0,66.0,141.0,0.0,0.0,0.0,0.0,0.0,0.0,0.0,0.0,0.0,0.0,0.0,0.0,0.0,0.0,1.0,2.0,55.0,3.0,5.0,2.0,1.0,0.0,0.0,14.0,60.0,9.0,2.0,1.0,51.0,0.0,0.0
2.0,20008.0,1.0,1.0,1.0,25.0,5.0,23.0,35.0,31.0,0.0,1.0,0.0,2.0,1.0,37.0,734.0,37734.0,90.0,2005.0,1HFTE2941541,1,H,F,T,E,2,9,4,1,5,4,1,0.0,M,HOND,4TR,AT,5.0,17.0,nan,nan,nan,nan,,,397.0,,1,,4,386,,,,,,,0.0,0.0,000000000,00000000000,0.0,0.0,0.0,1.0,0.0,0.0,0.0,0.0,0.0,0.0,0.0,999.0,0.0,1.0,2.0,12.0,6.0,2.0,31.0,0.0,0.0,0.0,1.0,37.0,28376.0,6.0,1.0,0.0,0.0,3.0,0.0,71.0,190.0,0.0,6.0,0.0,0.0,3.0,6.0,2009.0,6.0,2010.0,1.0,8.0,27.0,36.0,0.0,1.0,2.0,25.0,3.0,2.0,4.0,1.0,0.0,0.0,14.0,6.0,8.0,4.0,4.0,6.0,1.0,1.0
2.0,20009.0,1.0,2.0,1.0,16.0,5.0,12.0,16.0,12.0,6.0,1.0,0.0,2.0,2.0,49.0,40.0,49040.0,4.0,2002.0,JTDBE32K7200,J,T,D,B,E,3,2,K,7,2,0,0,0.0,P,TOYT,LXS,4D,2.0,17.0,3086.0,nan,0.0,1071.0,,G,nan,F,4,144,,,15R205,,,,,,0.0,0.0,000000000,00000000000,0.0,0.0,0.0,1.0,0.0,0.0,0.0,0.0,0.0,0.0,0.0,999.0,0.0,0.0,0.0,62.0,6.0,2.0,12.0,0.0,0.0,0.0,1.0,2.0,99645.0,6.0,2.0,0.0,0.0,3.0,0.0,67.0,154.0,0.0,0.0,0.0,0.0,0.0,0.0,0.0,0.0,0.0,0.0,0.0,0.0,0.0,0.0,1.0,2.0,55.0,1.0,1.0,2.0,1.0,0.0,0.0,4.0,17.0,1.0,1.0,1.0,89.0,1.0,0.0
2.0,20009.0,2.0,2.0,1.0,16.0,5.0,12.0,16.0,12.0,6.0,1.0,0.0,2.0,3.0,85.0,881.0,85881.0,61.0,1999.0,1NKWLB0X5XR8,1,N,K,W,L,B,0,X,5,X,R,8,0.0,T,KW,W90,CC,99.0,17.0,nan,8.0,2850.0,1600.0,CON,D,nan,,6,893,,,,,00000,00,,64,0.0,57.0,1673507,571673507,2.0,2.0,4.0,1.0,0.0,0.0,0.0,0.0,0.0,0.0,0.0,999.0,0.0,0.0,0.0,12.0,4.0,3.0,12.0,0.0,0.0,0.0,1.0,2.0,99654.0,6.0,1.0,6.0,1.0,3.0,0.0,71.0,190.0,0.0,0.0,0.0,0.0,0.0,0.0,0.0,0.0,0.0,0.0,0.0,0.0,0.0,0.0,1.0,2.0,55.0,1.0,1.0,2.0,1.0,0.0,0.0,1.0,66.0,1.0,1.0,1.0,88.0,0.0,0.0
2.0,20010.0,1.0,1.0,1.0,12.0,6.0,3.0,30.0,1.0,0.0,1.0,0.0,2.0,1.0,35.0,401.0,35401.0,14.0,2010.0,5N1AR1NB3AC6,5,N,1,A,R,1,N,B,3,A,C,6,0.0,P,NISS,PFI,UT,10.0,17.0,4665.0,nan,0.0,1122.0,,G,nan,F,6,244,,,16R245,,,,,,0.0,0.0,000000000,00000000000,0.0,0.0,0.0,1.0,0.0,0.0,0.0,0.0,0.0,0.0,0.0,110.0,0.0,1.0,5.0,0.0,6.0,2.0,1.0,0.0,0.0,1.0,1.0,2.0,99684.0,2.0,1.0,0.0,0.0,2.0,3.0,63.0,140.0,0.0,1.0,1.0,0.0,0.0,5.0,2012.0,5.0,2012.0,1.0,37.0,0.0,0.0,0.0,1.0,2.0,55.0,4.0,3.0,2.0,2.0,0.0,0.0,99.0,13.0,1.0,1.0,4.0,1.0,1.0,1.0
2.0,20011.0,1.0,2.0,1.0,9.0,1.0,19.0,58.0,12.0,2.0,1.0,0.0,2.0,1.0,35.0,481.0,35481.0,31.0,2007.0,1N6BA07B97N2,1,N,6,B,A,0,7,B,9,7,N,2,0.0,T,NISS,TXS,CW,7.0,17.0,nan,2.0,0.0,1398.0,TTN,F,nan,,8,342,,,,,4993,00,E,44,0.0,0.0,000000000,00000000000,0.0,0.0,0.0,1.0,0.0,0.0,0.0,0.0,0.0,0.0,0.0,999.0,0.0,0.0,0.0,12.0,6.0,2.0,12.0,0.0,0.0,0.0,1.0,2.0,99672.0,6.0,1.0,0.0,0.0,3.0,0.0,69.0,180.0,0.0,0.0,0.0,4.0,5.0,1.0,2009.0,1.0,2012.0,0.0,4.0,0.0,0.0,0.0,1.0,2.0,55.0,1.0,2.0,2.0,4.0,0.0,0.0,1.0,10.0,1.0,1.0,2.0,50.0,0.0,0.0
2.0,20011.0,2.0,2.0,3.0,9.0,1.0,19.0,58.0,12.0,2.0,1.0,0.0,2.0,2.0,7.0,43.0,7043.0,4.0,1998.0,1B3EJ46X7WN2,1,B,3,E,J,4,6,X,7,W,N,2,0.0,P,DODG,STR,4D,98.0,17.0,2837.0,nan,0.0,1080.0,,G,nan,F,4,148,,,14R195,,,,,,0.0,0.0,000000000,00000000000,0.0,0.0,0.0,1.0,0.0,0.0,0.0,0.0,0.0,0.0,0.0,999.0,0.0,0.0,0.0,12.0,6.0,2.0,12.0,0.0,0.0,0.0,1.0,2.0,99508.0,6.0,1.0,0.0,0.0,3.0,0.0,67.0,230.0,0.0,0.0,0.0,0.0,0.0,0.0,0.0,0.0,0.0,0.0,0.0,0.0,0.0,0.0,1.0,2.0,55.0,1.0,2.0,2.0,4.0,0.0,0.0,1.0,62.0,1.0,1.0,1.0,51.0,2.0,0.0
2.0,20012.0,1.0,1.0,4.0,29.0,7.0,2.0,32.0,1.0,0.0,1.0,0.0,2.0,2.0,12.0,422.0,12422.0,15.0,1998.0,1FMRU18W7WLB,1,F,M,R,U,1,8,W,7,W,L,B,0.0,P,FORD,EPT,UT,98.0,17.0,5177.0,nan,0.0,1190.0,,G,nan,F,8,281,,,16R255,,,,,,0.0,0.0,000000000,00000000000,0.0,0.0,0.0,1.0,0.0,0.0,0.0,0.0,0.0,0.0,0.0,999.0,0.0,1.0,5.0,0.0,6.0,2.0,1.0,0.0,0.0,0.0,1.0,2.0,99576.0,6.0,1.0,0.0,0.0,3.0,0.0,70.0,140.0,0.0,0.0,0.0,0.0,0.0,0.0,0.0,0.0,0.0,1.0,0.0,0.0,0.0,0.0,1.0,2.0,45.0,3.0,5.0,2.0,2.0,0.0,0.0,14.0,13.0,1.0,1.0,4.0,1.0,1.0,1.0
2.0,20013.0,1.0,1.0,1.0,22.0,7.0,16.0,37.0,1.0,0.0,1.0,0.0,2.0,1.0,14.0,443.0,14443.0,20.0,1999.0,4M2XV11TXXDJ,4,M,2,X,V,1,1,T,X,X,D,J,0.0,P,MERC,VLR,SV,99.0,17.0,3944.0,nan,0.0,1122.0,,G,nan,F,6,201,,,15R215,,,,,,0.0,0.0,000000000,00000000000,0.0,0.0,0.0,1.0,0.0,0.0,0.0,0.0,0.0,0.0,0.0,999.0,0.0,1.0,5.0,0.0,6.0,2.0,1.0,0.0,0.0,0.0,1.0,2.0,99654.0,6.0,1.0,0.0,0.0,3.0,0.0,72.0,220.0,0.0,0.0,0.0,0.0,0.0,0.0,0.0,0.0,0.0,9.0,0.0,0.0,0.0,0.0,1.0,2.0,50.0,3.0,1.0,2.0,1.0,0.0,0.0,14.0,13.0,1.0,1.0,4.0,1.0,1.0,0.0
2.0,20014.0,1.0,2.0,1.0,30.0,5.0,15.0,55.0,12.0,6.0,1.0,0.0,2.0,1.0,12.0,402.0,12402.0,14.0,2002.0,1FMCU021X2KC,1,F,M,C,U,0,2,1,X,2,K,C,1.0,P,FORD,SPE,UT,2.0,17.0,3152.0,nan,0.0,1031.0,,G,nan,F,6,181,,,15R225,,,,,,1.0,0.0,000000000,00000000000,0.0,0.0,0.0,1.0,0.0,0.0,0.0,0.0,0.0,0.0,0.0,998.0,0.0,0.0,0.0,82.0,4.0,3.0,12.0,0.0,0.0,0.0,1.0,2.0,99508.0,6.0,1.0,0.0,0.0,3.0,0.0,65.0,150.0,0.0,0.0,0.0,0.0,0.0,0.0,0.0,0.0,0.0,0.0,91.0,0.0,0.0,0.0,1.0,2.0,55.0,1.0,1.0,2.0,1.0,0.0,0.0,11.0,15.0,1.0,1.0,2.0,68.0,0.0,0.0
2.0,20014.0,2.0,2.0,1.0,30.0,5.0,15.0,55.0,12.0,6.0,1.0,0.0,2.0,2.0,98.0,706.0,98706.0,80.0,2008.0,4MZDX03D0837,4,M,Z,D,X,0,3,D,0,8,3,7,0.0,U,,,,8.0,17.0,nan,nan,nan,nan,,,nan,,,,,,,,,,,,0.0,0.0,000000000,00000000000,0.0,0.0,0.0,1.0,0.0,0.0,0.0,0.0,0.0,0.0,0.0,55.0,0.0,0.0,0.0,12.0,6.0,2.0,12.0,0.0,0.0,0.0,1.0,2.0,99669.0,6.0,1.0,0.0,0.0,3.0,0.0,78.0,354.0,0.0,0.0,0.0,1.0,0.0,10.0,2009.0,10.0,2009.0,9.0,0.0,0.0,0.0,0.0,1.0,2.0,55.0,1.0,1.0,2.0,1.0,0.0,0.0,1.0,62.0,9.0,1.0,1.0,69.0,1.0,0.0
2.0,20015.0,1.0,1.0,3.0,25.0,5.0,5.0,36.0,8.0,0.0,1.0,0.0,2.0,1.0,12.0,461.0,12461.0,21.0,1995.0,1FBJS31H7SHB,1,F,B,J,S,3,1,H,7,S,H,B,0.0,T,FORD,CS3,ES,95.0,17.0,nan,2.0,0.0,1380.0,CWS,G,nan,,8,351,,,,D,5863,00,M,42,0.0,0.0,000000000,00000000000,0.0,0.0,0.0,1.0,0.0,0.0,0.0,0.0,0.0,0.0,0.0,999.0,0.0,0.0,0.0,1.0,2.0,1.0,8.0,0.0,0.0,0.0,1.0,2.0,99504.0,6.0,1.0,0.0,0.0,3.0,1.0,68.0,200.0,0.0,0.0,0.0,0.0,0.0,0.0,0.0,0.0,0.0,0.0,0.0,0.0,0.0,0.0,6.0,1.0,45.0,3.0,6.0,2.0,1.0,0.0,0.0,14.0,80.0,1.0,1.0,1.0,13.0,0.0,0.0