STATE,ST_CASE,VEH_NO,VE_FORMS,NUMOCCS,DAY,MONTH,HOUR,MINUTE,HARM_EV,MAN_COLL,UNITTYPE,HIT_RUN,REG_STAT,OWNER,MAKE,MODEL,MAK_MOD,BODY_TYP,MOD_YEAR,VIN,VIN_1,VIN_2,VIN_3,VIN_4,VIN_5,VIN_6,VIN_7,VIN_8,VIN_9,VIN_10,VIN_11,VIN_12,TOW_VEH,VINTYPE,VINMAKE,VINA_MOD,VIN_BT,VINMODYR,VIN_LNGT,VIN_WGT,WGTCD_TR,WHLBS_LG,WHLBS_SH,SER_TR,FUELCODE,MCYCL_DS,CARBUR,CYLINDER,DISPLACE,MCYCL_CY,MCYCL_WT,TIRE_SZE,TON_RAT,TRK_WT,TRKWTVAR,VIN_REST,WHLDRWHL,J_KNIFE,MCARR_I1,MCARR_I2,MCARR_ID,GVWR,V_CONFIG,CARGO_BT,HAZ_INV,HAZ_PLAC,HAZ_ID,HAZ_CNO,HAZ_REL,BUS_USE,SPEC_USE,EMER_USE,TRAV_SP,UNDERIDE,ROLLOVER,ROLINLOC,IMPACT1,DEFORMED,TOWED,M_HARM,VEH_SC1,VEH_SC2,FIRE_EXP,DR_PRES,L_STATE,DR_ZIP,L_STATUS,L_TYPE,CDL_STAT,L_ENDORS,L_COMPL,L_RESTRI,DR_HGT,DR_WGT,PREV_ACC,PREV_SUS,PREV_DWI,PREV_SPD,PREV_OTH,FIRST_MO,FIRST_YR,LAST_MO,LAST_YR,SPEEDREL,DR_SF1,DR_SF2,DR_SF3,DR_SF4,VTRAFWAY,VNUM_LAN,VSPD_LIM,VALIGN,VPROFILE,VPAVETYP,VSURCOND,VTRAFCON,VTCONT_F,P_CRASH1,P_CRASH2,P_CRASH3,PCRASH4,PCRASH5,ACC_TYPE,DEATHS,DR_DRINK
2.0,20033.0,1.0,1.0,4.0,19.0,11.0,21.0,5.0,39.0,0.0,1.0,0.0,2.0,2.0,48.0,34.0,48034.0,4.0,1991.0,4S4BC63C1M76,4,S,4,B,C,6,3,C,1,M,7,6,0.0,P,SUBA,LH4,4D,91.0,17.0,2830.0,nan,0.0,1016.0,,G,nan,F,4,135,,,14R185,,,,,,0.0,0.0,000000000,00000000000,0.0,0.0,0.0,1.0,0.0,0.0,0.0,0.0,0.0,0.0,0.0,80.0,0.0,0.0,0.0,12.0,6.0,2.0,39.0,0.0,0.0,0.0,1.0,2.0,99901.0,6.0,1.0,0.0,0.0,3.0,0.0,65.0,135.0,0.0,0.0,0.0,0.0,0.0,0.0,0.0,0.0,0.0,1.0,0.0,0.0,0.0,0.0,1.0,2.0,45.0,3.0,1.0,2.0,2.0,0.0,0.0,14.0,6.0,1.0,1.0,4.0,6.0,2.0,1.0
2.0,20034.0,1.0,2.0,2.0,30.0,11.0,15.0,27.0,12.0,6.0,1.0,0.0,2.0,1.0,35.0,47.0,35047.0,4.0,2008.0,1N4AL21E28N4,1,N,4,A,L,2,1,E,2,8,N,4,0.0,P,NISS,ATS,4D,8.0,17.0,3028.0,nan,0.0,1093.0,,G,nan,F,4,153,,,16R215,,,,,,0.0,0.0,000000000,00000000000,0.0,0.0,0.0,1.0,0.0,0.0,0.0,0.0,0.0,0.0,0.0,999.0,0.0,0.0,0.0,82.0,6.0,2.0,12.0,0.0,0.0,0.0,1.0,19.0,99703.0,6.0,1.0,0.0,0.0,3.0,0.0,71.0,185.0,0.0,0.0,0.0,0.0,1.0,7.0,2012.0,7.0,2012.0,0.0,0.0,0.0,0.0,0.0,1.0,4.0,65.0,2.0,6.0,2.0,4.0,0.0,0.0,14.0,5.0,3.0,2.0,2.0,64.0,2.0,0.0
2.0,20034.0,2.0,2.0,3.0,30.0,11.0,15.0,27.0,12.0,6.0,1.0,0.0,2.0,2.0,20.0,482.0,20482.0,31.0,2009.0,3GNFK12009G1,3,G,N,F,K,1,2,0,0,9,G,1,0.0,T,CHEV,KLS,SP,9.0,17.0,nan,2.0,0.0,1300.0,AVL,F,nan,,8,323,,,,B,5767,00,,44,0.0,0.0,000000000,00000000000,0.0,0.0,0.0,1.0,0.0,0.0,0.0,0.0,0.0,0.0,0.0,999.0,0.0,0.0,0.0,12.0,6.0,2.0,12.0,0.0,0.0,0.0,1.0,2.0,99760.0,6.0,1.0,0.0,0.0,3.0,1.0,71.0,200.0,0.0,0.0,0.0,0.0,0.0,0.0,0.0,0.0,0.0,0.0,0.0,0.0,0.0,0.0,1.0,4.0,65.0,3.0,5.0,2.0,4.0,0.0,0.0,14.0,62.0,7.0,1.0,2.0,65.0,0.0,0.0
2.0,20035.0,1.0,3.0,1.0,7.0,12.0,16.0,40.0,12.0,2.0,1.0,0.0,2.0,1.0,20.0,401.0,20401.0,14.0,1994.0,1GNDT13W6R21,1,G,N,D,T,1,3,W,6,R,2,1,0.0,P,CHEV,S10,UT,94.0,17.0,3811.0,nan,0.0,1070.0,,G,nan,F,6,262,,,000000,,,,,,0.0,0.0,000000000,00000000000,0.0,0.0,0.0,1.0,0.0,0.0,0.0,0.0,0.0,0.0,0.0,57.0,0.0,0.0,0.0,12.0,6.0,2.0,12.0,0.0,0.0,0.0,1.0,2.0,99672.0,6.0,1.0,0.0,0.0,3.0,1.0,66.0,185.0,0.0,0.0,0.0,0.0,0.0,0.0,0.0,0.0,0.0,0.0,0.0,0.0,0.0,0.0,1.0,2.0,65.0,4.0,5.0,2.0,4.0,0.0,0.0,14.0,5.0,1.0,2.0,6.0,50.0,0.0,0.0
2.0,20035.0,2.0,3.0,2.0,7.0,12.0,16.0,40.0,12.0,2.0,1.0,0.0,2.0,2.0,49.0,471.0,49471.0,30.0,1990.0,JT4RN81P5L50,J,T,4,R,N,8,1,P,5,L,5,0,0.0,T,TOYT,SWD,PK,90.0,17.0,nan,1.0,0.0,1033.0,HTP,G,nan,,4,144,,,,B,00000,00,A,42,0.0,0.0,000000000,00000000000,0.0,0.0,0.0,1.0,0.0,0.0,0.0,0.0,0.0,0.0,0.0,50.0,0.0,0.0,0.0,12.0,6.0,2.0,12.0,0.0,0.0,0.0,1.0,2.0,99556.0,6.0,1.0,0.0,0.0,3.0,0.0,74.0,260.0,0.0,0.0,0.0,0.0,1.0,3.0,2010.0,3.0,2010.0,0.0,0.0,0.0,0.0,0.0,1.0,2.0,65.0,1.0,6.0,2.0,4.0,0.0,0.0,1.0,61.0,6.0,1.0,2.0,51.0,2.0,0.0
2.0,20035.0,3.0,3.0,3.0,7.0,12.0,16.0,40.0,12.0,2.0,1.0,0.0,2.0,2.0,23.0,421.0,23421.0,15.0,2010.0,1GKUKAE04AR2,1,G,K,U,K,A,E,0,4,A,R,2,0.0,T,GMC,YLE,4W,10.0,17.0,nan,2.0,0.0,1160.0,YUK,F,nan,,8,323,,,,B,5581,00,S,44,0.0,0.0,000000000,00000000000,0.0,0.0,0.0,1.0,0.0,0.0,0.0,0.0,0.0,0.0,0.0,50.0,0.0,0.0,0.0,12.0,6.0,2.0,12.0,0.0,0.0,0.0,1.0,2.0,99502.0,6.0,1.0,0.0,0.0,3.0,0.0,68.0,170.0,0.0,0.0,0.0,0.0,0.0,0.0,0.0,0.0,0.0,0.0,0.0,0.0,0.0,0.0,1.0,2.0,65.0,1.0,6.0,2.0,4.0,0.0,0.0,1.0,50.0,7.0,1.0,1.0,98.0,0.0,0.0
2.0,20036.0,1.0,2.0,2.0,14.0,12.0,20.0,24.0,12.0,6.0,1.0,0.0,2.0,1.0,7.0,482.0,7482.0,31.0,2005.0,1D7HU18D15S2,1,D,7,H,U,1,8,D,1,5,S,2,0.0,T,DODG,SQ1,CW,5.0,17.0,nan,2.0,1605.0,1405.0,RPC,G,nan,,8,348,,,,B,4979,03,E,44,0.0,0.0,000000000,00000000000,0.0,0.0,0.0,1.0,0.0,0.0,0.0,0.0,0.0,0.0,0.0,999.0,0.0,0.0,0.0,83.0,6.0,2.0,12.0,0.0,0.0,0.0,1.0,2.0,99504.0,6.0,1.0,0.0,0.0,3.0,1.0,64.0,180.0,0.0,0.0,0.0,0.0,0.0,0.0,0.0,0.0,0.0,0.0,0.0,0.0,0.0,0.0,1.0,2.0,65.0,3.0,1.0,2.0,4.0,0.0,0.0,98.0,10.0,1.0,4.0,2.0,64.0,0.0,0.0
2.0,20036.0,2.0,2.0,2.0,14.0,12.0,20.0,24.0,12.0,6.0,1.0,0.0,2.0,1.0,48.0,31.0,48031.0,6.0,1986.0,JF2AN53B7GE4,J,F,2,A,N,5,3,B,7,G,E,4,0.0,P,SUBA,G4D,SW,86.0,17.0,2495.0,nan,0.0,969.0,,G,nan,2,4,108,,,13R185,,,,,,0.0,0.0,000000000,00000000000,0.0,0.0,0.0,1.0,0.0,0.0,0.0,0.0,0.0,0.0,0.0,999.0,0.0,0.0,0.0,12.0,6.0,2.0,12.0,0.0,0.0,0.0,1.0,2.0,99676.0,6.0,1.0,6.0,0.0,3.0,0.0,72.0,230.0,0.0,0.0,0.0,0.0,0.0,0.0,0.0,0.0,0.0,0.0,0.0,0.0,0.0,0.0,1.0,2.0,65.0,2.0,1.0,2.0,4.0,0.0,0.0,14.0,62.0,1.0,1.0,1.0,65.0,1.0,0.0
2.0,20037.0,1.0,2.0,1.0,23.0,12.0,23.0,18.0,12.0,6.0,1.0,0.0,2.0,1.0,20.0,16.0,20016.0,4.0,1990.0,1G1JC54G2LJ2,1,G,1,J,C,5,4,G,2,L,J,2,0.0,P,CHEV,CVL,4D,90.0,17.0,2436.0,nan,0.0,1012.0,,G,nan,F,4,133,,,13R185,,,,,,0.0,0.0,000000000,00000000000,0.0,0.0,0.0,1.0,0.0,0.0,0.0,0.0,0.0,0.0,0.0,80.0,0.0,0.0,0.0,81.0,6.0,2.0,12.0,0.0,0.0,0.0,1.0,2.0,99835.0,6.0,1.0,0.0,0.0,3.0,0.0,73.0,155.0,0.0,0.0,0.0,0.0,4.0,12.0,2010.0,9.0,2012.0,1.0,8.0,37.0,0.0,0.0,1.0,2.0,45.0,1.0,1.0,2.0,1.0,0.0,0.0,1.0,6.0,1.0,4.0,2.0,64.0,1.0,1.0
2.0,20037.0,2.0,2.0,1.0,23.0,12.0,23.0,18.0,12.0,6.0,1.0,0.0,2.0,2.0,7.0,402.0,7402.0,14.0,2000.0,1B4HS28Z7YF2,1,B,4,H,S,2,8,Z,7,Y,F,2,0.0,P,DODG,DUR,UT,0.0,17.0,4462.0,nan,0.0,1159.0,,G,nan,F,8,360,,,15R235,,,,,,0.0,0.0,000000000,00000000000,0.0,0.0,0.0,1.0,0.0,0.0,0.0,0.0,0.0,0.0,0.0,999.0,0.0,0.0,0.0,12.0,6.0,2.0,12.0,0.0,0.0,0.0,1.0,2.0,99835.0,6.0,1.0,0.0,0.0,3.0,0.0,64.0,140.0,0.0,0.0,0.0,0.0,0.0,0.0,0.0,0.0,0.0,0.0,0.0,0.0,0.0,0.0,1.0,2.0,45.0,1.0,1.0,2.0,1.0,0.0,0.0,1.0,62.0,1.0,1.0,1.0,65.0,0.0,0.0
2.0,20038.0,1.0,3.0,1.0,21.0,4.0,13.0,26.0,12.0,9.0,1.0,0.0,2.0,1.0,63.0,31.0,63031.0,4.0,1998.0,KNAFB1214W57,K,N,A,F,B,1,2,1,4,W,5,7,0.0,P,KIA,SPL,4D,98.0,17.0,2478.0,nan,0.0,1008.0,,G,nan,F,4,109,,,14R185,,,,,,0.0,0.0,000000000,00000000000,0.0,0.0,0.0,1.0,0.0,0.0,0.0,0.0,0.0,0.0,0.0,55.0,0.0,0.0,0.0,83.0,6.0,2.0,12.0,0.0,0.0,0.0,1.0,2.0,99635.0,6.0,1.0,0.0,0.0,3.0,1.0,65.0,170.0,0.0,0.0,0.0,0.0,0.0,0.0,0.0,0.0,0.0,0.0,0.0,0.0,0.0,0.0,1.0,2.0,55.0,1.0,1.0,2.0,1.0,0.0,0.0,1.0,52.0,9.0,4.0,1.0,48.0,1.0,0.0
2.0,20038.0,2.0,3.0,2.0,21.0,4.0,13.0,26.0,12.0,9.0,1.0,0.0,2.0,2.0,37.0,32.0,37032.0,2.0,1999.0,1HGCG3145XA0,1,H,G,C,G,3,1,4,5,X,A,0,0.0,P,HOND,ULX,CP,99.0,17.0,2943.0,nan,0.0,1051.0,,G,nan,F,4,138,,,15R195,,,,,,0.0,0.0,000000000,00000000000,0.0,0.0,0.0,1.0,0.0,0.0,0.0,0.0,0.0,0.0,0.0,999.0,0.0,0.0,0.0,6.0,6.0,2.0,12.0,0.0,0.0,0.0,1.0,2.0,99635.0,6.0,1.0,0.0,0.0,3.0,0.0,70.0,200.0,0.0,0.0,0.0,1.0,0.0,4.0,2012.0,4.0,2012.0,0.0,0.0,0.0,0.0,0.0,1.0,2.0,55.0,1.0,1.0,2.0,1.0,0.0,0.0,2.0,18.0,1.0,1.0,1.0,48.0,0.0,0.0
2.0,20038.0,3.0,3.0,1.0,21.0,4.0,13.0,26.0,12.0,9.0,1.0,0.0,2.0,3.0,93.0,981.0,93981.0,51.0,1990.0,1M8GDM9A2LP0,1,M,8,G,D,M,9,A,2,L,P,0,0.0,T,MCIN,,,90.0,17.0,nan,nan,nan,nan,,,nan,,,,,,,,,,,,0.0,57.0,01874358,5701874358,3.0,21.0,22.0,1.0,0.0,0.0,0.0,0.0,5.0,3.0,0.0,999.0,0.0,0.0,0.0,12.0,4.0,1.0,12.0,0.0,0.0,0.0,1.0,2.0,99611.0,6.0,1.0,6.0,1.0,3.0,1.0,71.0,170.0,0.0,0.0,0.0,0.0,0.0,0.0,0.0,0.0,0.0,0.0,0.0,0.0,0.0,0.0,1.0,2.0,55.0,1.0,1.0,2.0,1.0,0.0,0.0,1.0,62.0,1.0,1.0,1.0,98.0,0.0,0.0
2.0,20039.0,1.0,1.0,1.0,21.0,8.0,14.0,55.0,9.0,0.0,1.0,0.0,2.0,3.0,89.0,884.0,89884.0,63.0,1993.0,4V2JCBDF2PR8,4,V,2,J,C,B,D,F,2,P,R,8,0.0,T,WHGM,WGM,CC,93.0,17.0,nan,8.0,0.0,0.0,WCN,D,nan,,6,629,,,,,00000,00,,64,0.0,57.0,00416843,5700416843,3.0,1.0,3.0,1.0,0.0,0.0,0.0,0.0,0.0,0.0,0.0,999.0,0.0,0.0,0.0,3.0,0.0,3.0,9.0,0.0,0.0,0.0,1.0,2.0,99517.0,6.0,1.0,6.0,1.0,3.0,1.0,68.0,170.0,0.0,0.0,0.0,0.0,0.0,0.0,0.0,0.0,0.0,0.0,0.0,0.0,0.0,0.0,5.0,4.0,40.0,1.0,1.0,2.0,2.0,0.0,0.0,10.0,84.0,1.0,1.0,1.0,13.0,0.0,0.0
2.0,20040.0,1.0,2.0,2.0,16.0,11.0,12.0,4.0,12.0,2.0,1.0,0.0,2.0,1.0,2.0,404.0,2404.0,14.0,2001.0,1J4FF48S61L5,1,J,4,F,F,4,8,S,6,1,L,5,0.0,T,JEEP,SPT,4W,1.0,17.0,nan,1.0,0.0,1014.0,CHK,G,nan,,6,244,,,,,3249,00,E,44,0.0,0.0,000000000,00000000000,0.0,0.0,0.0,1.0,0.0,0.0,0.0,0.0,0.0,0.0,0.0,999.0,0.0,0.0,0.0,12.0,6.0,2.0,12.0,0.0,0.0,0.0,1.0,2.0,99610.0,6.0,1.0,0.0,0.0,3.0,1.0,61.0,140.0,0.0,0.0,0.0,0.0,0.0,0.0,0.0,0.0,0.0,0.0,0.0,0.0,0.0,0.0,1.0,2.0,55.0,1.0,3.0,2.0,4.0,0.0,0.0,1.0,5.0,1.0,4.0,2.0,50.0,1.0,0.0
2.0,20040.0,2.0,2.0,2.0,16.0,11.0,12.0,4.0,12.0,2.0,1.0,0.0,2.0,1.0,7.0,482.0,7482.0,31.0,1999.0,1B7HF13Z1XJ5,1,B,7,H,F,1,3,Z,1,X,J,5,0.0,T,DODG,Q15,4C,99.0,17.0,nan,2.0,1547.0,1387.0,RPC,G,nan,,8,360,,,,B,4956,01,U,44,0.0,0.0,000000000,00000000000,0.0,0.0,0.0,1.0,0.0,0.0,0.0,0.0,0.0,0.0,0.0,999.0,0.0,0.0,0.0,12.0,6.0,2.0,12.0,0.0,0.0,0.0,1.0,2.0,99669.0,6.0,1.0,0.0,0.0,3.0,0.0,69.0,225.0,0.0,0.0,0.0,0.0,2.0,5.0,2010.0,5.0,2011.0,0.0,0.0,0.0,0.0,0.0,1.0,2.0,55.0,1.0,3.0,2.0,4.0,0.0,0.0,1.0,62.0,9.0,1.0,1.0,51.0,0.0,0.0
2.0,20041.0,1.0,1.0,2.0,24.0,11.0,14.0,13.0,14.0,0.0,1.0,0.0,2.0,1.0,7.0,442.0,7442.0,20.0,2007.0,2D4GP44L47R3,2,D,4,G,P,4,4,L,4,7,R,3,0.0,T,DODG,GSX,ES,7.0,17.0,nan,1.0,0.0,1193.0,CAR,G,nan,,6,232,,,,,4252,00,E,42,0.0,0.0,000000000,00000000000,0.0,0.0,0.0,1.0,0.0,0.0,0.0,0.0,0.0,0.0,0.0,999.0,0.0,0.0,0.0,12.0,6.0,2.0,8.0,0.0,0.0,0.0,1.0,2.0,99664.0,6.0,1.0,0.0,0.0,3.0,1.0,69.0,170.0,0.0,0.0,0.0,0.0,0.0,0.0,0.0,0.0,0.0,0.0,87.0,0.0,0.0,0.0,1.0,2.0,65.0,3.0,1.0,2.0,4.0,0.0,0.0,14.0,5.0,9.0,2.0,4.0,11.0,0.0,0.0
2.0,20042.0,1.0,1.0,1.0,22.0,10.0,8.0,48.0,1.0,0.0,1.0,0.0,2.0,2.0,2.0,481.0,2481.0,31.0,1983.0,1JTCM25N8DT0,1,J,T,C,M,2,5,N,8,D,T,0,0.0,T,AMER,J10,PK,83.0,17.0,nan,2.0,1310.0,1190.0,JET,G,nan,,6,258,,,,,00000,00,,44,0.0,0.0,000000000,00000000000,0.0,0.0,0.0,1.0,0.0,0.0,0.0,0.0,0.0,0.0,0.0,999.0,0.0,1.0,5.0,0.0,6.0,2.0,1.0,0.0,0.0,0.0,1.0,2.0,99688.0,6.0,1.0,0.0,0.0,3.0,0.0,75.0,205.0,1.0,0.0,0.0,0.0,5.0,6.0,2011.0,1.0,2012.0,0.0,0.0,0.0,0.0,0.0,1.0,2.0,65.0,1.0,1.0,2.0,1.0,0.0,0.0,1.0,12.0,1.0,1.0,4.0,6.0,1.0,0.0
2.0,20043.0,1.0,1.0,1.0,17.0,10.0,21.0,26.0,11.0,0.0,1.0,0.0,2.0,1.0,37.0,704.0,37704.0,89.0,2003.0,JH2NE030X3M8,J,H,2,N,E,0,3,0,X,3,M,8,0.0,M,HOND,XR4,T,3.0,17.0,nan,nan,nan,nan,,,397.0,,1,,4,260,,,,,,,0.0,0.0,000000000,00000000000,0.0,0.0,0.0,1.0,0.0,0.0,0.0,0.0,0.0,0.0,0.0,999.0,0.0,0.0,0.0,12.0,6.0,2.0,11.0,0.0,0.0,0.0,1.0,2.0,99645.0,2.0,1.0,0.0,0.0,2.0,9.0,67.0,150.0,0.0,1.0,2.0,0.0,0.0,3.0,2011.0,10.0,2011.0,9.0,0.0,0.0,0.0,0.0,1.0,2.0,25.0,1.0,1.0,4.0,11.0,0.0,0.0,1.0,87.0,1.0,1.0,1.0,13.0,1.0,0.0
2.0,20044.0,1.0,2.0,2.0,11.0,6.0,20.0,44.0,12.0,2.0,1.0,0.0,2.0,4.0,20.0,404.0,20404.0,14.0,2011.0,2CNFLCEC3B64,2,C,N,F,L,C,E,C,3,B,6,4,0.0,P,CHEV,EQU,UT,11.0,17.0,3951.0,nan,0.0,1125.0,,G,nan,F,4,146,,,17R225,,,,,,0.0,0.0,000000000,00000000000,0.0,0.0,0.0,1.0,0.0,0.0,0.0,0.0,0.0,0.0,0.0,999.0,0.0,0.0,0.0,12.0,6.0,2.0,12.0,0.0,0.0,0.0,1.0,12.0,33460.0,6.0,1.0,0.0,0.0,3.0,0.0,75.0,999.0,0.0,0.0,0.0,0.0,0.0,0.0,0.0,0.0,0.0,0.0,0.0,0.0,0.0,0.0,1.0,2.0,55.0,1.0,1.0,2.0,1.0,0.0,0.0,1.0,10.0,1.0,1.0,2.0,50.0,0.0,0.0
2.0,20044.0,2.0,2.0,2.0,11.0,6.0,20.0,44.0,12.0,2.0,1.0,0.0,2.0,4.0,35.0,50.0,35050.0,4.0,2012.0,3N1BC1CP7CK2,3,N,1,B,C,1,C,P,7,C,K,2,0.0,P,NISS,VSL,4H,12.0,17.0,2693.0,nan,0.0,1024.0,,G,nan,F,4,110,,,15R185,,,,,,0.0,0.0,000000000,00000000000,0.0,0.0,0.0,1.0,0.0,0.0,0.0,0.0,0.0,0.0,0.0,999.0,0.0,0.0,0.0,12.0,6.0,2.0,12.0,0.0,0.0,0.0,1.0,26.0,49326.0,6.0,1.0,0.0,0.0,3.0,0.0,999.0,999.0,99.0,99.0,99.0,99.0,99.0,99.0,9999.0,99.0,9999.0,0.0,0.0,0.0,0.0,0.0,1.0,2.0,55.0,1.0,1.0,2.0,1.0,0.0,0.0,1.0,62.0,99.0,9.0,1.0,51.0,1.0,0.0
2.0,20045.0,1.0,1.0,2.0,7.0,7.0,17.0,53.0,34.0,0.0,1.0,0.0,2.0,1.0,37.0,709.0,37709.0,89.0,2002.0,1HFSC470X2A1,1,H,F,S,C,4,7,0,X,2,A,1,0.0,M,HOND,GL8,RS,2.0,17.0,nan,nan,nan,nan,,,1832.0,,6,,4,792,,,,,,,0.0,0.0,000000000,00000000000,0.0,0.0,0.0,1.0,0.0,0.0,0.0,0.0,0.0,0.0,0.0,999.0,0.0,0.0,0.0,12.0,6.0,2.0,34.0,0.0,0.0,0.0,1.0,2.0,99709.0,6.0,1.0,6.0,0.0,3.0,0.0,72.0,275.0,0.0,0.0,0.0,0.0,1.0,9.0,2011.0,9.0,2011.0,1.0,0.0,0.0,0.0,0.0,1.0,2.0,50.0,2.0,6.0,2.0,1.0,0.0,0.0,14.0,13.0,4.0,1.0,4.0,1.0,1.0,1.0
2.0,20046.0,1.0,2.0,1.0,25.0,7.0,1.0,21.0,11.0,0.0,1.0,0.0,2.0,2.0,20.0,22.0,20022.0,4.0,2008.0,1G1AL58F7873,1,G,1,A,L,5,8,F,7,8,7,3,0.0,P,CHEV,BLT,4D,8.0,17.0,3216.0,nan,0.0,1033.0,,G,nan,F,4,134,,,15R195,,,,,,0.0,0.0,000000000,00000000000,0.0,0.0,0.0,1.0,0.0,0.0,0.0,0.0,0.0,0.0,0.0,999.0,0.0,0.0,0.0,12.0,6.0,2.0,11.0,0.0,0.0,0.0,1.0,2.0,99760.0,6.0,1.0,0.0,0.0,3.0,1.0,60.0,98.0,1.0,0.0,0.0,1.0,3.0,4.0,2012.0,7.0,2012.0,0.0,0.0,0.0,0.0,0.0,1.0,2.0,65.0,1.0,1.0,2.0,1.0,0.0,0.0,1.0,87.0,2.0,3.0,2.0,13.0,1.0,0.0
2.0,20046.0,2.0,2.0,1.0,25.0,7.0,1.0,21.0,11.0,0.0,1.0,0.0,2.0,2.0,87.0,890.0,87890.0,66.0,1999.0,1XP5DB9X5XD4,1,X,P,5,D,B,9,X,5,X,D,4,2.0,T,PTRB,379,TR,99.0,17.0,nan,8.0,0.0,0.0,CON,D,nan,,6,893,,,,,00000,00,,64,1.0,57.0,019594,57019594,3.0,7.0,11.0,1.0,0.0,0.0,0.0,0.0,0.0,0.0,0.0,999.0,0.0,0.0,0.0,63.0,6.0,2.0,12.0,0.0,0.0,0.0,1.0,2.0,99654.0,6.0,1.0,6.0,1.0,3.0,1.0,68.0,175.0,0.0,0.0,0.0,0.0,0.0,0.0,0.0,0.0,0.0,0.0,0.0,0.0,0.0,0.0,1.0,2.0,65.0,1.0,1.0,2.0,1.0,0.0,0.0,1.0,62.0,7.0,1.0,1.0,98.0,0.0,0.0
2.0,20047.0,1.0,1.0,7.0,31.0,8.0,23.0,32.0,8.0,0.0,1.0,0.0,2.0,2.0,22.0,441.0,22441.0,20.0,1998.0,1GMDX03E0WD2,1,G,M,D,X,0,3,E,0,W,D,2,0.0,T,PONT,TSP,ES,98.0,17.0,nan,1.0,0.0,1200.0,TSP,G,nan,,6,207,,,,B,3920,00,K,42,0.0,0.0,000000000,00000000000,0.0,0.0,0.0,1.0,0.0,0.0,0.0,0.0,0.0,0.0,0.0,999.0,0.0,0.0,0.0,12.0,4.0,3.0,8.0,0.0,0.0,0.0,1.0,2.0,99678.0,6.0,1.0,0.0,0.0,3.0,1.0,62.0,138.0,0.0,0.0,0.0,0.0,0.0,0.0,0.0,0.0,0.0,0.0,0.0,0.0,0.0,0.0,3.0,4.0,45.0,1.0,1.0,2.0,2.0,0.0,0.0,1.0,80.0,2.0,1.0,1.0,13.0,0.0,0.0
2.0,20048.0,1.0,1.0,1.0,11.0,9.0,21.0,19.0,15.0,0.0,1.0,0.0,2.0,1.0,76.0,709.0,76709.0,89.0,2011.0,JYARJ18E4BA0,J,Y,A,R,J,1,8,E,4,B,A,0,0.0,M,YAMA,Z6R,RC,11.0,17.0,nan,nan,nan,nan,,,600.0,,4,,4,467,,,,,,,0.0,0.0,000000000,00000000000,0.0,0.0,0.0,1.0,0.0,0.0,0.0,0.0,0.0,0.0,0.0,45.0,0.0,0.0,0.0,12.0,2.0,3.0,15.0,0.0,0.0,0.0,1.0,2.0,99709.0,6.0,1.0,6.0,0.0,3.0,1.0,70.0,185.0,1.0,0.0,0.0,0.0,2.0,1.0,2010.0,11.0,2010.0,0.0,0.0,0.0,0.0,0.0,1.0,2.0,45.0,1.0,1.0,2.0,1.0,0.0,0.0,1.0,83.0,1.0,1.0,1.0,13.0,0.0,0.0
2.0,20049.0,1.0,1.0,1.0,12.0,9.0,1.0,44.0,8.0,0.0,1.0,0.0,2.0,1.0,12.0,461.0,12461.0,21.0,1994.0,1FBJS31HXRHB,1,F,B,J,S,3,1,H,X,R,H,B,0.0,T,FORD,CS3,ES,94.0,17.0,nan,2.0,0.0,1380.0,CWS,G,nan,,8,351,,,,D,5863,00,A,42,0.0,0.0,000000000,00000000000,0.0,0.0,0.0,1.0,0.0,0.0,0.0,0.0,0.0,0.0,0.0,30.0,0.0,0.0,0.0,12.0,4.0,1.0,8.0,0.0,0.0,0.0,1.0,2.0,99503.0,6.0,1.0,0.0,0.0,3.0,0.0,68.0,230.0,1.0,0.0,0.0,1.0,2.0,4.0,2011.0,9.0,2012.0,0.0,0.0,0.0,0.0,0.0,5.0,5.0,45.0,1.0,1.0,2.0,2.0,0.0,0.0,1.0,80.0,9.0,2.0,1.0,13.0,0.0,0.0
2.0,20050.0,1.0,2.0,1.0,20.0,9.0,8.0,28.0,12.0,2.0,1.0,0.0,2.0,1.0,20.0,16.0,20016.0,2.0,2002.0,1G1JC1241272,1,G,1,J,C,1,2,4,1,2,7,2,0.0,P,CHEV,CAV,CP,2.0,17.0,2617.0,nan,0.0,1041.0,,G,nan,F,4,133,,,14R195,,,,,,0.0,0.0,000000000,00000000000,0.0,0.0,0.0,1.0,0.0,0.0,0.0,0.0,0.0,0.0,0.0,55.0,0.0,0.0,0.0,12.0,6.0,2.0,12.0,0.0,0.0,0.0,1.0,2.0,99709.0,6.0,1.0,6.0,0.0,3.0,0.0,69.0,225.0,0.0,0.0,0.0,0.0,0.0,0.0,0.0,0.0,0.0,0.0,0.0,0.0,0.0,0.0,1.0,3.0,55.0,1.0,6.0,2.0,1.0,0.0,0.0,1.0,10.0,1.0,1.0,2.0,50.0,1.0,0.0