STATE,ST_CASE,VEH_NO,VE_FORMS,NUMOCCS,DAY,MONTH,HOUR,MINUTE,HARM_EV,MAN_COLL,UNITTYPE,HIT_RUN,REG_STAT,OWNER,MAKE,MODEL,MAK_MOD,BODY_TYP,MOD_YEAR,VIN,VIN_1,VIN_2,VIN_3,VIN_4,VIN_5,VIN_6,VIN_7,VIN_8,VIN_9,VIN_10,VIN_11,VIN_12,TOW_VEH,VINTYPE,VINMAKE,VINA_MOD,VIN_BT,VINMODYR,VIN_LNGT,VIN_WGT,WGTCD_TR,WHLBS_LG,WHLBS_SH,SER_TR,FUELCODE,MCYCL_DS,CARBUR,CYLINDER,DISPLACE,MCYCL_CY,MCYCL_WT,TIRE_SZE,TON_RAT,TRK_WT,TRKWTVAR,VIN_REST,WHLDRWHL,J_KNIFE,MCARR_I1,MCARR_I2,MCARR_ID,GVWR,V_CONFIG,CARGO_BT,HAZ_INV,HAZ_PLAC,HAZ_ID,HAZ_CNO,HAZ_REL,BUS_USE,SPEC_USE,EMER_USE,TRAV_SP,UNDERIDE,ROLLOVER,ROLINLOC,IMPACT1,DEFORMED,TOWED,M_HARM,VEH_SC1,VEH_SC2,FIRE_EXP,DR_PRES,L_STATE,DR_ZIP,L_STATUS,L_TYPE,CDL_STAT,L_ENDORS,L_COMPL,L_RESTRI,DR_HGT,DR_WGT,PREV_ACC,PREV_SUS,PREV_DWI,PREV_SPD,PREV_OTH,FIRST_MO,FIRST_YR,LAST_MO,LAST_YR,SPEEDREL,DR_SF1,DR_SF2,DR_SF3,DR_SF4,VTRAFWAY,VNUM_LAN,VSPD_LIM,VALIGN,VPROFILE,VPAVETYP,VSURCOND,VTRAFCON,VTCONT_F,P_CRASH1,P_CRASH2,P_CRASH3,PCRASH4,PCRASH5,ACC_TYPE,DEATHS,DR_DRINK
4.0,40018.0,1.0,1.0,1.0,11.0,1.0,22.0,16.0,8.0,0.0,1.0,1.0,4.0,1.0,35.0,471.0,35471.0,30.0,1997.0,1N6SD16S3VC3,1,N,6,S,D,1,6,S,3,V,C,3,0.0,T,NISS,KSX,PC,97.0,17.0,nan,1.0,0.0,1161.0,TRK,G,nan,,4,146,,,,B,2848,02,M,42,0.0,0.0,000000000,00000000000,0.0,0.0,0.0,1.0,0.0,0.0,0.0,0.0,0.0,0.0,0.0,28.0,0.0,0.0,0.0,12.0,6.0,2.0,8.0,0.0,0.0,0.0,1.0,4.0,85029.0,6.0,1.0,0.0,0.0,3.0,0.0,67.0,170.0,0.0,0.0,0.0,1.0,0.0,5.0,2011.0,5.0,2011.0,0.0,39.0,0.0,0.0,0.0,5.0,5.0,40.0,1.0,1.0,2.0,1.0,2.0,3.0,1.0,80.0,1.0,1.0,1.0,13.0,0.0,1.0
4.0,40019.0,1.0,1.0,1.0,12.0,1.0,18.0,49.0,8.0,0.0,1.0,0.0,4.0,1.0,7.0,482.0,7482.0,31.0,2003.0,3D7KU28603G8,3,D,7,K,U,2,8,6,0,3,G,8,1.0,T,DODG,SQ2,CW,3.0,17.0,nan,2.0,1605.0,1405.0,RPC,D,nan,,6,359,,,,C,5837,07,E,44,1.0,0.0,000000000,00000000000,0.0,0.0,0.0,1.0,0.0,0.0,0.0,0.0,0.0,0.0,0.0,10.0,0.0,0.0,0.0,12.0,2.0,1.0,8.0,0.0,0.0,0.0,1.0,4.0,85546.0,6.0,1.0,6.0,0.0,3.0,3.0,71.0,200.0,0.0,0.0,0.0,1.0,0.0,2.0,2009.0,2.0,2009.0,0.0,38.0,0.0,0.0,0.0,5.0,4.0,35.0,1.0,1.0,2.0,1.0,2.0,3.0,11.0,80.0,1.0,1.0,1.0,13.0,0.0,0.0
4.0,40020.0,1.0,2.0,3.0,15.0,1.0,11.0,23.0,12.0,6.0,1.0,0.0,4.0,1.0,20.0,421.0,20421.0,15.0,1999.0,3GNFK16R7XG1,3,G,N,F,K,1,6,R,7,X,G,1,0.0,P,CHEV,K15,UT,99.0,17.0,5297.0,nan,0.0,1315.0,,G,nan,F,8,350,,,16R245,,,,,,0.0,0.0,000000000,00000000000,0.0,0.0,0.0,1.0,0.0,0.0,0.0,0.0,0.0,0.0,0.0,45.0,0.0,0.0,0.0,61.0,6.0,2.0,12.0,0.0,0.0,0.0,1.0,4.0,85142.0,6.0,1.0,0.0,0.0,3.0,0.0,67.0,145.0,0.0,0.0,0.0,1.0,0.0,7.0,2011.0,7.0,2011.0,0.0,39.0,91.0,0.0,0.0,5.0,6.0,45.0,1.0,1.0,2.0,1.0,2.0,3.0,1.0,17.0,1.0,1.0,1.0,89.0,0.0,0.0
4.0,40020.0,2.0,2.0,2.0,15.0,1.0,11.0,23.0,12.0,6.0,1.0,0.0,4.0,1.0,12.0,481.0,12481.0,31.0,1956.0,F10V6R48087,F,1,0,V,6,R,4,8,0,8,7,,0.0,T,FORD,,,56.0,11.0,nan,nan,nan,nan,,,nan,,,,,,,,,,,,0.0,0.0,000000000,00000000000,0.0,0.0,0.0,1.0,0.0,0.0,0.0,0.0,0.0,0.0,0.0,45.0,0.0,0.0,0.0,12.0,6.0,2.0,12.0,0.0,0.0,0.0,1.0,4.0,85249.0,6.0,1.0,0.0,0.0,3.0,0.0,74.0,180.0,0.0,0.0,0.0,0.0,0.0,0.0,0.0,0.0,0.0,0.0,0.0,0.0,0.0,0.0,5.0,4.0,45.0,1.0,1.0,2.0,1.0,2.0,3.0,1.0,66.0,4.0,2.0,1.0,88.0,1.0,0.0
4.0,40021.0,1.0,2.0,2.0,14.0,1.0,15.0,28.0,12.0,1.0,1.0,0.0,12.0,1.0,20.0,481.0,20481.0,32.0,2006.0,1GCHC23D26F1,1,G,C,H,C,2,3,D,2,6,F,1,0.0,T,CHEV,2CH,CW,6.0,17.0,nan,2.0,1670.0,1530.0,SIL,D,nan,,8,403,,,,C,5594,02,,42,0.0,0.0,000000000,00000000000,0.0,0.0,0.0,1.0,0.0,0.0,0.0,0.0,0.0,0.0,0.0,80.0,0.0,0.0,0.0,12.0,6.0,2.0,12.0,0.0,0.0,0.0,1.0,12.0,33525.0,6.0,1.0,0.0,0.0,3.0,3.0,70.0,999.0,0.0,0.0,0.0,0.0,0.0,0.0,0.0,0.0,0.0,1.0,0.0,0.0,0.0,0.0,2.0,3.0,75.0,1.0,1.0,2.0,1.0,0.0,0.0,1.0,51.0,8.0,1.0,1.0,24.0,1.0,0.0
4.0,40021.0,2.0,2.0,1.0,14.0,1.0,15.0,28.0,12.0,1.0,1.0,0.0,27.0,1.0,82.0,883.0,82883.0,66.0,1993.0,1FUYACYB7PP4,1,F,U,Y,A,C,Y,B,7,P,P,4,1.0,T,FRHT,FLA,TR,93.0,17.0,nan,8.0,0.0,0.0,COE,D,nan,,6,855,,,,,00000,00,,64,1.0,57.0,00070851,5700070851,3.0,6.0,1.0,1.0,0.0,0.0,0.0,0.0,0.0,0.0,0.0,50.0,0.0,0.0,0.0,6.0,4.0,1.0,12.0,0.0,0.0,0.0,1.0,37.0,27615.0,6.0,1.0,6.0,0.0,3.0,0.0,71.0,999.0,0.0,0.0,0.0,0.0,0.0,0.0,0.0,0.0,0.0,0.0,0.0,0.0,0.0,0.0,2.0,3.0,75.0,1.0,1.0,2.0,1.0,0.0,0.0,1.0,53.0,1.0,1.0,1.0,25.0,0.0,0.0
4.0,40022.0,1.0,2.0,1.0,15.0,1.0,13.0,43.0,12.0,6.0,1.0,0.0,4.0,1.0,6.0,52.0,6052.0,6.0,2004.0,3C4FY48B64T2,3,C,4,F,Y,4,8,B,6,4,T,2,0.0,P,CHRY,PTC,SV,4.0,17.0,3026.0,nan,0.0,1030.0,,G,nan,F,4,148,,,15R195,,,,,,0.0,0.0,000000000,00000000000,0.0,0.0,0.0,1.0,0.0,0.0,0.0,0.0,0.0,0.0,0.0,15.0,0.0,0.0,0.0,82.0,6.0,2.0,12.0,0.0,0.0,0.0,1.0,4.0,86413.0,6.0,1.0,0.0,0.0,3.0,3.0,62.0,200.0,0.0,0.0,0.0,0.0,0.0,0.0,0.0,0.0,0.0,0.0,38.0,0.0,0.0,0.0,2.0,2.0,65.0,1.0,1.0,2.0,1.0,0.0,0.0,11.0,15.0,1.0,1.0,1.0,68.0,0.0,0.0
4.0,40022.0,2.0,2.0,2.0,15.0,1.0,13.0,43.0,12.0,6.0,1.0,0.0,4.0,1.0,38.0,402.0,38402.0,14.0,1994.0,4S2CY58V0R43,4,S,2,C,Y,5,8,V,0,R,4,3,0.0,P,ISU,ROD,UT,94.0,17.0,3970.0,nan,0.0,1087.0,,G,nan,F,6,195,,,16R245,,,,,,0.0,0.0,000000000,00000000000,0.0,0.0,0.0,1.0,0.0,0.0,0.0,0.0,0.0,0.0,0.0,65.0,0.0,0.0,0.0,12.0,6.0,2.0,12.0,32.0,0.0,0.0,1.0,4.0,86413.0,6.0,1.0,0.0,0.0,3.0,3.0,62.0,138.0,0.0,0.0,0.0,0.0,0.0,0.0,0.0,0.0,0.0,0.0,0.0,0.0,0.0,0.0,2.0,2.0,65.0,1.0,1.0,2.0,1.0,0.0,0.0,1.0,62.0,2.0,2.0,1.0,69.0,1.0,0.0
4.0,40023.0,1.0,3.0,1.0,15.0,1.0,19.0,29.0,12.0,6.0,1.0,0.0,4.0,1.0,49.0,49.0,49049.0,6.0,2006.0,JTLKT334X641,J,T,L,K,T,3,3,4,X,6,4,1,0.0,P,TOYT,SXB,UT,6.0,17.0,2395.0,nan,0.0,984.0,,G,nan,F,4,092,,,15R185,,,,,,0.0,0.0,000000000,00000000000,0.0,0.0,0.0,1.0,0.0,0.0,0.0,0.0,0.0,0.0,0.0,60.0,0.0,0.0,0.0,3.0,6.0,2.0,12.0,0.0,0.0,0.0,1.0,4.0,85201.0,6.0,1.0,0.0,0.0,3.0,0.0,73.0,300.0,0.0,0.0,0.0,0.0,0.0,0.0,0.0,0.0,0.0,1.0,39.0,0.0,0.0,0.0,5.0,4.0,45.0,1.0,1.0,2.0,1.0,3.0,3.0,1.0,17.0,1.0,1.0,1.0,87.0,1.0,0.0
4.0,40023.0,2.0,3.0,2.0,15.0,1.0,19.0,29.0,12.0,6.0,1.0,0.0,4.0,1.0,20.0,481.0,20481.0,31.0,2001.0,1GCEK19T11E1,1,G,C,E,K,1,9,T,1,1,E,1,0.0,T,CHEV,SK1,4C,1.0,17.0,nan,2.0,1575.0,1435.0,SIL,G,nan,,8,325,,,,B,4776,00,,44,0.0,0.0,000000000,00000000000,0.0,0.0,0.0,1.0,0.0,0.0,0.0,0.0,0.0,0.0,0.0,45.0,0.0,0.0,0.0,12.0,6.0,2.0,12.0,35.0,0.0,0.0,1.0,4.0,85205.0,6.0,1.0,0.0,0.0,3.0,0.0,72.0,250.0,0.0,0.0,0.0,0.0,0.0,0.0,0.0,0.0,0.0,0.0,0.0,0.0,0.0,0.0,5.0,5.0,45.0,1.0,1.0,2.0,1.0,2.0,3.0,1.0,66.0,1.0,1.0,1.0,86.0,0.0,0.0
4.0,40023.0,3.0,3.0,2.0,15.0,1.0,19.0,29.0,12.0,6.0,1.0,0.0,4.0,1.0,59.0,33.0,59033.0,2.0,1995.0,JT8UZ30C4S00,J,T,8,U,Z,3,0,C,4,S,0,0,0.0,P,LEXS,SC4,CP,95.0,17.0,3625.0,nan,0.0,1059.0,,G,nan,F,8,242,,,16R225,,,,,,0.0,0.0,000000000,00000000000,0.0,0.0,0.0,1.0,0.0,0.0,0.0,0.0,0.0,0.0,0.0,0.0,0.0,0.0,0.0,9.0,6.0,2.0,12.0,0.0,0.0,0.0,1.0,4.0,85205.0,6.0,1.0,0.0,0.0,3.0,0.0,76.0,215.0,0.0,0.0,0.0,0.0,0.0,0.0,0.0,0.0,0.0,0.0,0.0,0.0,0.0,0.0,5.0,5.0,45.0,1.0,1.0,2.0,1.0,2.0,3.0,5.0,66.0,1.0,1.0,1.0,98.0,0.0,0.0
4.0,40024.0,1.0,1.0,1.0,16.0,1.0,2.0,12.0,41.0,0.0,1.0,0.0,4.0,1.0,76.0,705.0,76705.0,80.0,2000.0,JYARJ04E4YA0,J,Y,A,R,J,0,4,E,4,Y,A,0,0.0,M,YAMA,R6L,RC,0.0,17.0,nan,nan,nan,nan,,,599.0,,4,,4,370,,,,,,,0.0,0.0,000000000,00000000000,0.0,0.0,0.0,1.0,0.0,0.0,0.0,0.0,0.0,0.0,0.0,65.0,0.0,0.0,0.0,14.0,6.0,2.0,42.0,0.0,0.0,0.0,1.0,4.0,85308.0,6.0,1.0,0.0,0.0,3.0,0.0,71.0,140.0,0.0,0.0,0.0,1.0,0.0,2.0,2010.0,2.0,2010.0,9.0,99.0,99.0,99.0,99.0,6.0,1.0,65.0,3.0,6.0,2.0,2.0,0.0,0.0,14.0,13.0,1.0,1.0,4.0,1.0,1.0,1.0
4.0,40025.0,1.0,1.0,1.0,17.0,1.0,22.0,24.0,8.0,0.0,1.0,0.0,4.0,1.0,35.0,472.0,35472.0,30.0,2000.0,1N6DD21S1YC3,1,N,6,D,D,2,1,S,1,Y,C,3,0.0,T,NISS,FXE,PK,0.0,17.0,nan,1.0,0.0,1043.0,FRT,G,nan,,4,146,,,,B,2902,00,U,42,0.0,0.0,000000000,00000000000,0.0,0.0,0.0,1.0,0.0,0.0,0.0,0.0,0.0,0.0,0.0,65.0,0.0,0.0,0.0,12.0,6.0,2.0,8.0,0.0,0.0,0.0,1.0,4.0,85712.0,6.0,1.0,0.0,0.0,3.0,3.0,69.0,180.0,0.0,0.0,0.0,0.0,0.0,0.0,0.0,0.0,0.0,0.0,0.0,0.0,0.0,0.0,2.0,2.0,65.0,1.0,1.0,2.0,1.0,0.0,0.0,1.0,80.0,2.0,1.0,1.0,13.0,0.0,0.0
4.0,40026.0,1.0,1.0,1.0,18.0,1.0,15.0,44.0,1.0,0.0,1.0,0.0,4.0,1.0,20.0,16.0,20016.0,4.0,2004.0,1G1JC52F6472,1,G,1,J,C,5,2,F,6,4,7,2,0.0,P,CHEV,CAV,4D,4.0,17.0,2676.0,nan,0.0,1041.0,,G,nan,F,4,134,,,14R195,,,,,,0.0,0.0,000000000,00000000000,0.0,0.0,0.0,1.0,0.0,0.0,0.0,0.0,0.0,0.0,0.0,999.0,0.0,1.0,3.0,0.0,6.0,2.0,1.0,0.0,0.0,0.0,1.0,4.0,85210.0,6.0,1.0,0.0,0.0,3.0,3.0,69.0,175.0,0.0,0.0,0.0,0.0,0.0,0.0,0.0,0.0,0.0,1.0,58.0,0.0,0.0,0.0,2.0,2.0,65.0,1.0,1.0,2.0,1.0,0.0,0.0,1.0,9.0,6.0,4.0,9.0,7.0,1.0,0.0
4.0,40027.0,1.0,3.0,1.0,19.0,1.0,17.0,33.0,12.0,8.0,1.0,0.0,4.0,1.0,20.0,421.0,20421.0,15.0,1997.0,1GNEK13R8VJ4,1,G,N,E,K,1,3,R,8,V,J,4,0.0,P,CHEV,KTA,UT,97.0,17.0,5225.0,nan,0.0,1175.0,,G,nan,F,8,350,,,15R235,,,,,,0.0,0.0,000000000,00000000000,0.0,0.0,0.0,1.0,0.0,0.0,0.0,0.0,0.0,0.0,0.0,35.0,0.0,1.0,1.0,12.0,6.0,2.0,12.0,0.0,0.0,0.0,1.0,4.0,85743.0,6.0,1.0,0.0,0.0,3.0,3.0,63.0,110.0,0.0,3.0,0.0,2.0,1.0,12.0,2010.0,8.0,2011.0,0.0,28.0,0.0,0.0,0.0,1.0,2.0,35.0,2.0,3.0,2.0,1.0,0.0,0.0,14.0,10.0,1.0,1.0,2.0,64.0,1.0,0.0
4.0,40027.0,2.0,3.0,3.0,19.0,1.0,17.0,33.0,12.0,8.0,1.0,0.0,4.0,2.0,7.0,881.0,7881.0,61.0,2002.0,3B6MC366X2M2,3,B,6,M,C,3,6,6,X,2,M,2,0.0,T,DODG,350,PK,2.0,17.0,nan,3.0,0.0,0.0,RPC,D,nan,,6,359,,,,D,00000,00,E,42,0.0,99.0,999999999,99999999999,2.0,1.0,3.0,1.0,0.0,0.0,0.0,0.0,0.0,0.0,0.0,35.0,0.0,0.0,0.0,61.0,6.0,2.0,12.0,0.0,0.0,0.0,1.0,4.0,85705.0,0.0,0.0,0.0,0.0,0.0,0.0,73.0,185.0,0.0,1.0,0.0,0.0,0.0,2.0,2009.0,2.0,2009.0,0.0,0.0,0.0,0.0,0.0,1.0,2.0,35.0,3.0,3.0,2.0,1.0,0.0,0.0,14.0,62.0,1.0,1.0,1.0,65.0,0.0,0.0
4.0,40027.0,3.0,3.0,2.0,19.0,1.0,17.0,33.0,12.0,8.0,1.0,0.0,4.0,2.0,49.0,403.0,49403.0,14.0,2003.0,JTEGF21A0300,J,T,E,G,F,2,1,A,0,3,0,0,0.0,P,TOYT,HIG,UT,3.0,17.0,3660.0,nan,0.0,1069.0,,G,nan,F,6,183,,,16R225,,,,,,0.0,0.0,000000000,00000000000,0.0,0.0,0.0,1.0,0.0,0.0,0.0,0.0,0.0,0.0,0.0,35.0,0.0,0.0,0.0,62.0,4.0,1.0,12.0,0.0,0.0,0.0,1.0,4.0,85743.0,6.0,1.0,0.0,0.0,3.0,0.0,69.0,205.0,0.0,0.0,0.0,0.0,1.0,7.0,2009.0,7.0,2009.0,0.0,0.0,0.0,0.0,0.0,1.0,2.0,35.0,3.0,5.0,2.0,1.0,0.0,0.0,14.0,62.0,1.0,1.0,1.0,98.0,0.0,0.0
4.0,40028.0,1.0,1.0,1.0,20.0,1.0,99.0,99.0,25.0,0.0,1.0,0.0,49.0,2.0,35.0,39.0,35039.0,4.0,2004.0,1N4BA41E64C8,1,N,4,B,A,4,1,E,6,4,C,8,0.0,P,NISS,MEL,4D,4.0,17.0,3310.0,nan,0.0,1112.0,,G,nan,F,6,214,,,17R225,,,,,,0.0,0.0,000000000,00000000000,0.0,0.0,0.0,1.0,0.0,0.0,0.0,0.0,0.0,0.0,0.0,55.0,0.0,1.0,5.0,12.0,6.0,2.0,1.0,0.0,0.0,0.0,1.0,49.0,84770.0,2.0,1.0,0.0,0.0,2.0,0.0,65.0,190.0,98.0,1.0,1.0,0.0,1.0,4.0,2010.0,6.0,2011.0,1.0,0.0,0.0,0.0,0.0,3.0,2.0,55.0,2.0,1.0,2.0,1.0,0.0,0.0,14.0,9.0,7.0,9.0,4.0,2.0,1.0,0.0
4.0,40029.0,1.0,1.0,1.0,20.0,1.0,15.0,30.0,38.0,0.0,1.0,0.0,4.0,1.0,37.0,32.0,37032.0,4.0,2009.0,1HGCP26469A1,1,H,G,C,P,2,6,4,6,9,A,1,0.0,P,HOND,LXP,4D,9.0,17.0,3236.0,nan,0.0,1102.0,,G,nan,F,4,146,,,16R215,,,,,,0.0,0.0,000000000,00000000000,0.0,0.0,0.0,1.0,0.0,0.0,0.0,0.0,0.0,0.0,0.0,999.0,0.0,1.0,6.0,12.0,6.0,2.0,34.0,0.0,0.0,0.0,1.0,4.0,85032.0,6.0,1.0,6.0,0.0,3.0,0.0,67.0,152.0,0.0,0.0,0.0,0.0,0.0,0.0,0.0,0.0,0.0,9.0,99.0,99.0,99.0,99.0,3.0,5.0,65.0,3.0,1.0,2.0,1.0,0.0,0.0,14.0,13.0,1.0,1.0,4.0,1.0,1.0,0.0
4.0,40030.0,1.0,1.0,2.0,21.0,1.0,9.0,37.0,1.0,0.0,1.0,0.0,4.0,1.0,2.0,403.0,2403.0,14.0,1997.0,1J4FY19S9VP4,1,J,4,F,Y,1,9,S,9,V,P,4,0.0,T,JEEP,SPW,2W,97.0,17.0,nan,1.0,0.0,934.0,W/T,G,nan,,6,242,,,,,3156,00,E,44,0.0,0.0,000000000,00000000000,0.0,0.0,0.0,1.0,0.0,0.0,0.0,0.0,0.0,0.0,0.0,49.0,0.0,1.0,5.0,0.0,6.0,2.0,42.0,35.0,0.0,0.0,1.0,4.0,85219.0,6.0,1.0,6.0,0.0,3.0,0.0,72.0,185.0,0.0,2.0,0.0,2.0,0.0,9.0,2009.0,8.0,2010.0,0.0,29.0,34.0,0.0,0.0,6.0,1.0,65.0,1.0,5.0,2.0,1.0,40.0,3.0,6.0,9.0,7.0,3.0,4.0,2.0,1.0,0.0
4.0,40031.0,1.0,1.0,1.0,21.0,1.0,15.0,46.0,42.0,0.0,1.0,0.0,4.0,2.0,19.0,3.0,19003.0,4.0,2000.0,1G6KD54YXYU1,1,G,6,K,D,5,4,Y,X,Y,U,1,0.0,P,CADI,DFW,4D,0.0,17.0,4012.0,nan,0.0,1138.0,,G,nan,F,8,279,,,16R225,,,,,,0.0,0.0,000000000,00000000000,0.0,0.0,0.0,1.0,0.0,0.0,0.0,0.0,0.0,0.0,0.0,55.0,0.0,0.0,0.0,12.0,6.0,2.0,42.0,0.0,0.0,0.0,1.0,4.0,85286.0,6.0,1.0,0.0,0.0,3.0,0.0,69.0,160.0,0.0,0.0,0.0,0.0,0.0,0.0,0.0,0.0,0.0,0.0,99.0,99.0,99.0,99.0,1.0,3.0,55.0,1.0,1.0,2.0,1.0,0.0,0.0,1.0,13.0,1.0,1.0,4.0,1.0,1.0,1.0
4.0,40032.0,1.0,1.0,1.0,21.0,1.0,23.0,9.0,9.0,0.0,1.0,0.0,4.0,1.0,35.0,401.0,35401.0,14.0,1991.0,JN8HD17Y6MW0,J,N,8,H,D,1,7,Y,6,M,W,0,0.0,P,NISS,PFI,UT,91.0,17.0,3912.0,nan,0.0,1043.0,,G,nan,F,6,181,,,000000,,,,,,0.0,0.0,000000000,00000000000,0.0,0.0,0.0,1.0,0.0,0.0,0.0,0.0,0.0,0.0,0.0,45.0,0.0,0.0,0.0,12.0,4.0,3.0,9.0,0.0,0.0,0.0,1.0,4.0,85213.0,6.0,1.0,0.0,0.0,3.0,3.0,72.0,245.0,0.0,0.0,0.0,2.0,0.0,8.0,2011.0,10.0,2011.0,0.0,0.0,0.0,0.0,0.0,5.0,4.0,45.0,1.0,1.0,2.0,1.0,2.0,3.0,1.0,83.0,1.0,1.0,1.0,13.0,0.0,0.0
4.0,40033.0,1.0,3.0,1.0,22.0,1.0,16.0,54.0,12.0,8.0,1.0,0.0,6.0,3.0,51.0,881.0,51881.0,66.0,2006.0,4V4NC9TK96N4,4,V,4,N,C,9,T,K,9,6,N,4,1.0,T,VOLV,VNL,TR,6.0,17.0,nan,8.0,0.0,0.0,VVN,D,nan,,6,915,,,,,00000,00,,64,1.0,57.0,439648,57439648,3.0,6.0,1.0,1.0,0.0,0.0,0.0,0.0,0.0,0.0,0.0,70.0,0.0,1.0,6.0,1.0,6.0,2.0,1.0,0.0,0.0,0.0,1.0,5.0,72113.0,6.0,1.0,6.0,0.0,3.0,0.0,74.0,220.0,0.0,1.0,0.0,0.0,0.0,4.0,2010.0,4.0,2010.0,1.0,0.0,0.0,0.0,0.0,2.0,3.0,75.0,1.0,1.0,2.0,1.0,0.0,0.0,1.0,10.0,1.0,1.0,2.0,64.0,0.0,0.0
4.0,40033.0,2.0,3.0,2.0,22.0,1.0,16.0,54.0,12.0,8.0,1.0,0.0,4.0,1.0,19.0,18.0,19018.0,4.0,2003.0,1G6DM57N2301,1,G,6,D,M,5,7,N,2,3,0,1,0.0,P,CADI,C/T,4D,3.0,17.0,3509.0,nan,0.0,1134.0,,G,nan,F,6,194,,,16R225,,,,,,0.0,0.0,000000000,00000000000,0.0,0.0,0.0,1.0,0.0,0.0,0.0,0.0,0.0,0.0,0.0,75.0,0.0,0.0,0.0,81.0,6.0,2.0,12.0,0.0,0.0,0.0,1.0,4.0,85743.0,6.0,1.0,0.0,0.0,3.0,0.0,67.0,130.0,0.0,0.0,0.0,1.0,0.0,9.0,2010.0,9.0,2010.0,0.0,0.0,0.0,0.0,0.0,2.0,3.0,75.0,1.0,1.0,2.0,1.0,0.0,0.0,1.0,62.0,6.0,1.0,3.0,65.0,0.0,0.0
4.0,40033.0,3.0,3.0,2.0,22.0,1.0,16.0,54.0,12.0,8.0,1.0,0.0,4.0,4.0,7.0,25.0,7025.0,5.0,2011.0,1B3CB5HA8BD1,1,B,3,C,B,5,H,A,8,B,D,1,0.0,P,DODG,CHT,4D,11.0,17.0,3012.0,nan,0.0,1037.0,,G,nan,F,4,122,,,18R215,,,,,,0.0,0.0,000000000,00000000000,0.0,0.0,0.0,1.0,0.0,0.0,0.0,0.0,0.0,0.0,0.0,70.0,0.0,1.0,1.0,61.0,6.0,2.0,1.0,0.0,0.0,0.0,1.0,46.0,57702.0,6.0,1.0,0.0,0.0,3.0,3.0,73.0,275.0,0.0,0.0,0.0,1.0,0.0,2.0,2011.0,2.0,2011.0,0.0,0.0,0.0,0.0,0.0,2.0,3.0,75.0,1.0,1.0,2.0,1.0,0.0,0.0,1.0,62.0,1.0,1.0,1.0,98.0,1.0,0.0
4.0,40034.0,1.0,3.0,1.0,23.0,1.0,4.0,17.0,12.0,99.0,1.0,1.0,99.0,9.0,99.0,999.0,99999.0,99.0,9999.0,999999999999,9,9,9,9,9,9,9,9,9,9,9,9,0.0,,,,,nan,nan,nan,nan,nan,nan,,,nan,,,,,,,,,,,,0.0,0.0,000000000,00000000000,0.0,0.0,0.0,1.0,0.0,0.0,0.0,0.0,0.0,0.0,0.0,998.0,0.0,0.0,0.0,99.0,4.0,1.0,12.0,0.0,0.0,0.0,1.0,99.0,99999.0,9.0,9.0,99.0,0.0,9.0,9.0,999.0,999.0,99.0,99.0,99.0,99.0,99.0,99.0,9999.0,99.0,9999.0,0.0,99.0,99.0,99.0,99.0,6.0,2.0,98.0,2.0,1.0,8.0,1.0,21.0,3.0,14.0,9.0,1.0,9.0,7.0,98.0,0.0,0.0
4.0,40034.0,2.0,3.0,1.0,23.0,1.0,4.0,17.0,12.0,99.0,1.0,0.0,4.0,1.0,24.0,3.0,24003.0,6.0,1998.0,1G8ZH8287WZ2,1,G,8,Z,H,8,2,8,7,W,Z,2,0.0,P,STRN,SW1,SW,98.0,17.0,2420.0,nan,0.0,1024.0,,G,nan,F,4,116,,,14R175,,,,,,0.0,0.0,000000000,00000000000,0.0,0.0,0.0,1.0,0.0,0.0,0.0,0.0,0.0,0.0,0.0,65.0,0.0,0.0,0.0,82.0,6.0,2.0,12.0,0.0,0.0,0.0,1.0,4.0,85086.0,6.0,1.0,0.0,0.0,3.0,0.0,68.0,210.0,0.0,0.0,0.0,0.0,0.0,0.0,0.0,0.0,0.0,0.0,0.0,0.0,0.0,0.0,3.0,4.0,65.0,1.0,1.0,2.0,1.0,0.0,0.0,2.0,64.0,1.0,1.0,1.0,98.0,1.0,0.0
4.0,40034.0,3.0,3.0,1.0,23.0,1.0,4.0,17.0,12.0,99.0,1.0,0.0,4.0,3.0,87.0,881.0,87881.0,66.0,2000.0,1XP5DB9XXYD5,1,X,P,5,D,B,9,X,X,Y,D,5,1.0,T,PTRB,379,TR,0.0,17.0,nan,8.0,0.0,0.0,CON,D,nan,,6,893,,,,,00000,00,,64,1.0,57.0,0078279,570078279,3.0,6.0,98.0,1.0,0.0,0.0,0.0,0.0,0.0,0.0,0.0,60.0,0.0,0.0,0.0,12.0,4.0,3.0,12.0,0.0,0.0,0.0,1.0,4.0,86333.0,6.0,1.0,6.0,0.0,3.0,3.0,71.0,200.0,0.0,0.0,0.0,0.0,0.0,0.0,0.0,0.0,0.0,0.0,0.0,0.0,0.0,0.0,3.0,4.0,65.0,1.0,1.0,2.0,1.0,0.0,0.0,1.0,52.0,1.0,1.0,1.0,98.0,0.0,0.0