STATE,ST_CASE,VEH_NO,VE_FORMS,NUMOCCS,DAY,MONTH,HOUR,MINUTE,HARM_EV,MAN_COLL,UNITTYPE,HIT_RUN,REG_STAT,OWNER,MAKE,MODEL,MAK_MOD,BODY_TYP,MOD_YEAR,VIN,VIN_1,VIN_2,VIN_3,VIN_4,VIN_5,VIN_6,VIN_7,VIN_8,VIN_9,VIN_10,VIN_11,VIN_12,TOW_VEH,VINTYPE,VINMAKE,VINA_MOD,VIN_BT,VINMODYR,VIN_LNGT,VIN_WGT,WGTCD_TR,WHLBS_LG,WHLBS_SH,SER_TR,FUELCODE,MCYCL_DS,CARBUR,CYLINDER,DISPLACE,MCYCL_CY,MCYCL_WT,TIRE_SZE,TON_RAT,TRK_WT,TRKWTVAR,VIN_REST,WHLDRWHL,J_KNIFE,MCARR_I1,MCARR_I2,MCARR_ID,GVWR,V_CONFIG,CARGO_BT,HAZ_INV,HAZ_PLAC,HAZ_ID,HAZ_CNO,HAZ_REL,BUS_USE,SPEC_USE,EMER_USE,TRAV_SP,UNDERIDE,ROLLOVER,ROLINLOC,IMPACT1,DEFORMED,TOWED,M_HARM,VEH_SC1,VEH_SC2,FIRE_EXP,DR_PRES,L_STATE,DR_ZIP,L_STATUS,L_TYPE,CDL_STAT,L_ENDORS,L_COMPL,L_RESTRI,DR_HGT,DR_WGT,PREV_ACC,PREV_SUS,PREV_DWI,PREV_SPD,PREV_OTH,FIRST_MO,FIRST_YR,LAST_MO,LAST_YR,SPEEDREL,DR_SF1,DR_SF2,DR_SF3,DR_SF4,VTRAFWAY,VNUM_LAN,VSPD_LIM,VALIGN,VPROFILE,VPAVETYP,VSURCOND,VTRAFCON,VTCONT_F,P_CRASH1,P_CRASH2,P_CRASH3,PCRASH4,PCRASH5,ACC_TYPE,DEATHS,DR_DRINK
4.0,40035.0,1.0,1.0,2.0,24.0,1.0,15.0,56.0,21.0,0.0,1.0,0.0,4.0,2.0,24.0,7.0,24007.0,4.0,2006.0,1G8AJ55F06Z2,1,G,8,A,J,5,5,F,0,6,Z,2,0.0,P,STRN,SI2,4D,6.0,17.0,2802.0,nan,0.0,1035.0,,G,nan,F,4,134,,,15R195,,,,,,0.0,0.0,000000000,00000000000,0.0,0.0,0.0,1.0,0.0,0.0,0.0,0.0,0.0,0.0,0.0,75.0,0.0,1.0,6.0,12.0,6.0,2.0,1.0,0.0,0.0,0.0,1.0,4.0,85338.0,6.0,1.0,0.0,0.0,3.0,0.0,65.0,142.0,0.0,0.0,0.0,0.0,0.0,0.0,0.0,0.0,0.0,0.0,0.0,0.0,0.0,0.0,2.0,2.0,75.0,1.0,1.0,2.0,1.0,0.0,0.0,1.0,8.0,7.0,3.0,4.0,2.0,1.0,0.0
4.0,40036.0,1.0,1.0,2.0,25.0,1.0,13.0,40.0,1.0,0.0,1.0,0.0,18.0,3.0,87.0,881.0,87881.0,66.0,2003.0,1XP7DB9X03D5,1,X,P,7,D,B,9,X,0,3,D,5,2.0,T,PTRB,387,TR,3.0,17.0,nan,8.0,0.0,0.0,CON,D,nan,,6,893,,,,,00000,00,,64,1.0,57.0,265752,57265752,3.0,7.0,1.0,1.0,0.0,0.0,0.0,0.0,0.0,0.0,0.0,75.0,0.0,1.0,5.0,0.0,6.0,2.0,1.0,0.0,0.0,0.0,1.0,4.0,85032.0,6.0,1.0,6.0,0.0,3.0,0.0,69.0,220.0,0.0,3.0,0.0,1.0,0.0,1.0,2009.0,1.0,2010.0,1.0,0.0,0.0,0.0,0.0,2.0,2.0,75.0,1.0,1.0,2.0,1.0,0.0,0.0,1.0,13.0,1.0,1.0,4.0,1.0,1.0,0.0
4.0,40037.0,1.0,4.0,1.0,27.0,1.0,12.0,47.0,12.0,7.0,1.0,0.0,4.0,2.0,12.0,402.0,12402.0,14.0,2002.0,1FMCU04142KC,1,F,M,C,U,0,4,1,4,2,K,C,0.0,P,FORD,SPE,UT,2.0,17.0,3511.0,nan,0.0,1031.0,,G,nan,F,6,181,,,15R225,,,,,,0.0,0.0,000000000,00000000000,0.0,0.0,0.0,1.0,0.0,0.0,0.0,0.0,0.0,0.0,0.0,70.0,0.0,1.0,1.0,61.0,6.0,4.0,1.0,0.0,0.0,0.0,1.0,4.0,85541.0,6.0,1.0,0.0,0.0,3.0,3.0,66.0,140.0,0.0,0.0,0.0,0.0,0.0,0.0,0.0,0.0,0.0,1.0,28.0,84.0,0.0,0.0,2.0,2.0,40.0,1.0,1.0,2.0,1.0,2.0,3.0,15.0,50.0,6.0,1.0,3.0,47.0,1.0,0.0
4.0,40037.0,2.0,4.0,2.0,27.0,1.0,12.0,47.0,12.0,7.0,1.0,0.0,4.0,2.0,12.0,481.0,12481.0,31.0,2005.0,1FTRX14W45NB,1,F,T,R,X,1,4,W,4,5,N,B,0.0,T,FORD,F15,4C,5.0,17.0,nan,2.0,1450.0,1260.0,COF,G,nan,,8,281,,,,B,5363,05,U,44,0.0,0.0,000000000,00000000000,0.0,0.0,0.0,1.0,0.0,0.0,0.0,0.0,0.0,0.0,0.0,0.0,0.0,0.0,0.0,81.0,2.0,1.0,12.0,0.0,0.0,0.0,1.0,4.0,85541.0,6.0,1.0,0.0,0.0,3.0,0.0,62.0,140.0,0.0,0.0,0.0,0.0,0.0,0.0,0.0,0.0,0.0,0.0,0.0,0.0,0.0,0.0,2.0,2.0,40.0,1.0,1.0,2.0,1.0,2.0,3.0,5.0,61.0,1.0,1.0,1.0,45.0,0.0,0.0
4.0,40037.0,3.0,4.0,2.0,27.0,1.0,12.0,47.0,12.0,7.0,1.0,0.0,4.0,2.0,12.0,471.0,12471.0,30.0,1999.0,1FTYR14V0XPA,1,F,T,Y,R,1,4,V,0,X,P,A,0.0,T,FORD,RNS,PC,99.0,17.0,nan,1.0,0.0,1257.0,RNG,F,nan,,6,182,,,,B,00000,00,U,42,0.0,0.0,000000000,00000000000,0.0,0.0,0.0,1.0,0.0,0.0,0.0,0.0,0.0,0.0,0.0,0.0,0.0,0.0,0.0,10.0,2.0,1.0,12.0,0.0,0.0,0.0,1.0,4.0,85541.0,6.0,1.0,0.0,0.0,3.0,0.0,62.0,130.0,0.0,0.0,0.0,0.0,0.0,0.0,0.0,0.0,0.0,0.0,0.0,0.0,0.0,0.0,2.0,2.0,40.0,1.0,1.0,2.0,1.0,2.0,3.0,5.0,53.0,1.0,1.0,1.0,98.0,0.0,0.0
4.0,40037.0,4.0,4.0,3.0,27.0,1.0,12.0,47.0,12.0,7.0,1.0,0.0,4.0,1.0,18.0,7.0,18007.0,4.0,1999.0,2G4WS52M5X15,2,G,4,W,S,5,2,M,5,X,1,5,0.0,P,BUIC,CCU,4D,99.0,17.0,3353.0,nan,0.0,1090.0,,G,nan,F,6,191,,,15R205,,,,,,0.0,0.0,000000000,00000000000,0.0,0.0,0.0,1.0,0.0,0.0,0.0,0.0,0.0,0.0,0.0,15.0,0.0,0.0,0.0,6.0,6.0,2.0,12.0,0.0,0.0,0.0,1.0,4.0,85541.0,6.0,1.0,0.0,0.0,3.0,0.0,66.0,152.0,0.0,0.0,0.0,0.0,0.0,0.0,0.0,0.0,0.0,0.0,0.0,0.0,0.0,0.0,1.0,2.0,40.0,1.0,1.0,2.0,1.0,2.0,3.0,11.0,15.0,1.0,1.0,1.0,98.0,0.0,0.0
4.0,40038.0,1.0,1.0,3.0,29.0,1.0,4.0,45.0,8.0,0.0,1.0,0.0,4.0,1.0,49.0,32.0,49032.0,4.0,2005.0,2T1BR32E95C3,2,T,1,B,R,3,2,E,9,5,C,3,0.0,P,TOYT,UCS,4D,5.0,17.0,2530.0,nan,0.0,1024.0,,G,nan,F,4,109,,,15R185,,,,,,0.0,0.0,000000000,00000000000,0.0,0.0,0.0,1.0,0.0,0.0,0.0,0.0,0.0,0.0,0.0,45.0,0.0,0.0,0.0,12.0,4.0,3.0,8.0,0.0,0.0,0.0,1.0,4.0,85937.0,6.0,1.0,6.0,0.0,3.0,0.0,73.0,260.0,0.0,0.0,0.0,0.0,0.0,0.0,0.0,0.0,0.0,0.0,0.0,0.0,0.0,0.0,1.0,2.0,45.0,1.0,1.0,2.0,1.0,0.0,0.0,1.0,80.0,1.0,1.0,1.0,13.0,0.0,0.0
4.0,40039.0,1.0,2.0,1.0,3.0,1.0,18.0,37.0,12.0,99.0,1.0,0.0,4.0,1.0,35.0,43.0,35043.0,4.0,2004.0,3N1CB51DX4L4,3,N,1,C,B,5,1,D,X,4,L,4,0.0,P,NISS,S18,4D,4.0,17.0,2387.0,nan,0.0,998.0,,G,nan,F,4,108,,,15R195,,,,,,0.0,0.0,000000000,00000000000,0.0,0.0,0.0,1.0,0.0,0.0,0.0,0.0,0.0,0.0,0.0,10.0,0.0,0.0,0.0,99.0,6.0,2.0,12.0,0.0,0.0,0.0,1.0,4.0,85303.0,6.0,1.0,0.0,0.0,3.0,0.0,64.0,190.0,0.0,0.0,0.0,0.0,0.0,0.0,0.0,0.0,0.0,0.0,38.0,0.0,0.0,0.0,5.0,4.0,40.0,1.0,1.0,2.0,1.0,2.0,3.0,11.0,15.0,1.0,1.0,1.0,68.0,0.0,0.0
4.0,40039.0,2.0,2.0,1.0,3.0,1.0,18.0,37.0,12.0,99.0,1.0,0.0,4.0,1.0,99.0,709.0,99709.0,80.0,2010.0,LXDPCNL06A20,L,X,D,P,C,N,L,0,6,A,2,0,0.0,U,,,,10.0,17.0,nan,nan,nan,nan,,,nan,,,,,,,,,,,,0.0,0.0,000000000,00000000000,0.0,0.0,0.0,1.0,0.0,0.0,0.0,0.0,0.0,0.0,0.0,40.0,0.0,0.0,0.0,99.0,6.0,2.0,12.0,0.0,0.0,0.0,1.0,4.0,85301.0,6.0,1.0,0.0,0.0,3.0,0.0,69.0,205.0,0.0,0.0,0.0,0.0,0.0,0.0,0.0,0.0,0.0,0.0,89.0,0.0,0.0,0.0,5.0,4.0,40.0,1.0,1.0,2.0,1.0,2.0,3.0,1.0,62.0,1.0,1.0,1.0,69.0,1.0,0.0
4.0,40040.0,1.0,1.0,1.0,3.0,1.0,99.0,99.0,42.0,0.0,1.0,0.0,4.0,1.0,35.0,472.0,35472.0,30.0,2010.0,1N6AD0EV4AC4,1,N,6,A,D,0,E,V,4,A,C,4,0.0,T,NISS,CEN,CW,10.0,17.0,nan,1.0,0.0,0.0,FRT,G,nan,,6,244,,,,,4216,00,7,44,0.0,0.0,000000000,00000000000,0.0,0.0,0.0,1.0,0.0,0.0,0.0,0.0,0.0,0.0,0.0,998.0,0.0,0.0,0.0,14.0,6.0,2.0,2.0,0.0,0.0,1.0,1.0,4.0,85912.0,6.0,1.0,0.0,0.0,3.0,0.0,75.0,220.0,0.0,0.0,0.0,1.0,0.0,3.0,2009.0,3.0,2009.0,0.0,99.0,99.0,99.0,99.0,1.0,2.0,25.0,1.0,6.0,8.0,11.0,0.0,0.0,99.0,12.0,99.0,9.0,4.0,6.0,1.0,1.0
4.0,40041.0,1.0,1.0,1.0,2.0,1.0,6.0,46.0,8.0,0.0,1.0,0.0,4.0,1.0,63.0,33.0,63033.0,4.0,2009.0,KNAFE2221956,K,N,A,F,E,2,2,2,1,9,5,6,0.0,P,KIA,SXC,4D,9.0,17.0,2701.0,nan,0.0,1028.0,,G,nan,F,4,122,,,15R195,,,,,,0.0,0.0,000000000,00000000000,0.0,0.0,0.0,1.0,0.0,0.0,0.0,0.0,0.0,0.0,0.0,25.0,0.0,0.0,0.0,12.0,2.0,1.0,8.0,0.0,0.0,0.0,1.0,4.0,85053.0,6.0,1.0,0.0,0.0,3.0,0.0,62.0,170.0,0.0,0.0,0.0,0.0,0.0,0.0,0.0,0.0,0.0,0.0,89.0,0.0,0.0,0.0,2.0,3.0,40.0,1.0,1.0,2.0,1.0,0.0,0.0,1.0,80.0,1.0,1.0,1.0,13.0,0.0,0.0
4.0,40042.0,1.0,1.0,1.0,2.0,1.0,2.0,32.0,1.0,0.0,1.0,0.0,4.0,2.0,20.0,37.0,20037.0,4.0,2003.0,1G1NE52J23M6,1,G,1,N,E,5,2,J,2,3,M,6,0.0,P,CHEV,M/L,4D,3.0,17.0,3106.0,nan,0.0,1070.0,,G,nan,F,6,191,,,15R215,,,,,,0.0,0.0,000000000,00000000000,0.0,0.0,0.0,1.0,0.0,0.0,0.0,0.0,0.0,0.0,0.0,998.0,0.0,1.0,5.0,0.0,6.0,2.0,1.0,0.0,0.0,0.0,1.0,4.0,86437.0,6.0,1.0,0.0,0.0,3.0,3.0,72.0,270.0,0.0,0.0,0.0,1.0,0.0,4.0,2010.0,4.0,2010.0,0.0,0.0,0.0,0.0,0.0,1.0,2.0,65.0,1.0,1.0,2.0,1.0,0.0,0.0,1.0,9.0,1.0,9.0,4.0,7.0,1.0,1.0
4.0,40043.0,1.0,2.0,1.0,3.0,1.0,9.0,42.0,12.0,1.0,1.0,0.0,4.0,1.0,37.0,32.0,37032.0,4.0,1987.0,JHMCA5623HC0,J,H,M,C,A,5,6,2,3,H,C,0,0.0,P,HOND,ADX,4D,87.0,17.0,2381.0,nan,0.0,1024.0,,G,nan,2,4,119,,,13R185,,,,,,0.0,0.0,000000000,00000000000,0.0,0.0,0.0,1.0,0.0,0.0,0.0,0.0,0.0,0.0,0.0,35.0,0.0,0.0,0.0,12.0,6.0,2.0,12.0,0.0,0.0,0.0,1.0,4.0,85706.0,6.0,1.0,0.0,0.0,3.0,0.0,72.0,240.0,0.0,0.0,0.0,0.0,0.0,0.0,0.0,0.0,0.0,1.0,0.0,0.0,0.0,0.0,5.0,2.0,35.0,1.0,1.0,2.0,1.0,3.0,3.0,1.0,8.0,1.0,1.0,1.0,20.0,1.0,0.0
4.0,40043.0,2.0,2.0,1.0,3.0,1.0,9.0,42.0,12.0,1.0,1.0,0.0,4.0,1.0,55.0,401.0,55401.0,14.0,2012.0,5XYZK4AG4CG1,5,X,Y,Z,K,4,A,G,4,C,G,1,0.0,P,HYUN,SAN,UT,12.0,17.0,3968.0,nan,0.0,1063.0,,G,nan,F,6,212,,,18R235,,,,,,0.0,0.0,000000000,00000000000,0.0,0.0,0.0,1.0,0.0,0.0,0.0,0.0,0.0,0.0,0.0,0.0,0.0,0.0,0.0,6.0,4.0,1.0,12.0,0.0,0.0,0.0,1.0,4.0,85653.0,6.0,1.0,0.0,0.0,3.0,0.0,72.0,240.0,0.0,0.0,0.0,0.0,0.0,0.0,0.0,0.0,0.0,0.0,0.0,0.0,0.0,0.0,5.0,2.0,35.0,1.0,1.0,2.0,1.0,3.0,3.0,5.0,53.0,1.0,1.0,1.0,21.0,0.0,0.0
4.0,40044.0,1.0,2.0,1.0,3.0,1.0,15.0,27.0,12.0,1.0,1.0,0.0,4.0,1.0,20.0,481.0,20481.0,31.0,2001.0,1GCEC14WX1Z1,1,G,C,E,C,1,4,W,X,1,Z,1,0.0,T,CHEV,SC1,PK,1.0,17.0,nan,2.0,1330.0,1190.0,SIL,G,nan,,6,262,,,,B,4135,00,,42,0.0,0.0,000000000,00000000000,0.0,0.0,0.0,1.0,0.0,0.0,0.0,0.0,0.0,0.0,0.0,998.0,0.0,0.0,0.0,12.0,4.0,3.0,12.0,0.0,0.0,0.0,1.0,4.0,85648.0,6.0,1.0,0.0,0.0,3.0,0.0,70.0,195.0,0.0,1.0,0.0,0.0,0.0,2.0,2010.0,2.0,2010.0,1.0,91.0,0.0,0.0,0.0,2.0,2.0,35.0,2.0,6.0,2.0,1.0,0.0,0.0,14.0,51.0,1.0,1.0,1.0,24.0,0.0,0.0
4.0,40044.0,2.0,2.0,1.0,3.0,1.0,15.0,27.0,12.0,1.0,1.0,0.0,4.0,1.0,35.0,43.0,35043.0,4.0,1998.0,1N4AB41DXWC7,1,N,4,A,B,4,1,D,X,W,C,7,0.0,P,NISS,EXE,4D,98.0,17.0,2353.0,nan,0.0,998.0,,G,nan,F,4,097,,,13R155,,,,,,0.0,0.0,000000000,00000000000,0.0,0.0,0.0,1.0,0.0,0.0,0.0,0.0,0.0,0.0,0.0,998.0,0.0,0.0,0.0,6.0,6.0,2.0,30.0,0.0,0.0,0.0,1.0,4.0,85621.0,6.0,1.0,0.0,0.0,3.0,0.0,62.0,128.0,0.0,0.0,0.0,0.0,0.0,0.0,0.0,0.0,0.0,0.0,0.0,0.0,0.0,0.0,2.0,2.0,35.0,3.0,6.0,2.0,1.0,0.0,0.0,14.0,53.0,1.0,1.0,1.0,25.0,1.0,0.0
4.0,40045.0,1.0,1.0,1.0,5.0,1.0,17.0,50.0,24.0,0.0,1.0,0.0,19.0,1.0,76.0,705.0,76705.0,80.0,2003.0,JYAVM01E13A0,J,Y,A,V,M,0,1,E,1,3,A,0,0.0,M,YAMA,V6A,RS,3.0,17.0,nan,nan,nan,nan,,,649.0,,2,,4,505,,,,,,,0.0,0.0,000000000,00000000000,0.0,0.0,0.0,1.0,0.0,0.0,0.0,0.0,0.0,0.0,0.0,50.0,0.0,0.0,0.0,99.0,6.0,2.0,24.0,0.0,0.0,0.0,1.0,19.0,52302.0,6.0,1.0,0.0,0.0,3.0,0.0,70.0,150.0,1.0,0.0,0.0,0.0,0.0,9.0,2010.0,9.0,2010.0,1.0,0.0,0.0,0.0,0.0,3.0,1.0,35.0,2.0,5.0,2.0,1.0,0.0,0.0,14.0,12.0,1.0,1.0,4.0,6.0,1.0,1.0
4.0,40047.0,1.0,2.0,1.0,12.0,1.0,6.0,25.0,12.0,6.0,1.0,0.0,4.0,2.0,20.0,403.0,20403.0,14.0,2003.0,1GNDT13S7322,1,G,N,D,T,1,3,S,7,3,2,2,0.0,P,CHEV,TRL,UT,3.0,17.0,4600.0,nan,0.0,1130.0,,G,nan,F,6,256,,,16R245,,,,,,0.0,0.0,000000000,00000000000,0.0,0.0,0.0,1.0,0.0,0.0,0.0,0.0,0.0,0.0,0.0,32.0,0.0,0.0,0.0,12.0,6.0,2.0,12.0,0.0,0.0,0.0,1.0,4.0,85023.0,6.0,1.0,0.0,0.0,3.0,0.0,71.0,242.0,0.0,0.0,0.0,0.0,1.0,10.0,2009.0,10.0,2009.0,0.0,39.0,0.0,0.0,0.0,4.0,2.0,35.0,1.0,1.0,2.0,1.0,2.0,3.0,1.0,17.0,1.0,1.0,1.0,86.0,0.0,0.0
4.0,40047.0,2.0,2.0,1.0,12.0,1.0,6.0,25.0,12.0,6.0,1.0,0.0,4.0,1.0,76.0,706.0,76706.0,80.0,2003.0,JYARN10E83A0,J,Y,A,R,N,1,0,E,8,3,A,0,0.0,M,YAMA,YFR,RC,3.0,17.0,nan,nan,nan,nan,,,998.0,,4,,4,382,,,,,,,0.0,0.0,000000000,00000000000,0.0,0.0,0.0,1.0,0.0,0.0,0.0,0.0,0.0,0.0,0.0,26.0,0.0,0.0,0.0,82.0,6.0,2.0,12.0,0.0,0.0,0.0,1.0,4.0,85225.0,6.0,1.0,0.0,0.0,3.0,0.0,70.0,230.0,0.0,0.0,0.0,0.0,0.0,0.0,0.0,0.0,0.0,0.0,0.0,0.0,0.0,0.0,2.0,3.0,40.0,1.0,1.0,2.0,1.0,2.0,3.0,1.0,66.0,1.0,1.0,1.0,87.0,1.0,0.0
4.0,40048.0,1.0,1.0,1.0,13.0,1.0,15.0,1.0,9.0,0.0,1.0,1.0,4.0,1.0,20.0,421.0,20421.0,15.0,1998.0,1GNCS13W0W21,1,G,N,C,S,1,3,W,0,W,2,1,0.0,P,CHEV,BZR,UT,98.0,17.0,3685.0,nan,0.0,1070.0,,G,nan,F,6,262,,,15R235,,,,,,0.0,0.0,000000000,00000000000,0.0,0.0,0.0,1.0,0.0,0.0,0.0,0.0,0.0,0.0,0.0,30.0,0.0,0.0,0.0,12.0,4.0,1.0,9.0,0.0,0.0,0.0,1.0,4.0,85023.0,6.0,1.0,0.0,0.0,3.0,0.0,71.0,165.0,0.0,0.0,0.0,0.0,0.0,0.0,0.0,0.0,0.0,1.0,91.0,0.0,0.0,0.0,2.0,2.0,40.0,1.0,1.0,2.0,1.0,2.0,3.0,1.0,83.0,1.0,1.0,1.0,13.0,0.0,1.0
4.0,40049.0,1.0,2.0,1.0,14.0,1.0,2.0,25.0,8.0,0.0,1.0,1.0,99.0,9.0,99.0,999.0,99999.0,99.0,9999.0,999999999999,9,9,9,9,9,9,9,9,9,9,9,9,0.0,,,,,nan,nan,nan,nan,nan,nan,,,nan,,,,,,,,,,,,0.0,0.0,000000000,00000000000,0.0,0.0,0.0,1.0,0.0,0.0,0.0,0.0,0.0,0.0,0.0,999.0,0.0,0.0,0.0,12.0,9.0,1.0,8.0,0.0,0.0,0.0,1.0,99.0,99999.0,9.0,9.0,99.0,0.0,9.0,9.0,999.0,999.0,99.0,99.0,99.0,99.0,99.0,99.0,9999.0,99.0,9999.0,9.0,99.0,99.0,99.0,99.0,5.0,5.0,40.0,1.0,1.0,2.0,1.0,0.0,0.0,1.0,80.0,99.0,9.0,9.0,13.0,0.0,0.0
4.0,40049.0,2.0,2.0,1.0,14.0,1.0,2.0,25.0,8.0,0.0,1.0,0.0,18.0,3.0,84.0,881.0,84881.0,66.0,1999.0,2HSFPAEN1XC0,2,H,S,F,P,A,E,N,1,X,C,0,0.0,T,INTL,910,TR,99.0,17.0,nan,7.0,1850.0,1400.0,910,D,nan,,6,855,,,,,00000,00,,42,0.0,57.0,121058,57121058,3.0,5.0,96.0,1.0,0.0,0.0,0.0,0.0,0.0,0.0,0.0,30.0,0.0,0.0,0.0,14.0,0.0,1.0,8.0,0.0,0.0,0.0,1.0,4.0,85345.0,6.0,1.0,6.0,0.0,3.0,3.0,73.0,160.0,0.0,0.0,0.0,0.0,0.0,0.0,0.0,0.0,0.0,0.0,0.0,0.0,0.0,0.0,5.0,5.0,40.0,1.0,1.0,2.0,1.0,0.0,0.0,1.0,80.0,6.0,1.0,3.0,98.0,0.0,0.0
4.0,40050.0,1.0,1.0,1.0,14.0,1.0,18.0,0.0,8.0,0.0,1.0,0.0,4.0,1.0,35.0,47.0,35047.0,2.0,2012.0,1N4AL2EP4CC1,1,N,4,A,L,2,E,P,4,C,C,1,0.0,P,NISS,A5S,CP,12.0,17.0,3081.0,nan,0.0,1053.0,,G,nan,F,4,153,,,17R215,,,,,,0.0,0.0,000000000,00000000000,0.0,0.0,0.0,1.0,0.0,0.0,0.0,0.0,0.0,0.0,0.0,998.0,0.0,0.0,0.0,12.0,6.0,2.0,8.0,0.0,0.0,0.0,1.0,4.0,85301.0,6.0,1.0,0.0,0.0,3.0,0.0,68.0,150.0,0.0,7.0,0.0,2.0,4.0,12.0,2009.0,10.0,2011.0,0.0,99.0,99.0,99.0,99.0,5.0,5.0,40.0,1.0,1.0,2.0,1.0,0.0,0.0,1.0,80.0,1.0,1.0,1.0,13.0,0.0,0.0
4.0,40051.0,1.0,2.0,2.0,15.0,1.0,1.0,4.0,33.0,0.0,1.0,0.0,4.0,1.0,7.0,24.0,7024.0,4.0,2008.0,2B3KA43R08H1,2,B,3,K,A,4,3,R,0,8,H,1,0.0,P,DODG,CHA,4D,8.0,17.0,3727.0,nan,0.0,1200.0,,G,nan,F,6,165,,,17R215,,,,,,0.0,0.0,000000000,00000000000,0.0,0.0,0.0,1.0,0.0,0.0,0.0,0.0,0.0,0.0,0.0,998.0,0.0,0.0,0.0,14.0,6.0,2.0,12.0,0.0,0.0,0.0,1.0,4.0,85714.0,6.0,1.0,0.0,0.0,3.0,3.0,71.0,280.0,0.0,0.0,0.0,0.0,0.0,0.0,0.0,0.0,0.0,1.0,51.0,0.0,0.0,0.0,2.0,2.0,98.0,1.0,1.0,2.0,1.0,2.0,3.0,1.0,6.0,1.0,9.0,4.0,2.0,1.0,1.0
4.0,40051.0,2.0,2.0,1.0,15.0,1.0,1.0,4.0,33.0,0.0,1.0,0.0,4.0,1.0,35.0,47.0,35047.0,4.0,2007.0,1N4AL21EX7N4,1,N,4,A,L,2,1,E,X,7,N,4,0.0,P,NISS,ATS,4D,7.0,17.0,3042.0,nan,0.0,1093.0,,G,nan,F,4,153,,,16R215,,,,,,0.0,0.0,000000000,00000000000,0.0,0.0,0.0,1.0,0.0,0.0,0.0,0.0,0.0,0.0,0.0,998.0,0.0,0.0,0.0,12.0,6.0,2.0,12.0,0.0,0.0,0.0,1.0,4.0,85706.0,6.0,1.0,0.0,0.0,3.0,3.0,65.0,150.0,0.0,2.0,1.0,1.0,0.0,4.0,2009.0,11.0,2009.0,0.0,0.0,0.0,0.0,0.0,2.0,2.0,98.0,2.0,1.0,2.0,1.0,0.0,0.0,14.0,54.0,1.0,1.0,1.0,98.0,0.0,1.0
4.0,40052.0,1.0,2.0,1.0,20.0,1.0,15.0,55.0,12.0,6.0,1.0,0.0,4.0,1.0,72.0,706.0,72706.0,80.0,2006.0,1HD1KBW356Y6,1,H,D,1,K,B,W,3,5,6,Y,6,0.0,M,HD,FH2,RS,6.0,17.0,nan,nan,nan,nan,,,1450.0,,2,,4,0000,,,,,,,0.0,0.0,000000000,00000000000,0.0,0.0,0.0,1.0,0.0,0.0,0.0,0.0,0.0,0.0,0.0,41.0,0.0,0.0,0.0,12.0,6.0,2.0,12.0,0.0,0.0,0.0,1.0,4.0,85143.0,1.0,1.0,0.0,0.0,2.0,0.0,67.0,142.0,0.0,5.0,2.0,0.0,0.0,10.0,2010.0,10.0,2011.0,0.0,27.0,0.0,0.0,0.0,2.0,2.0,35.0,1.0,1.0,2.0,1.0,3.0,3.0,15.0,17.0,1.0,1.0,1.0,69.0,1.0,1.0
4.0,40052.0,2.0,2.0,1.0,20.0,1.0,15.0,55.0,12.0,6.0,1.0,0.0,4.0,1.0,12.0,481.0,12481.0,31.0,2003.0,2FTRX17263CA,2,F,T,R,X,1,7,2,6,3,C,A,0.0,T,FORD,F15,4C,3.0,17.0,nan,2.0,1571.0,1385.0,COF,G,nan,,6,256,,,,B,4060,00,U,42,0.0,0.0,000000000,00000000000,0.0,0.0,0.0,1.0,0.0,0.0,0.0,0.0,0.0,0.0,0.0,12.0,0.0,0.0,0.0,4.0,2.0,1.0,12.0,0.0,0.0,0.0,1.0,4.0,85203.0,6.0,1.0,0.0,0.0,3.0,0.0,69.0,195.0,0.0,0.0,0.0,1.0,0.0,8.0,2010.0,8.0,2010.0,0.0,0.0,0.0,0.0,0.0,2.0,2.0,45.0,1.0,1.0,2.0,1.0,3.0,3.0,11.0,66.0,1.0,1.0,1.0,68.0,0.0,0.0
4.0,40053.0,1.0,1.0,1.0,20.0,1.0,15.0,48.0,9.0,0.0,1.0,0.0,4.0,1.0,35.0,47.0,35047.0,4.0,1998.0,1N4DL01D9WC1,1,N,4,D,L,0,1,D,9,W,C,1,0.0,P,NISS,AGS,4D,98.0,17.0,2766.0,nan,0.0,1031.0,,G,nan,F,4,146,,,15R195,,,,,,0.0,0.0,000000000,00000000000,0.0,0.0,0.0,1.0,0.0,0.0,0.0,0.0,0.0,0.0,0.0,43.0,0.0,0.0,0.0,12.0,4.0,3.0,9.0,0.0,0.0,0.0,1.0,4.0,85041.0,6.0,1.0,0.0,0.0,3.0,0.0,61.0,170.0,0.0,0.0,0.0,0.0,0.0,0.0,0.0,0.0,0.0,0.0,0.0,0.0,0.0,0.0,5.0,5.0,40.0,1.0,1.0,2.0,1.0,0.0,0.0,1.0,83.0,1.0,1.0,1.0,13.0,0.0,0.0
4.0,40054.0,1.0,1.0,2.0,22.0,1.0,99.0,99.0,99.0,0.0,1.0,9.0,99.0,9.0,99.0,999.0,99999.0,99.0,9999.0,999999999999,9,9,9,9,9,9,9,9,9,9,9,9,0.0,,,,,nan,nan,nan,nan,nan,nan,,,nan,,,,,,,,,,,,0.0,0.0,000000000,00000000000,0.0,0.0,0.0,1.0,0.0,0.0,0.0,0.0,0.0,0.0,0.0,999.0,0.0,0.0,0.0,99.0,9.0,9.0,99.0,0.0,0.0,0.0,1.0,99.0,99999.0,9.0,9.0,99.0,0.0,9.0,9.0,999.0,999.0,99.0,99.0,99.0,99.0,99.0,99.0,9999.0,99.0,9999.0,9.0,99.0,99.0,99.0,99.0,9.0,9.0,99.0,9.0,9.0,9.0,99.0,0.0,0.0,99.0,99.0,99.0,9.0,9.0,99.0,1.0,0.0