STATE,ST_CASE,VEH_NO,VE_FORMS,NUMOCCS,DAY,MONTH,HOUR,MINUTE,HARM_EV,MAN_COLL,UNITTYPE,HIT_RUN,REG_STAT,OWNER,MAKE,MODEL,MAK_MOD,BODY_TYP,MOD_YEAR,VIN,VIN_1,VIN_2,VIN_3,VIN_4,VIN_5,VIN_6,VIN_7,VIN_8,VIN_9,VIN_10,VIN_11,VIN_12,TOW_VEH,VINTYPE,VINMAKE,VINA_MOD,VIN_BT,VINMODYR,VIN_LNGT,VIN_WGT,WGTCD_TR,WHLBS_LG,WHLBS_SH,SER_TR,FUELCODE,MCYCL_DS,CARBUR,CYLINDER,DISPLACE,MCYCL_CY,MCYCL_WT,TIRE_SZE,TON_RAT,TRK_WT,TRKWTVAR,VIN_REST,WHLDRWHL,J_KNIFE,MCARR_I1,MCARR_I2,MCARR_ID,GVWR,V_CONFIG,CARGO_BT,HAZ_INV,HAZ_PLAC,HAZ_ID,HAZ_CNO,HAZ_REL,BUS_USE,SPEC_USE,EMER_USE,TRAV_SP,UNDERIDE,ROLLOVER,ROLINLOC,IMPACT1,DEFORMED,TOWED,M_HARM,VEH_SC1,VEH_SC2,FIRE_EXP,DR_PRES,L_STATE,DR_ZIP,L_STATUS,L_TYPE,CDL_STAT,L_ENDORS,L_COMPL,L_RESTRI,DR_HGT,DR_WGT,PREV_ACC,PREV_SUS,PREV_DWI,PREV_SPD,PREV_OTH,FIRST_MO,FIRST_YR,LAST_MO,LAST_YR,SPEEDREL,DR_SF1,DR_SF2,DR_SF3,DR_SF4,VTRAFWAY,VNUM_LAN,VSPD_LIM,VALIGN,VPROFILE,VPAVETYP,VSURCOND,VTRAFCON,VTCONT_F,P_CRASH1,P_CRASH2,P_CRASH3,PCRASH4,PCRASH5,ACC_TYPE,DEATHS,DR_DRINK
4.0,40055.0,1.0,2.0,1.0,22.0,1.0,18.0,51.0,12.0,6.0,1.0,1.0,4.0,2.0,34.0,401.0,34401.0,14.0,2001.0,WBAFA53561LM,W,B,A,F,A,5,3,5,6,1,L,M,0.0,P,BMW,BX5,UT,1.0,17.0,4519.0,nan,0.0,1110.0,,G,nan,F,6,182,,,18R235,,,,,,0.0,0.0,000000000,00000000000,0.0,0.0,0.0,1.0,0.0,0.0,0.0,0.0,0.0,0.0,0.0,998.0,0.0,0.0,0.0,12.0,6.0,2.0,12.0,0.0,0.0,0.0,1.0,4.0,85623.0,1.0,1.0,0.0,0.0,2.0,0.0,72.0,180.0,0.0,2.0,0.0,1.0,0.0,10.0,2011.0,10.0,2011.0,0.0,38.0,0.0,0.0,0.0,2.0,3.0,98.0,1.0,1.0,2.0,1.0,3.0,3.0,11.0,15.0,99.0,1.0,1.0,68.0,0.0,0.0
4.0,40055.0,2.0,2.0,1.0,22.0,1.0,18.0,51.0,12.0,6.0,1.0,0.0,4.0,1.0,72.0,706.0,72706.0,80.0,1999.0,1HD1BJL43XY0,1,H,D,1,B,J,L,4,3,X,Y,0,0.0,M,HD,STC,RS,99.0,17.0,nan,nan,nan,nan,,,1340.0,,2,,4,704,,,,,,,0.0,0.0,000000000,00000000000,0.0,0.0,0.0,1.0,0.0,0.0,0.0,0.0,0.0,0.0,0.0,998.0,0.0,0.0,0.0,62.0,6.0,2.0,12.0,0.0,0.0,0.0,1.0,4.0,85716.0,6.0,1.0,0.0,0.0,3.0,0.0,69.0,230.0,0.0,0.0,0.0,0.0,0.0,0.0,0.0,0.0,0.0,0.0,0.0,0.0,0.0,0.0,2.0,3.0,98.0,1.0,1.0,2.0,1.0,3.0,3.0,1.0,62.0,99.0,1.0,1.0,69.0,1.0,1.0
4.0,40056.0,1.0,1.0,1.0,23.0,1.0,1.0,47.0,30.0,0.0,1.0,0.0,4.0,1.0,55.0,33.0,55033.0,4.0,2004.0,KMHWF35H64A9,K,M,H,W,F,3,5,H,6,4,A,9,0.0,P,HYUN,SGX,4D,4.0,17.0,3212.0,nan,0.0,1063.0,,G,nan,F,6,162,,,16R205,,,,,,0.0,0.0,000000000,00000000000,0.0,0.0,0.0,1.0,0.0,0.0,0.0,0.0,0.0,0.0,0.0,106.0,0.0,0.0,0.0,9.0,6.0,2.0,30.0,0.0,0.0,0.0,1.0,4.0,85712.0,1.0,1.0,0.0,0.0,2.0,0.0,68.0,130.0,0.0,2.0,0.0,0.0,1.0,2.0,2009.0,10.0,2010.0,1.0,0.0,0.0,0.0,0.0,2.0,3.0,40.0,4.0,1.0,2.0,1.0,0.0,0.0,14.0,13.0,1.0,9.0,4.0,1.0,1.0,1.0
4.0,40057.0,1.0,2.0,1.0,24.0,1.0,12.0,44.0,12.0,2.0,1.0,0.0,4.0,3.0,85.0,881.0,85881.0,66.0,2001.0,1XKDA08X51J8,1,X,K,D,A,0,8,X,5,1,J,8,1.0,T,KW,T80,TR,1.0,17.0,nan,8.0,2600.0,1600.0,CON,D,nan,,6,661,,,,,00000,00,,42,3.0,57.0,139548,57139548,3.0,6.0,2.0,1.0,0.0,0.0,0.0,0.0,0.0,0.0,0.0,60.0,0.0,1.0,5.0,12.0,6.0,2.0,12.0,0.0,0.0,0.0,1.0,4.0,85710.0,6.0,1.0,6.0,0.0,3.0,3.0,76.0,290.0,0.0,0.0,0.0,0.0,1.0,7.0,2010.0,7.0,2010.0,0.0,28.0,0.0,0.0,0.0,1.0,2.0,55.0,1.0,6.0,2.0,1.0,0.0,0.0,1.0,10.0,1.0,1.0,2.0,50.0,0.0,0.0
4.0,40057.0,2.0,2.0,1.0,24.0,1.0,12.0,44.0,12.0,2.0,1.0,0.0,4.0,1.0,72.0,706.0,72706.0,80.0,2005.0,1HD1CGP175K4,1,H,D,1,C,G,P,1,7,5,K,4,0.0,M,HD,20C,RS,5.0,17.0,nan,nan,nan,nan,,,1199.0,,2,,4,554,,,,,,,0.0,0.0,000000000,00000000000,0.0,0.0,0.0,1.0,0.0,0.0,0.0,0.0,0.0,0.0,0.0,55.0,0.0,0.0,0.0,12.0,6.0,2.0,12.0,0.0,0.0,0.0,1.0,4.0,85501.0,6.0,1.0,0.0,0.0,3.0,3.0,70.0,165.0,0.0,2.0,0.0,0.0,0.0,10.0,2010.0,11.0,2010.0,0.0,0.0,0.0,0.0,0.0,1.0,2.0,55.0,1.0,5.0,2.0,1.0,0.0,0.0,1.0,62.0,4.0,2.0,1.0,51.0,1.0,0.0
4.0,40058.0,1.0,1.0,2.0,26.0,1.0,18.0,35.0,8.0,0.0,1.0,0.0,4.0,2.0,12.0,17.0,12017.0,4.0,1995.0,1FALP52U0SG2,1,F,A,L,P,5,2,U,0,S,G,2,0.0,P,FORD,TGS,4D,95.0,17.0,3118.0,nan,0.0,1060.0,,G,nan,F,6,182,,,15R205,,,,,,0.0,0.0,000000000,00000000000,0.0,0.0,0.0,1.0,0.0,0.0,0.0,0.0,0.0,0.0,0.0,30.0,0.0,0.0,0.0,12.0,6.0,2.0,8.0,0.0,0.0,0.0,1.0,4.0,85013.0,6.0,1.0,0.0,0.0,3.0,0.0,65.0,149.0,0.0,0.0,0.0,0.0,0.0,0.0,0.0,0.0,0.0,0.0,0.0,0.0,0.0,0.0,5.0,4.0,35.0,1.0,1.0,2.0,1.0,0.0,0.0,1.0,80.0,1.0,1.0,1.0,13.0,0.0,0.0
4.0,40059.0,1.0,1.0,1.0,26.0,1.0,19.0,53.0,8.0,0.0,1.0,0.0,4.0,1.0,12.0,471.0,12471.0,30.0,2004.0,1FTYR44U94PA,1,F,T,Y,R,4,4,U,9,4,P,A,0.0,T,FORD,RNS,4C,4.0,17.0,nan,1.0,0.0,1257.0,RNG,G,nan,,6,182,,,,B,3945,00,U,42,0.0,0.0,000000000,00000000000,0.0,0.0,0.0,1.0,0.0,0.0,0.0,0.0,0.0,0.0,0.0,998.0,0.0,0.0,0.0,12.0,4.0,1.0,8.0,0.0,0.0,0.0,1.0,4.0,85737.0,6.0,1.0,0.0,0.0,3.0,3.0,72.0,210.0,0.0,0.0,0.0,0.0,0.0,0.0,0.0,0.0,0.0,0.0,0.0,0.0,0.0,0.0,2.0,3.0,50.0,1.0,1.0,2.0,1.0,2.0,3.0,1.0,80.0,1.0,1.0,1.0,13.0,0.0,0.0
4.0,40060.0,1.0,1.0,1.0,28.0,1.0,10.0,31.0,33.0,0.0,1.0,0.0,4.0,1.0,6.0,43.0,6043.0,4.0,2002.0,1C3EL46R72N2,1,C,3,E,L,4,6,R,7,2,N,2,0.0,P,CHRY,SLX,4D,2.0,17.0,3118.0,nan,0.0,1080.0,,G,nan,F,6,167,,,15R205,,,,,,0.0,0.0,000000000,00000000000,0.0,0.0,0.0,1.0,0.0,0.0,0.0,0.0,0.0,0.0,0.0,62.0,0.0,0.0,0.0,14.0,6.0,2.0,42.0,0.0,0.0,0.0,1.0,4.0,85043.0,0.0,0.0,0.0,0.0,0.0,0.0,999.0,999.0,0.0,0.0,0.0,1.0,0.0,2.0,2011.0,2.0,2011.0,1.0,0.0,0.0,0.0,0.0,2.0,3.0,45.0,1.0,1.0,2.0,1.0,0.0,0.0,1.0,6.0,1.0,4.0,4.0,7.0,1.0,0.0
4.0,40061.0,1.0,1.0,2.0,28.0,1.0,20.0,1.0,8.0,0.0,1.0,0.0,48.0,2.0,18.0,2.0,18002.0,4.0,2003.0,1G4HP52K63U2,1,G,4,H,P,5,2,K,6,3,U,2,0.0,P,BUIC,LCF,4D,3.0,17.0,3567.0,nan,0.0,1122.0,,G,nan,F,6,231,,,15R215,,,,,,0.0,0.0,000000000,00000000000,0.0,0.0,0.0,1.0,0.0,0.0,0.0,0.0,0.0,0.0,0.0,998.0,0.0,0.0,0.0,12.0,6.0,2.0,8.0,0.0,0.0,0.0,1.0,48.0,78639.0,6.0,1.0,0.0,0.0,3.0,0.0,999.0,999.0,0.0,0.0,0.0,1.0,0.0,1.0,2012.0,1.0,2012.0,0.0,0.0,0.0,0.0,0.0,5.0,4.0,45.0,1.0,1.0,2.0,1.0,0.0,0.0,1.0,80.0,4.0,1.0,1.0,13.0,0.0,0.0
4.0,40062.0,1.0,2.0,3.0,29.0,1.0,18.0,36.0,12.0,6.0,1.0,0.0,4.0,2.0,35.0,473.0,35473.0,31.0,2005.0,1N6AA07A05N5,1,N,6,A,A,0,7,A,0,5,N,5,0.0,T,NISS,TXS,CW,5.0,17.0,nan,2.0,0.0,1398.0,TTN,G,nan,,8,342,,,,C,4875,03,E,42,0.0,0.0,000000000,00000000000,0.0,0.0,0.0,1.0,0.0,0.0,0.0,0.0,0.0,0.0,0.0,10.0,0.0,0.0,0.0,7.0,6.0,9.0,12.0,0.0,0.0,0.0,1.0,4.0,85306.0,6.0,1.0,0.0,0.0,3.0,0.0,67.0,257.0,0.0,0.0,0.0,0.0,0.0,0.0,0.0,0.0,0.0,0.0,38.0,0.0,0.0,0.0,1.0,2.0,25.0,1.0,1.0,2.0,1.0,20.0,3.0,11.0,19.0,1.0,1.0,1.0,82.0,0.0,0.0
4.0,40062.0,2.0,2.0,2.0,29.0,1.0,18.0,36.0,12.0,6.0,1.0,0.0,92.0,0.0,72.0,706.0,72706.0,80.0,1999.0,1HD1FCW14XY6,1,H,D,1,F,C,W,1,4,X,Y,6,0.0,M,HD,FLU,RS,99.0,17.0,nan,nan,nan,nan,,,1450.0,,2,,4,788,,,,,,,0.0,0.0,000000000,00000000000,0.0,0.0,0.0,1.0,0.0,0.0,0.0,0.0,0.0,0.0,0.0,51.0,0.0,0.0,0.0,12.0,6.0,2.0,12.0,0.0,0.0,0.0,1.0,4.0,85306.0,6.0,1.0,6.0,0.0,3.0,0.0,72.0,220.0,0.0,3.0,0.0,1.0,1.0,6.0,2009.0,12.0,2010.0,0.0,0.0,0.0,0.0,0.0,2.0,3.0,45.0,1.0,1.0,2.0,1.0,0.0,0.0,1.0,68.0,3.0,2.0,3.0,83.0,1.0,0.0
4.0,40063.0,1.0,1.0,1.0,30.0,1.0,18.0,48.0,8.0,0.0,1.0,0.0,4.0,1.0,20.0,471.0,20471.0,30.0,2001.0,1GCCS19W1182,1,G,C,C,S,1,9,W,1,1,8,2,0.0,T,CHEV,S14,PC,1.0,17.0,nan,1.0,0.0,1229.0,S,G,nan,,6,262,,,,B,00000,00,,42,0.0,0.0,000000000,00000000000,0.0,0.0,0.0,1.0,0.0,0.0,0.0,0.0,0.0,0.0,0.0,39.0,0.0,0.0,0.0,12.0,2.0,1.0,8.0,0.0,0.0,0.0,1.0,4.0,85204.0,6.0,1.0,0.0,0.0,3.0,0.0,68.0,130.0,0.0,0.0,0.0,0.0,0.0,0.0,0.0,0.0,0.0,0.0,0.0,0.0,0.0,0.0,5.0,5.0,45.0,1.0,1.0,2.0,1.0,0.0,0.0,1.0,80.0,1.0,1.0,1.0,13.0,0.0,0.0
4.0,40064.0,1.0,1.0,2.0,31.0,1.0,23.0,27.0,8.0,0.0,1.0,0.0,6.0,3.0,82.0,881.0,82881.0,66.0,2006.0,1FUJA6CK96PV,1,F,U,J,A,6,C,K,9,6,P,V,1.0,T,FRHT,COL,TR,6.0,17.0,nan,8.0,0.0,0.0,CON,D,nan,,6,855,,,,,00000,00,,64,1.0,57.0,1619226,571619226,3.0,6.0,1.0,1.0,0.0,0.0,0.0,0.0,0.0,0.0,0.0,65.0,0.0,0.0,0.0,12.0,2.0,1.0,8.0,0.0,0.0,0.0,1.0,6.0,93630.0,6.0,1.0,6.0,0.0,3.0,0.0,71.0,180.0,0.0,0.0,0.0,0.0,1.0,7.0,2009.0,7.0,2009.0,0.0,0.0,0.0,0.0,0.0,2.0,2.0,75.0,1.0,1.0,2.0,1.0,0.0,0.0,1.0,80.0,9.0,1.0,2.0,13.0,0.0,0.0
4.0,40065.0,1.0,1.0,1.0,2.0,2.0,12.0,56.0,1.0,0.0,1.0,0.0,6.0,2.0,12.0,37.0,12037.0,4.0,2004.0,1FAFP34Z24W1,1,F,A,F,P,3,4,Z,2,4,W,1,0.0,P,FORD,FSP,4D,4.0,17.0,2604.0,nan,0.0,1030.0,,G,nan,F,4,140,,,15R195,,,,,,0.0,0.0,000000000,00000000000,0.0,0.0,0.0,1.0,0.0,0.0,0.0,0.0,0.0,0.0,0.0,45.0,0.0,1.0,9.0,0.0,6.0,2.0,1.0,0.0,0.0,0.0,1.0,6.0,92399.0,6.0,1.0,0.0,0.0,3.0,3.0,65.0,180.0,0.0,0.0,0.0,0.0,1.0,9.0,2009.0,9.0,2009.0,1.0,0.0,0.0,0.0,0.0,1.0,2.0,98.0,1.0,5.0,5.0,1.0,0.0,0.0,1.0,9.0,6.0,4.0,4.0,7.0,1.0,0.0
4.0,40066.0,1.0,1.0,1.0,2.0,2.0,16.0,4.0,43.0,0.0,1.0,0.0,4.0,1.0,12.0,481.0,12481.0,31.0,1991.0,1FTEF15N1MKA,1,F,T,E,F,1,5,N,1,M,K,A,0.0,T,FORD,F15,PK,91.0,17.0,nan,2.0,1330.0,1170.0,COF,G,nan,,8,302,,,,B,3535,01,A,42,0.0,0.0,000000000,00000000000,0.0,0.0,0.0,1.0,0.0,0.0,0.0,0.0,0.0,0.0,0.0,50.0,0.0,1.0,5.0,12.0,6.0,2.0,1.0,0.0,0.0,0.0,1.0,4.0,86337.0,6.0,1.0,0.0,0.0,3.0,0.0,73.0,160.0,0.0,0.0,0.0,0.0,0.0,0.0,0.0,0.0,0.0,1.0,0.0,0.0,0.0,0.0,1.0,2.0,35.0,3.0,1.0,2.0,1.0,0.0,0.0,14.0,13.0,1.0,1.0,4.0,1.0,1.0,1.0
4.0,40067.0,1.0,1.0,2.0,2.0,2.0,19.0,51.0,8.0,0.0,1.0,0.0,4.0,2.0,37.0,402.0,37402.0,14.0,2011.0,JHLRE4H7XBC0,J,H,L,R,E,4,H,7,X,B,C,0,0.0,P,HOND,CRV,UT,11.0,17.0,3554.0,nan,0.0,1031.0,,G,nan,F,4,146,,,17R225,,,,,,0.0,0.0,000000000,00000000000,0.0,0.0,0.0,1.0,0.0,0.0,0.0,0.0,0.0,0.0,0.0,45.0,0.0,0.0,0.0,12.0,6.0,2.0,8.0,0.0,0.0,0.0,1.0,4.0,85718.0,6.0,1.0,0.0,0.0,3.0,3.0,69.0,122.0,0.0,0.0,0.0,0.0,0.0,0.0,0.0,0.0,0.0,0.0,0.0,0.0,0.0,0.0,2.0,3.0,45.0,1.0,1.0,2.0,1.0,0.0,0.0,1.0,80.0,2.0,1.0,1.0,13.0,0.0,0.0
4.0,40068.0,1.0,3.0,1.0,3.0,2.0,1.0,56.0,12.0,6.0,1.0,0.0,4.0,2.0,63.0,32.0,63032.0,4.0,2003.0,KNADC1254362,K,N,A,D,C,1,2,5,4,3,6,2,0.0,P,KIA,RIO,4D,3.0,17.0,2403.0,nan,0.0,949.0,,G,nan,F,4,097,,,14R175,,,,,,0.0,0.0,000000000,00000000000,0.0,0.0,0.0,1.0,0.0,0.0,0.0,0.0,0.0,0.0,0.0,998.0,0.0,0.0,0.0,63.0,6.0,2.0,12.0,0.0,0.0,0.0,1.0,4.0,85042.0,6.0,1.0,0.0,0.0,3.0,3.0,68.0,200.0,0.0,0.0,0.0,0.0,0.0,0.0,0.0,0.0,0.0,1.0,27.0,0.0,0.0,0.0,3.0,6.0,65.0,1.0,1.0,1.0,1.0,0.0,0.0,15.0,10.0,1.0,1.0,2.0,47.0,1.0,1.0
4.0,40068.0,2.0,3.0,1.0,3.0,2.0,1.0,56.0,12.0,6.0,1.0,0.0,4.0,1.0,19.0,14.0,19014.0,4.0,1998.0,1G6KY5492WU9,1,G,6,K,Y,5,4,9,2,W,U,9,0.0,P,CADI,STS,4D,98.0,17.0,3922.0,nan,0.0,1122.0,,G,nan,F,8,279,,,16R235,,,,,,0.0,0.0,000000000,00000000000,0.0,0.0,0.0,1.0,0.0,0.0,0.0,0.0,0.0,0.0,0.0,998.0,0.0,0.0,0.0,12.0,6.0,2.0,12.0,0.0,0.0,0.0,1.0,4.0,85035.0,6.0,1.0,0.0,0.0,3.0,0.0,71.0,155.0,0.0,1.0,0.0,0.0,0.0,11.0,2009.0,11.0,2009.0,0.0,0.0,0.0,0.0,0.0,3.0,6.0,65.0,1.0,1.0,1.0,1.0,0.0,0.0,1.0,50.0,1.0,1.0,1.0,98.0,0.0,0.0
4.0,40068.0,3.0,3.0,1.0,3.0,2.0,1.0,56.0,12.0,6.0,1.0,0.0,4.0,3.0,85.0,881.0,85881.0,66.0,2012.0,1XKDDP9X4CJ3,1,X,K,D,D,P,9,X,4,C,J,3,1.0,T,KW,T80,TR,12.0,17.0,nan,8.0,2600.0,1600.0,CON,D,nan,,6,787,,,,,00000,00,,64,1.0,57.0,139548,57139548,3.0,6.0,2.0,2.0,2.0,1803.0,8.0,1.0,0.0,0.0,0.0,998.0,0.0,0.0,0.0,12.0,4.0,1.0,12.0,0.0,0.0,0.0,1.0,4.0,85029.0,6.0,1.0,6.0,1.0,3.0,0.0,74.0,230.0,0.0,3.0,0.0,0.0,1.0,7.0,2009.0,12.0,2009.0,0.0,0.0,0.0,0.0,0.0,3.0,6.0,65.0,1.0,1.0,1.0,1.0,0.0,0.0,1.0,61.0,1.0,1.0,1.0,45.0,0.0,0.0
4.0,40069.0,1.0,1.0,1.0,3.0,2.0,14.0,24.0,1.0,0.0,1.0,0.0,8.0,1.0,2.0,404.0,2404.0,14.0,2001.0,1J4GW58N41C5,1,J,4,G,W,5,8,N,4,1,C,5,0.0,T,JEEP,LMT,4W,1.0,17.0,nan,1.0,0.0,1059.0,GCK,G,nan,,8,287,,,,,3959,01,E,44,0.0,0.0,000000000,00000000000,0.0,0.0,0.0,1.0,0.0,0.0,0.0,0.0,0.0,0.0,0.0,998.0,0.0,1.0,3.0,0.0,6.0,2.0,1.0,0.0,0.0,0.0,1.0,8.0,80908.0,6.0,1.0,0.0,0.0,3.0,3.0,64.0,195.0,1.0,0.0,0.0,0.0,0.0,11.0,2009.0,11.0,2009.0,0.0,0.0,0.0,0.0,0.0,3.0,2.0,75.0,3.0,6.0,2.0,1.0,0.0,0.0,14.0,9.0,6.0,3.0,4.0,7.0,1.0,0.0
4.0,40070.0,1.0,1.0,1.0,3.0,2.0,18.0,41.0,8.0,0.0,1.0,1.0,99.0,9.0,52.0,37.0,52037.0,9.0,9999.0,999999999999,9,9,9,9,9,9,9,9,9,9,9,9,0.0,,,,,nan,nan,nan,nan,nan,nan,,,nan,,,,,,,,,,,,0.0,0.0,000000000,00000000000,0.0,0.0,0.0,1.0,0.0,0.0,0.0,0.0,0.0,0.0,0.0,20.0,0.0,0.0,0.0,12.0,2.0,1.0,8.0,0.0,0.0,0.0,1.0,99.0,99999.0,9.0,9.0,99.0,0.0,9.0,9.0,999.0,999.0,99.0,99.0,99.0,99.0,99.0,99.0,9999.0,99.0,9999.0,0.0,38.0,0.0,0.0,0.0,5.0,4.0,30.0,1.0,1.0,2.0,1.0,40.0,3.0,6.0,50.0,6.0,1.0,2.0,13.0,0.0,0.0
4.0,40071.0,1.0,1.0,1.0,4.0,2.0,16.0,27.0,1.0,0.0,1.0,0.0,4.0,1.0,72.0,706.0,72706.0,80.0,1986.0,1HD1DGL15GY5,1,H,D,1,D,G,L,1,5,G,Y,5,0.0,M,HD,FSH,RS,86.0,17.0,nan,nan,nan,nan,,,1340.0,,2,,4,900,,,,,,,0.0,0.0,000000000,00000000000,0.0,0.0,0.0,1.0,0.0,0.0,0.0,0.0,0.0,0.0,0.0,19.0,0.0,0.0,0.0,0.0,6.0,2.0,5.0,0.0,0.0,0.0,1.0,4.0,85016.0,6.0,1.0,0.0,0.0,3.0,0.0,70.0,190.0,0.0,0.0,0.0,0.0,0.0,0.0,0.0,0.0,0.0,0.0,0.0,0.0,0.0,0.0,5.0,4.0,40.0,2.0,1.0,2.0,1.0,0.0,0.0,14.0,13.0,6.0,1.0,6.0,98.0,1.0,1.0
4.0,40072.0,1.0,1.0,4.0,4.0,2.0,22.0,5.0,33.0,0.0,1.0,0.0,4.0,2.0,20.0,421.0,20421.0,15.0,2001.0,1GNEC13T51R1,1,G,N,E,C,1,3,T,5,1,R,1,0.0,P,CHEV,CTA,UT,1.0,17.0,4828.0,nan,0.0,1160.0,,G,nan,F,8,325,,,16R245,,,,,,0.0,0.0,000000000,00000000000,0.0,0.0,0.0,1.0,0.0,0.0,0.0,0.0,0.0,0.0,0.0,59.0,0.0,1.0,5.0,14.0,6.0,2.0,46.0,0.0,0.0,0.0,1.0,4.0,85033.0,0.0,0.0,0.0,0.0,0.0,0.0,68.0,195.0,0.0,0.0,0.0,0.0,1.0,10.0,2009.0,10.0,2009.0,1.0,37.0,0.0,0.0,0.0,2.0,2.0,45.0,1.0,1.0,1.0,1.0,2.0,3.0,1.0,6.0,1.0,4.0,4.0,2.0,2.0,1.0
4.0,40073.0,1.0,4.0,1.0,8.0,2.0,18.0,8.0,12.0,1.0,1.0,0.0,4.0,1.0,73.0,706.0,73706.0,80.0,2005.0,JKBVNCA165B5,J,K,B,V,N,C,A,1,6,5,B,5,0.0,M,KAWK,VN8,RS,5.0,17.0,nan,nan,nan,nan,,,805.0,,2,,4,500,,,,,,,0.0,0.0,000000000,00000000000,0.0,0.0,0.0,1.0,0.0,0.0,0.0,0.0,0.0,0.0,0.0,73.0,0.0,0.0,0.0,12.0,6.0,2.0,1.0,0.0,0.0,0.0,1.0,4.0,85308.0,6.0,1.0,0.0,0.0,3.0,3.0,70.0,210.0,0.0,0.0,0.0,0.0,0.0,0.0,0.0,0.0,0.0,1.0,27.0,0.0,0.0,0.0,3.0,4.0,55.0,2.0,6.0,2.0,1.0,0.0,0.0,15.0,10.0,7.0,1.0,2.0,24.0,1.0,0.0
4.0,40073.0,2.0,4.0,4.0,8.0,2.0,18.0,8.0,12.0,1.0,1.0,0.0,4.0,1.0,35.0,51.0,35051.0,6.0,2008.0,JN8AS58T78W0,J,N,8,A,S,5,8,T,7,8,W,0,0.0,P,NISS,ROG,UT,8.0,17.0,3267.0,nan,0.0,1059.0,,G,nan,F,4,153,,,16R215,,,,,,0.0,0.0,000000000,00000000000,0.0,0.0,0.0,1.0,0.0,0.0,0.0,0.0,0.0,0.0,0.0,60.0,0.0,0.0,0.0,6.0,2.0,1.0,12.0,0.0,0.0,0.0,1.0,9.0,6105.0,6.0,1.0,0.0,0.0,3.0,0.0,66.0,999.0,98.0,0.0,0.0,0.0,0.0,0.0,0.0,0.0,0.0,0.0,0.0,0.0,0.0,0.0,3.0,4.0,55.0,2.0,6.0,2.0,1.0,0.0,0.0,14.0,60.0,1.0,1.0,1.0,25.0,0.0,0.0
4.0,40073.0,3.0,4.0,1.0,8.0,2.0,18.0,8.0,12.0,1.0,1.0,0.0,4.0,1.0,49.0,402.0,49402.0,14.0,1999.0,JT3HP10V0X71,J,T,3,H,P,1,0,V,0,X,7,1,0.0,P,TOYT,RV4,UT,99.0,17.0,2762.0,nan,0.0,949.0,,G,nan,F,4,122,,,16R215,,,,,,0.0,0.0,000000000,00000000000,0.0,0.0,0.0,1.0,0.0,0.0,0.0,0.0,0.0,0.0,0.0,60.0,0.0,0.0,0.0,14.0,2.0,1.0,12.0,0.0,0.0,0.0,1.0,4.0,85029.0,6.0,1.0,0.0,0.0,3.0,0.0,67.0,137.0,0.0,0.0,0.0,0.0,0.0,0.0,0.0,0.0,0.0,0.0,0.0,0.0,0.0,0.0,3.0,4.0,55.0,2.0,1.0,2.0,1.0,0.0,0.0,14.0,90.0,3.0,2.0,1.0,98.0,0.0,0.0
4.0,40073.0,4.0,4.0,4.0,8.0,2.0,18.0,8.0,12.0,1.0,1.0,0.0,4.0,1.0,12.0,481.0,12481.0,31.0,2000.0,1FTRX17W6YKA,1,F,T,R,X,1,7,W,6,Y,K,A,0.0,T,FORD,F15,4C,0.0,17.0,nan,2.0,1571.0,1385.0,COF,G,nan,,8,281,,,,B,4204,05,U,42,0.0,0.0,000000000,00000000000,0.0,0.0,0.0,1.0,0.0,0.0,0.0,0.0,0.0,0.0,0.0,60.0,0.0,0.0,0.0,14.0,2.0,3.0,12.0,0.0,0.0,0.0,1.0,4.0,85029.0,6.0,1.0,0.0,0.0,3.0,3.0,65.0,120.0,0.0,0.0,0.0,0.0,0.0,0.0,0.0,0.0,0.0,0.0,0.0,0.0,0.0,0.0,3.0,4.0,55.0,2.0,6.0,2.0,1.0,0.0,0.0,14.0,90.0,3.0,2.0,1.0,98.0,0.0,0.0
4.0,40074.0,1.0,1.0,1.0,10.0,2.0,1.0,16.0,18.0,0.0,1.0,0.0,4.0,1.0,12.0,3.0,12003.0,2.0,2007.0,1ZVHT82H6753,1,Z,V,H,T,8,2,H,6,7,5,3,0.0,P,FORD,MGT,CP,7.0,17.0,3356.0,nan,0.0,1071.0,,G,nan,F,8,281,,,17R235,,,,,,0.0,0.0,000000000,00000000000,0.0,0.0,0.0,1.0,0.0,0.0,0.0,0.0,0.0,0.0,0.0,71.0,0.0,1.0,5.0,99.0,6.0,2.0,1.0,0.0,0.0,0.0,1.0,4.0,85355.0,6.0,1.0,0.0,0.0,3.0,0.0,69.0,165.0,0.0,0.0,0.0,1.0,1.0,4.0,2011.0,7.0,2011.0,1.0,0.0,0.0,0.0,0.0,1.0,2.0,45.0,1.0,1.0,2.0,1.0,0.0,0.0,1.0,9.0,7.0,3.0,4.0,2.0,1.0,1.0