STATE,ST_CASE,VEH_NO,VE_FORMS,NUMOCCS,DAY,MONTH,HOUR,MINUTE,HARM_EV,MAN_COLL,UNITTYPE,HIT_RUN,REG_STAT,OWNER,MAKE,MODEL,MAK_MOD,BODY_TYP,MOD_YEAR,VIN,VIN_1,VIN_2,VIN_3,VIN_4,VIN_5,VIN_6,VIN_7,VIN_8,VIN_9,VIN_10,VIN_11,VIN_12,TOW_VEH,VINTYPE,VINMAKE,VINA_MOD,VIN_BT,VINMODYR,VIN_LNGT,VIN_WGT,WGTCD_TR,WHLBS_LG,WHLBS_SH,SER_TR,FUELCODE,MCYCL_DS,CARBUR,CYLINDER,DISPLACE,MCYCL_CY,MCYCL_WT,TIRE_SZE,TON_RAT,TRK_WT,TRKWTVAR,VIN_REST,WHLDRWHL,J_KNIFE,MCARR_I1,MCARR_I2,MCARR_ID,GVWR,V_CONFIG,CARGO_BT,HAZ_INV,HAZ_PLAC,HAZ_ID,HAZ_CNO,HAZ_REL,BUS_USE,SPEC_USE,EMER_USE,TRAV_SP,UNDERIDE,ROLLOVER,ROLINLOC,IMPACT1,DEFORMED,TOWED,M_HARM,VEH_SC1,VEH_SC2,FIRE_EXP,DR_PRES,L_STATE,DR_ZIP,L_STATUS,L_TYPE,CDL_STAT,L_ENDORS,L_COMPL,L_RESTRI,DR_HGT,DR_WGT,PREV_ACC,PREV_SUS,PREV_DWI,PREV_SPD,PREV_OTH,FIRST_MO,FIRST_YR,LAST_MO,LAST_YR,SPEEDREL,DR_SF1,DR_SF2,DR_SF3,DR_SF4,VTRAFWAY,VNUM_LAN,VSPD_LIM,VALIGN,VPROFILE,VPAVETYP,VSURCOND,VTRAFCON,VTCONT_F,P_CRASH1,P_CRASH2,P_CRASH3,PCRASH4,PCRASH5,ACC_TYPE,DEATHS,DR_DRINK
4.0,40075.0,1.0,2.0,1.0,10.0,2.0,17.0,27.0,12.0,2.0,1.0,0.0,4.0,1.0,72.0,706.0,72706.0,80.0,2006.0,1HD1FCW196Y6,1,H,D,1,F,C,W,1,9,6,Y,6,0.0,M,HD,FLU,RS,6.0,17.0,nan,nan,nan,nan,,,1450.0,,2,,4,788,,,,,,,0.0,0.0,000000000,00000000000,0.0,0.0,0.0,1.0,0.0,0.0,0.0,0.0,0.0,0.0,0.0,40.0,0.0,0.0,0.0,12.0,6.0,2.0,12.0,0.0,0.0,0.0,1.0,4.0,85730.0,6.0,1.0,0.0,0.0,3.0,3.0,68.0,185.0,0.0,0.0,0.0,0.0,0.0,0.0,0.0,0.0,0.0,0.0,28.0,0.0,0.0,0.0,1.0,2.0,50.0,2.0,1.0,2.0,1.0,0.0,0.0,14.0,10.0,3.0,2.0,2.0,50.0,1.0,0.0
4.0,40075.0,2.0,2.0,2.0,10.0,2.0,17.0,27.0,12.0,2.0,1.0,0.0,4.0,1.0,20.0,481.0,20481.0,31.0,1993.0,2GCEC19Z0P11,2,G,C,E,C,1,9,Z,0,P,1,1,0.0,T,CHEV,GC1,PC,93.0,17.0,nan,2.0,1555.0,1415.0,GM4,G,nan,,6,262,,,,B,3998,02,,42,0.0,0.0,000000000,00000000000,0.0,0.0,0.0,1.0,0.0,0.0,0.0,0.0,0.0,0.0,0.0,30.0,0.0,0.0,0.0,12.0,6.0,2.0,12.0,0.0,0.0,0.0,1.0,4.0,85757.0,6.0,1.0,0.0,0.0,3.0,3.0,72.0,190.0,0.0,0.0,0.0,1.0,0.0,10.0,2010.0,10.0,2010.0,0.0,0.0,0.0,0.0,0.0,1.0,2.0,50.0,3.0,1.0,2.0,1.0,0.0,0.0,14.0,62.0,1.0,1.0,1.0,51.0,0.0,0.0
4.0,40076.0,1.0,1.0,1.0,11.0,2.0,99.0,99.0,24.0,0.0,1.0,0.0,4.0,2.0,20.0,481.0,20481.0,31.0,2006.0,1GCHC23U26F2,1,G,C,H,C,2,3,U,2,6,F,2,0.0,T,CHEV,2CH,CW,6.0,17.0,nan,2.0,1670.0,1530.0,SIL,G,nan,,8,366,,,,C,5594,02,,42,0.0,0.0,000000000,00000000000,0.0,0.0,0.0,1.0,0.0,0.0,0.0,0.0,0.0,0.0,0.0,75.0,0.0,1.0,5.0,81.0,6.0,2.0,1.0,0.0,0.0,0.0,1.0,4.0,85653.0,6.0,1.0,0.0,0.0,3.0,0.0,73.0,180.0,0.0,0.0,0.0,0.0,0.0,0.0,0.0,0.0,0.0,1.0,58.0,0.0,0.0,0.0,1.0,2.0,55.0,1.0,1.0,2.0,1.0,0.0,0.0,1.0,13.0,1.0,1.0,4.0,1.0,1.0,1.0
4.0,40077.0,1.0,1.0,1.0,12.0,2.0,17.0,11.0,9.0,0.0,1.0,0.0,4.0,2.0,35.0,39.0,35039.0,4.0,2005.0,1N4BA41E45C8,1,N,4,B,A,4,1,E,4,5,C,8,0.0,P,NISS,MEL,4D,5.0,17.0,3321.0,nan,0.0,1112.0,,G,nan,F,6,214,,,17R225,,,,,,0.0,0.0,000000000,00000000000,0.0,0.0,0.0,1.0,0.0,0.0,0.0,0.0,0.0,0.0,0.0,7.0,0.0,0.0,0.0,12.0,2.0,1.0,9.0,0.0,0.0,0.0,1.0,4.0,85364.0,6.0,1.0,0.0,0.0,3.0,0.0,62.0,165.0,0.0,0.0,0.0,0.0,0.0,0.0,0.0,0.0,0.0,0.0,48.0,0.0,0.0,0.0,5.0,4.0,45.0,1.0,1.0,2.0,1.0,3.0,3.0,11.0,83.0,1.0,1.0,1.0,13.0,0.0,0.0
4.0,40078.0,1.0,2.0,1.0,15.0,2.0,13.0,27.0,12.0,7.0,1.0,0.0,4.0,1.0,49.0,401.0,49401.0,14.0,1999.0,JT3HN86R3X02,J,T,3,H,N,8,6,R,3,X,0,2,0.0,P,TOYT,RUN,UT,99.0,17.0,3930.0,nan,0.0,1053.0,,G,nan,F,6,206,,,15R225,,,,,,0.0,0.0,000000000,00000000000,0.0,0.0,0.0,1.0,0.0,0.0,0.0,0.0,0.0,0.0,0.0,65.0,0.0,1.0,1.0,99.0,6.0,2.0,1.0,0.0,0.0,0.0,1.0,4.0,85225.0,6.0,1.0,0.0,0.0,3.0,0.0,70.0,175.0,0.0,0.0,0.0,0.0,0.0,0.0,0.0,0.0,0.0,0.0,28.0,0.0,0.0,0.0,3.0,3.0,65.0,1.0,1.0,2.0,1.0,0.0,0.0,6.0,9.0,1.0,9.0,2.0,46.0,1.0,0.0
4.0,40078.0,2.0,2.0,1.0,15.0,2.0,13.0,27.0,12.0,7.0,1.0,0.0,4.0,1.0,20.0,2.0,20002.0,4.0,2011.0,2G1WB5EK3B11,2,G,1,W,B,5,E,K,3,B,1,1,0.0,P,CHEV,IMT,4D,11.0,17.0,3555.0,nan,0.0,1105.0,,F,nan,F,6,214,,,17R225,,,,,,0.0,0.0,000000000,00000000000,0.0,0.0,0.0,1.0,0.0,0.0,0.0,0.0,0.0,0.0,0.0,68.0,0.0,0.0,0.0,63.0,6.0,2.0,12.0,0.0,0.0,0.0,1.0,4.0,85225.0,6.0,1.0,0.0,0.0,3.0,3.0,64.0,110.0,0.0,0.0,0.0,1.0,0.0,3.0,2009.0,3.0,2009.0,0.0,0.0,0.0,0.0,0.0,3.0,3.0,65.0,1.0,1.0,2.0,1.0,0.0,0.0,1.0,60.0,1.0,1.0,1.0,45.0,0.0,0.0
4.0,40079.0,1.0,1.0,2.0,18.0,2.0,17.0,56.0,34.0,0.0,1.0,0.0,4.0,2.0,20.0,421.0,20421.0,15.0,2002.0,1GNEK13Z82J2,1,G,N,E,K,1,3,Z,8,2,J,2,0.0,P,CHEV,KTA,UT,2.0,17.0,5050.0,nan,0.0,1160.0,,F,nan,F,8,325,,,16R265,,,,,,0.0,0.0,000000000,00000000000,0.0,0.0,0.0,1.0,0.0,0.0,0.0,0.0,0.0,0.0,0.0,35.0,0.0,1.0,5.0,14.0,6.0,2.0,1.0,0.0,0.0,0.0,1.0,4.0,85383.0,6.0,1.0,0.0,0.0,3.0,0.0,62.0,105.0,0.0,0.0,0.0,1.0,0.0,12.0,2011.0,12.0,2011.0,1.0,0.0,0.0,0.0,0.0,1.0,2.0,99.0,2.0,6.0,5.0,1.0,0.0,0.0,14.0,5.0,1.0,9.0,4.0,7.0,1.0,0.0
4.0,40080.0,1.0,1.0,3.0,19.0,2.0,6.0,18.0,1.0,0.0,1.0,0.0,4.0,2.0,37.0,402.0,37402.0,14.0,2003.0,JHLRD68413C0,J,H,L,R,D,6,8,4,1,3,C,0,0.0,P,HOND,CRV,UT,3.0,17.0,3201.0,nan,0.0,1031.0,,G,nan,F,4,146,,,15R205,,,,,,0.0,0.0,000000000,00000000000,0.0,0.0,0.0,1.0,0.0,0.0,0.0,0.0,0.0,0.0,0.0,998.0,0.0,1.0,3.0,0.0,6.0,2.0,1.0,0.0,0.0,0.0,1.0,4.0,85351.0,6.0,1.0,0.0,0.0,3.0,3.0,70.0,180.0,0.0,0.0,0.0,0.0,0.0,0.0,0.0,0.0,0.0,1.0,0.0,0.0,0.0,0.0,2.0,2.0,65.0,1.0,1.0,2.0,1.0,0.0,0.0,1.0,9.0,1.0,3.0,4.0,7.0,2.0,0.0
4.0,40081.0,1.0,1.0,2.0,19.0,2.0,8.0,59.0,1.0,0.0,1.0,0.0,4.0,1.0,49.0,50.0,49050.0,3.0,2006.0,JTKDE1773601,J,T,K,D,E,1,7,7,3,6,0,1,0.0,P,TOYT,SXC,2H,6.0,17.0,2905.0,nan,0.0,1063.0,,G,nan,F,4,144,,,17R215,,,,,,0.0,0.0,000000000,00000000000,0.0,0.0,0.0,1.0,0.0,0.0,0.0,0.0,0.0,0.0,0.0,998.0,0.0,1.0,3.0,0.0,6.0,2.0,1.0,0.0,0.0,0.0,1.0,4.0,85756.0,1.0,1.0,0.0,0.0,2.0,0.0,60.0,110.0,0.0,2.0,0.0,0.0,2.0,3.0,2011.0,8.0,2011.0,1.0,0.0,0.0,0.0,0.0,2.0,2.0,65.0,1.0,1.0,2.0,1.0,0.0,0.0,1.0,6.0,8.0,4.0,4.0,7.0,1.0,0.0
4.0,40082.0,1.0,1.0,1.0,20.0,2.0,22.0,3.0,1.0,0.0,1.0,0.0,4.0,1.0,35.0,471.0,35471.0,30.0,1995.0,1N6SD11S2SC3,1,N,6,S,D,1,1,S,2,S,C,3,0.0,T,NISS,EXE,PK,95.0,17.0,nan,1.0,0.0,1043.0,TRK,G,nan,,4,146,,,,B,2728,01,A,42,0.0,0.0,000000000,00000000000,0.0,0.0,0.0,1.0,0.0,0.0,0.0,0.0,0.0,0.0,0.0,45.0,0.0,1.0,5.0,0.0,6.0,2.0,1.0,0.0,0.0,0.0,1.0,4.0,86433.0,6.0,1.0,0.0,0.0,3.0,0.0,64.0,200.0,0.0,0.0,0.0,0.0,0.0,0.0,0.0,0.0,0.0,0.0,0.0,0.0,0.0,0.0,1.0,2.0,45.0,1.0,6.0,2.0,1.0,0.0,0.0,1.0,9.0,7.0,3.0,4.0,2.0,1.0,1.0
4.0,40083.0,1.0,1.0,1.0,22.0,2.0,9.0,56.0,42.0,0.0,1.0,0.0,4.0,2.0,2.0,404.0,2404.0,14.0,1995.0,1J4GZ78Y1SC7,1,J,4,G,Z,7,8,Y,1,S,C,7,0.0,T,JEEP,L/O,4W,95.0,17.0,nan,1.0,0.0,1059.0,GCK,G,nan,,8,318,,,,,3552,00,M,44,0.0,0.0,000000000,00000000000,0.0,0.0,0.0,1.0,0.0,0.0,0.0,0.0,0.0,0.0,0.0,75.0,0.0,1.0,3.0,98.0,6.0,2.0,1.0,0.0,0.0,0.0,1.0,4.0,85621.0,6.0,1.0,0.0,0.0,3.0,3.0,60.0,188.0,0.0,0.0,0.0,0.0,0.0,0.0,0.0,0.0,0.0,0.0,99.0,99.0,99.0,99.0,2.0,2.0,75.0,1.0,6.0,2.0,1.0,0.0,0.0,15.0,9.0,1.0,4.0,4.0,7.0,1.0,0.0
4.0,40084.0,1.0,1.0,1.0,22.0,2.0,20.0,18.0,8.0,0.0,1.0,0.0,4.0,2.0,41.0,50.0,41050.0,4.0,2006.0,1YVFP80C465M,1,Y,V,F,P,8,0,C,4,6,5,M,0.0,P,MAZD,M6I,4D,6.0,17.0,3091.0,nan,0.0,1053.0,,G,nan,F,4,138,,,16R205,,,,,,0.0,0.0,000000000,00000000000,0.0,0.0,0.0,1.0,0.0,0.0,0.0,0.0,0.0,0.0,0.0,42.0,0.0,0.0,0.0,12.0,4.0,3.0,8.0,0.0,0.0,0.0,1.0,4.0,85043.0,6.0,1.0,0.0,0.0,3.0,3.0,72.0,160.0,0.0,0.0,0.0,0.0,0.0,0.0,0.0,0.0,0.0,0.0,0.0,0.0,0.0,0.0,5.0,3.0,45.0,1.0,1.0,2.0,1.0,0.0,0.0,1.0,80.0,1.0,1.0,1.0,13.0,0.0,0.0
4.0,40085.0,1.0,2.0,1.0,24.0,2.0,7.0,13.0,12.0,2.0,1.0,0.0,6.0,1.0,35.0,472.0,35472.0,30.0,2001.0,1N6DD26S51C3,1,N,6,D,D,2,6,S,5,1,C,3,0.0,T,NISS,FKX,PC,1.0,17.0,nan,1.0,0.0,1161.0,FRT,G,nan,,4,146,,,,B,3089,01,U,42,0.0,0.0,000000000,00000000000,0.0,0.0,0.0,1.0,0.0,0.0,0.0,0.0,0.0,0.0,0.0,42.0,0.0,0.0,0.0,12.0,6.0,2.0,12.0,0.0,0.0,0.0,1.0,4.0,85364.0,6.0,1.0,0.0,0.0,3.0,0.0,69.0,190.0,0.0,0.0,0.0,0.0,0.0,0.0,0.0,0.0,0.0,1.0,28.0,0.0,0.0,0.0,1.0,2.0,25.0,1.0,1.0,2.0,1.0,0.0,0.0,1.0,10.0,1.0,1.0,2.0,50.0,1.0,0.0
4.0,40085.0,2.0,2.0,3.0,24.0,2.0,7.0,13.0,12.0,2.0,1.0,0.0,4.0,1.0,6.0,52.0,6052.0,6.0,2001.0,3C4FY4BB91T6,3,C,4,F,Y,4,B,B,9,1,T,6,0.0,P,CHRY,PTC,SV,1.0,17.0,3109.0,nan,0.0,1030.0,,G,nan,F,4,148,,,15R195,,,,,,0.0,0.0,000000000,00000000000,0.0,0.0,0.0,1.0,0.0,0.0,0.0,0.0,0.0,0.0,0.0,22.0,0.0,0.0,0.0,12.0,6.0,2.0,12.0,0.0,0.0,0.0,1.0,4.0,85364.0,6.0,1.0,0.0,0.0,3.0,0.0,62.0,150.0,0.0,0.0,0.0,1.0,0.0,9.0,2010.0,9.0,2010.0,0.0,0.0,0.0,0.0,0.0,1.0,2.0,25.0,1.0,1.0,2.0,1.0,0.0,0.0,1.0,62.0,1.0,1.0,1.0,51.0,1.0,0.0
4.0,40086.0,1.0,2.0,3.0,24.0,2.0,16.0,57.0,12.0,7.0,1.0,0.0,0.0,0.0,20.0,16.0,20016.0,2.0,1989.0,1G1JF11W2K72,1,G,1,J,F,1,1,W,2,K,7,2,0.0,P,CHEV,CZ2,CP,89.0,17.0,2678.0,nan,0.0,1012.0,,G,nan,F,6,173,,,14R215,,,,,,0.0,0.0,000000000,00000000000,0.0,0.0,0.0,1.0,0.0,0.0,0.0,0.0,0.0,0.0,0.0,998.0,0.0,1.0,1.0,1.0,6.0,2.0,1.0,0.0,0.0,0.0,1.0,4.0,86514.0,0.0,0.0,0.0,0.0,0.0,0.0,69.0,134.0,0.0,0.0,0.0,0.0,0.0,0.0,0.0,0.0,0.0,1.0,37.0,35.0,0.0,0.0,1.0,2.0,65.0,2.0,5.0,2.0,1.0,0.0,0.0,6.0,11.0,7.0,9.0,2.0,46.0,1.0,1.0
4.0,40086.0,2.0,2.0,1.0,24.0,2.0,16.0,57.0,12.0,7.0,1.0,0.0,4.0,1.0,20.0,481.0,20481.0,31.0,1995.0,2GCEC19H4S12,2,G,C,E,C,1,9,H,4,S,1,2,0.0,T,CHEV,GC1,PC,95.0,17.0,nan,2.0,1555.0,1415.0,GM4,G,nan,,8,305,,,,B,4071,02,,42,0.0,0.0,000000000,00000000000,0.0,0.0,0.0,1.0,0.0,0.0,0.0,0.0,0.0,0.0,0.0,998.0,0.0,0.0,0.0,7.0,6.0,2.0,12.0,0.0,0.0,0.0,1.0,4.0,86535.0,6.0,1.0,0.0,0.0,3.0,0.0,66.0,164.0,0.0,0.0,0.0,0.0,0.0,0.0,0.0,0.0,0.0,0.0,0.0,0.0,0.0,0.0,1.0,2.0,65.0,2.0,5.0,2.0,1.0,0.0,0.0,14.0,60.0,1.0,1.0,1.0,45.0,0.0,0.0
4.0,40087.0,1.0,1.0,1.0,24.0,2.0,17.0,28.0,1.0,0.0,1.0,0.0,4.0,1.0,12.0,16.0,12016.0,4.0,2006.0,2FAFP74W66X1,2,F,A,F,P,7,4,W,6,6,X,1,0.0,P,FORD,CVR,4D,6.0,17.0,3964.0,nan,0.0,1147.0,,G,nan,F,8,281,,,16R225,,,,,,0.0,0.0,000000000,00000000000,0.0,0.0,0.0,1.0,0.0,0.0,0.0,0.0,0.0,0.0,0.0,65.0,0.0,1.0,6.0,0.0,6.0,2.0,1.0,0.0,0.0,0.0,1.0,4.0,86337.0,2.0,1.0,0.0,0.0,2.0,3.0,72.0,150.0,0.0,4.0,0.0,0.0,0.0,3.0,2009.0,2.0,2012.0,0.0,58.0,0.0,0.0,0.0,1.0,2.0,65.0,3.0,5.0,2.0,1.0,40.0,3.0,14.0,9.0,7.0,9.0,4.0,2.0,1.0,0.0
4.0,40088.0,1.0,3.0,1.0,25.0,2.0,0.0,30.0,12.0,1.0,1.0,0.0,4.0,1.0,7.0,24.0,7024.0,4.0,2007.0,2B3KA53H37H6,2,B,3,K,A,5,3,H,3,7,H,6,0.0,P,DODG,CHR,4D,7.0,17.0,3976.0,nan,0.0,1200.0,,G,nan,F,8,348,,,18R225,,,,,,0.0,0.0,000000000,00000000000,0.0,0.0,0.0,1.0,0.0,0.0,0.0,0.0,0.0,0.0,0.0,998.0,0.0,0.0,0.0,12.0,6.0,2.0,12.0,0.0,0.0,0.0,1.0,4.0,85710.0,6.0,1.0,0.0,0.0,3.0,0.0,67.0,180.0,0.0,2.0,1.0,0.0,0.0,9.0,2010.0,9.0,2010.0,1.0,89.0,0.0,0.0,0.0,3.0,2.0,55.0,1.0,1.0,2.0,1.0,40.0,3.0,1.0,51.0,1.0,1.0,1.0,24.0,0.0,1.0
4.0,40088.0,2.0,3.0,2.0,25.0,2.0,0.0,30.0,12.0,1.0,1.0,0.0,4.0,2.0,20.0,2.0,20002.0,4.0,2007.0,2G1WB58K6793,2,G,1,W,B,5,8,K,6,7,9,3,0.0,P,CHEV,IPL,4D,7.0,17.0,3674.0,nan,0.0,1105.0,,F,nan,F,6,214,,,16R225,,,,,,0.0,0.0,000000000,00000000000,0.0,0.0,0.0,1.0,0.0,0.0,0.0,0.0,0.0,0.0,0.0,55.0,0.0,0.0,0.0,6.0,6.0,2.0,12.0,0.0,0.0,0.0,1.0,4.0,85203.0,6.0,1.0,0.0,0.0,3.0,3.0,66.0,145.0,0.0,0.0,0.0,1.0,0.0,3.0,2011.0,3.0,2011.0,0.0,0.0,0.0,0.0,0.0,3.0,2.0,55.0,1.0,1.0,2.0,1.0,40.0,3.0,1.0,53.0,1.0,1.0,1.0,25.0,1.0,0.0
4.0,40088.0,3.0,3.0,1.0,25.0,2.0,0.0,30.0,12.0,1.0,1.0,0.0,4.0,1.0,12.0,402.0,12402.0,14.0,2001.0,1FMCU04151KD,1,F,M,C,U,0,4,1,5,1,K,D,0.0,P,FORD,SPE,UT,1.0,17.0,3186.0,nan,0.0,1031.0,,G,nan,F,6,181,,,15R225,,,,,,0.0,0.0,000000000,00000000000,0.0,0.0,0.0,1.0,0.0,0.0,0.0,0.0,0.0,0.0,0.0,55.0,0.0,0.0,0.0,6.0,6.0,2.0,12.0,0.0,0.0,0.0,1.0,4.0,85602.0,6.0,1.0,0.0,0.0,3.0,3.0,72.0,180.0,0.0,0.0,0.0,0.0,0.0,0.0,0.0,0.0,0.0,0.0,0.0,0.0,0.0,0.0,3.0,2.0,55.0,1.0,1.0,2.0,1.0,40.0,3.0,1.0,60.0,1.0,1.0,1.0,98.0,0.0,0.0
4.0,40089.0,1.0,2.0,1.0,25.0,2.0,15.0,3.0,12.0,2.0,1.0,0.0,4.0,1.0,37.0,706.0,37706.0,80.0,2004.0,1HFSC52144A1,1,H,F,S,C,5,2,1,4,4,A,1,0.0,M,HOND,V13,RS,4.0,17.0,nan,nan,nan,nan,,,1312.0,,2,,4,999,,,,,,,0.0,0.0,000000000,00000000000,0.0,0.0,0.0,1.0,0.0,0.0,0.0,0.0,0.0,0.0,0.0,25.0,0.0,0.0,0.0,12.0,6.0,2.0,12.0,0.0,0.0,0.0,1.0,4.0,85743.0,6.0,1.0,0.0,0.0,3.0,0.0,61.0,115.0,0.0,0.0,0.0,0.0,0.0,0.0,0.0,0.0,0.0,0.0,28.0,0.0,0.0,0.0,1.0,2.0,35.0,8.0,5.0,2.0,1.0,0.0,0.0,1.0,10.0,1.0,1.0,2.0,50.0,1.0,0.0
4.0,40089.0,2.0,2.0,2.0,25.0,2.0,15.0,3.0,12.0,2.0,1.0,0.0,5.0,1.0,49.0,43.0,49043.0,4.0,2001.0,4T1BF28BX1U1,4,T,1,B,F,2,8,B,X,1,U,1,0.0,P,TOYT,UVS,4D,1.0,17.0,3428.0,nan,0.0,1071.0,,G,nan,F,6,183,,,15R205,,,,,,0.0,0.0,000000000,00000000000,0.0,0.0,0.0,1.0,0.0,0.0,0.0,0.0,0.0,0.0,0.0,30.0,0.0,0.0,0.0,12.0,6.0,2.0,12.0,0.0,0.0,0.0,1.0,6.0,95628.0,6.0,1.0,0.0,0.0,3.0,3.0,71.0,175.0,0.0,0.0,0.0,0.0,0.0,0.0,0.0,0.0,0.0,0.0,0.0,0.0,0.0,0.0,1.0,2.0,35.0,8.0,6.0,2.0,1.0,0.0,0.0,1.0,62.0,4.0,1.0,1.0,51.0,0.0,0.0
4.0,40090.0,1.0,1.0,2.0,27.0,2.0,4.0,25.0,43.0,0.0,1.0,0.0,4.0,2.0,63.0,34.0,63034.0,4.0,2004.0,KNAGD126X453,K,N,A,G,D,1,2,6,X,4,5,3,0.0,P,KIA,OLE,4D,4.0,17.0,3281.0,nan,0.0,1063.0,,G,nan,F,4,144,,,15R205,,,,,,0.0,0.0,000000000,00000000000,0.0,0.0,0.0,1.0,0.0,0.0,0.0,0.0,0.0,0.0,0.0,998.0,0.0,1.0,5.0,14.0,6.0,2.0,1.0,0.0,0.0,0.0,1.0,4.0,86040.0,6.0,1.0,0.0,0.0,3.0,0.0,69.0,188.0,0.0,0.0,0.0,0.0,0.0,0.0,0.0,0.0,0.0,1.0,0.0,0.0,0.0,0.0,1.0,2.0,98.0,1.0,1.0,2.0,1.0,0.0,0.0,1.0,9.0,7.0,3.0,4.0,7.0,1.0,1.0
4.0,40091.0,1.0,1.0,2.0,27.0,2.0,20.0,59.0,42.0,0.0,1.0,0.0,4.0,1.0,7.0,18.0,7018.0,4.0,1992.0,1B3XC56R2ND7,1,B,3,X,C,5,6,R,2,N,D,7,0.0,P,DODG,DLE,4D,92.0,17.0,2987.0,nan,0.0,1045.0,,G,nan,F,6,201,,,14R195,,,,,,0.0,0.0,000000000,00000000000,0.0,0.0,0.0,1.0,0.0,0.0,0.0,0.0,0.0,0.0,0.0,75.0,0.0,0.0,0.0,9.0,6.0,2.0,42.0,0.0,0.0,0.0,1.0,4.0,86409.0,6.0,1.0,0.0,0.0,3.0,3.0,61.0,112.0,0.0,0.0,0.0,0.0,0.0,0.0,0.0,0.0,0.0,1.0,58.0,0.0,0.0,0.0,6.0,1.0,75.0,1.0,6.0,2.0,1.0,0.0,0.0,1.0,9.0,7.0,3.0,4.0,2.0,1.0,0.0
4.0,40092.0,1.0,2.0,2.0,28.0,2.0,6.0,55.0,12.0,6.0,1.0,0.0,4.0,1.0,7.0,472.0,7472.0,30.0,1992.0,1B7GL26X9NS5,1,B,7,G,L,2,6,X,9,N,S,5,0.0,T,DODG,DAK,PK,92.0,17.0,nan,1.0,1239.0,1119.0,DAK,G,nan,,6,239,,,,B,2890,01,A,42,0.0,0.0,000000000,00000000000,0.0,0.0,0.0,1.0,0.0,0.0,0.0,0.0,0.0,0.0,0.0,7.0,0.0,0.0,0.0,2.0,6.0,2.0,12.0,0.0,0.0,0.0,1.0,4.0,85364.0,6.0,1.0,0.0,0.0,3.0,0.0,65.0,210.0,0.0,0.0,0.0,0.0,0.0,0.0,0.0,0.0,0.0,0.0,38.0,0.0,0.0,0.0,5.0,4.0,55.0,1.0,1.0,2.0,1.0,3.0,3.0,11.0,15.0,1.0,1.0,1.0,68.0,0.0,0.0
4.0,40092.0,2.0,2.0,1.0,28.0,2.0,6.0,55.0,12.0,6.0,1.0,0.0,4.0,1.0,37.0,706.0,37706.0,80.0,1983.0,1HFSC021XDA3,1,H,F,S,C,0,2,1,X,D,A,3,0.0,M,HOND,G1I,RS,83.0,17.0,nan,nan,nan,nan,,,1100.0,,4,,4,686,,,,,,,0.0,0.0,000000000,00000000000,0.0,0.0,0.0,1.0,0.0,0.0,0.0,0.0,0.0,0.0,0.0,52.0,0.0,0.0,0.0,12.0,6.0,2.0,12.0,0.0,0.0,0.0,1.0,4.0,85365.0,6.0,1.0,0.0,0.0,2.0,3.0,72.0,260.0,0.0,0.0,0.0,0.0,0.0,0.0,0.0,0.0,0.0,0.0,0.0,0.0,0.0,0.0,5.0,4.0,55.0,1.0,1.0,2.0,1.0,3.0,3.0,1.0,62.0,1.0,1.0,1.0,69.0,1.0,0.0
4.0,40093.0,1.0,2.0,1.0,29.0,2.0,9.0,10.0,12.0,6.0,1.0,0.0,4.0,1.0,12.0,481.0,12481.0,31.0,2000.0,1FTZX1729YNC,1,F,T,Z,X,1,7,2,9,Y,N,C,0.0,T,FORD,F15,4C,0.0,17.0,nan,1.0,1571.0,1385.0,COF,G,nan,,6,256,,,,B,4204,05,U,42,0.0,0.0,000000000,00000000000,0.0,0.0,0.0,1.0,0.0,0.0,0.0,0.0,0.0,0.0,0.0,35.0,0.0,0.0,0.0,12.0,6.0,2.0,12.0,0.0,0.0,0.0,1.0,4.0,85037.0,6.0,1.0,0.0,0.0,3.0,0.0,73.0,170.0,1.0,0.0,0.0,0.0,1.0,8.0,2010.0,9.0,2010.0,0.0,39.0,89.0,0.0,0.0,1.0,2.0,35.0,1.0,1.0,2.0,1.0,3.0,3.0,1.0,17.0,1.0,1.0,1.0,88.0,0.0,0.0
4.0,40093.0,2.0,2.0,2.0,29.0,2.0,9.0,10.0,12.0,6.0,1.0,0.0,4.0,1.0,20.0,37.0,20037.0,4.0,2012.0,1G1ZB5E02CF2,1,G,1,Z,B,5,E,0,2,C,F,2,0.0,P,CHEV,M/L,4D,12.0,17.0,3415.0,nan,0.0,1123.0,,G,nan,F,4,146,,,17R215,,,,,,0.0,0.0,000000000,00000000000,0.0,0.0,0.0,1.0,0.0,0.0,0.0,0.0,0.0,0.0,0.0,40.0,0.0,0.0,0.0,62.0,6.0,2.0,12.0,0.0,0.0,0.0,1.0,4.0,85041.0,6.0,1.0,0.0,0.0,3.0,0.0,65.0,180.0,0.0,0.0,0.0,0.0,0.0,0.0,0.0,0.0,0.0,0.0,0.0,0.0,0.0,0.0,5.0,4.0,40.0,1.0,1.0,2.0,1.0,3.0,3.0,1.0,66.0,1.0,1.0,1.0,89.0,1.0,0.0